INFO: --force given; rebuilding over the existing install.
=== nvkvm QEMU build ===
QEMU version : 9.2.0
Source tree  : /opt/qemu-src
Install path : /opt/qemu-nvkvm

[1/9] Checking build dependencies...
  all present
[1b/9] Building the isolate stub (nvkvm_stub + nvkvm_stub_bin.h)...
make: Entering directory '/srv/nvkvm-pv/src/stub'
make: Nothing to be done for 'all'.
make: Leaving directory '/srv/nvkvm-pv/src/stub'
  stub installed at /usr/lib/nvkvm/nvkvm_stub (runtime fallback)
[2/9] QEMU source already present at /opt/qemu-src — skipping clone.
[3/9] Applying the QEMU patch series...
  already applied: 0001-meson-register-virtio-nvgpu-sources.patch
  already applied: 0002-virtio-add-virtio-nvgpu-to-device-name-table.patch
  already applied: 0003-egl-helpers-import-dmabuf-via-texstorage.patch
  already applied: 0004-console-do-not-abort-on-deviceless-console.patch
  already applied: 0005-gtk-switch-to-guest-display-when-it-goes-live.patch
  already applied: 0006-gtk-no-implicit-grab-on-click.patch
  already applied: 0007-gtk-grab-switches-the-guest-pointing-device.patch
  already applied: 0008-sdl2-show-the-guest-gpu-head.patch
  already applied: 0009-sdl2-grab-switches-the-guest-pointing-device.patch
  applied: 0010-kvm-retry-a-bare-KVM_RUN-EFAULT.patch
[4/9] Copying nvkvm QEMU source files to /opt/qemu-src/hw/misc/...
[5/9] Copying ABI and common headers to /opt/qemu-src/hw/misc/nvkvm_inc/...
[6/9] Fixing include paths in copied files...
  NVKVM_QEMU_UI=1 -> building with GTK + SDL window backends.
[7/9] Configuring QEMU (target: x86_64-softmmu, KVM only)...
Using './build' as the directory for build output
python determined to be '/usr/bin/python3'
python version: Python 3.14.4
mkvenv: Creating non-isolated virtual environment at 'pyvenv'
mkvenv: checking for meson>=1.5.0
mkvenv: checking for pycotap>=1.1.0
mkvenv: installing pycotap==1.3.1
mkvenv: checking for sphinx>=3.4.3
mkvenv: checking for sphinx_rtd_theme>=0.5

'sphinx==5.3.0' not found:
 • Python package 'sphinx' was not found nor installed.
 • mkvenv was configured to operate offline and did not check PyPI.


Sphinx not found/usable, disabling docs.
The Meson build system
Version: 1.10.1
Source dir: /opt/qemu-src
Build dir: /opt/qemu-src/build
Build type: native build
Project name: qemu
Project version: 9.2.0
C compiler for the host machine: cc -m64 (gcc 15.2.0 "cc (Ubuntu 15.2.0-16ubuntu1) 15.2.0")
C linker for the host machine: cc -m64 ld.bfd 2.46
Host machine cpu family: x86_64
Host machine cpu: x86_64
Program scripts/symlink-install-tree.py found: YES (/opt/qemu-src/build/pyvenv/bin/python3 /opt/qemu-src/scripts/symlink-install-tree.py)
Program sh found: YES (/usr/bin/sh)
Program python3 found: YES (/opt/qemu-src/build/pyvenv/bin/python3)
Compiler for language rust skipped: feature rust disabled
Program iasl found: NO
Program bzip2 found: YES (/usr/bin/bzip2)
Compiler for C supports link arguments -Wl,-z,relro: YES 
Compiler for C supports link arguments -Wl,-z,now: YES 
Checking if "-fzero-call-used-regs=used-gpr" compiles: YES 
Compiler for C supports arguments -ftrivial-auto-var-init=zero: YES 
Compiler for C supports arguments -fzero-call-used-regs=used-gpr: YES 
Compiler for C supports arguments -Wempty-body: YES 
Compiler for C supports arguments -Wendif-labels: YES 
Compiler for C supports arguments -Wexpansion-to-defined: YES 
Compiler for C supports arguments -Wformat-security: YES 
Compiler for C supports arguments -Wformat-y2k: YES 
Compiler for C supports arguments -Wignored-qualifiers: YES 
Compiler for C supports arguments -Wimplicit-fallthrough=2: YES 
Compiler for C supports arguments -Winit-self: YES 
Compiler for C supports arguments -Wmissing-format-attribute: YES 
Compiler for C supports arguments -Wmissing-prototypes: YES 
Compiler for C supports arguments -Wnested-externs: YES 
Compiler for C supports arguments -Wold-style-declaration: YES 
Compiler for C supports arguments -Wold-style-definition: YES 
Compiler for C supports arguments -Wredundant-decls: YES 
Compiler for C supports arguments -Wshadow=local: YES 
Compiler for C supports arguments -Wstrict-prototypes: YES 
Compiler for C supports arguments -Wtype-limits: YES 
Compiler for C supports arguments -Wundef: YES 
Compiler for C supports arguments -Wvla: YES 
Compiler for C supports arguments -Wwrite-strings: YES 
Compiler for C supports arguments -Wno-gnu-variable-sized-type-not-at-end: NO 
Compiler for C supports arguments -Wno-initializer-overrides: NO 
Compiler for C supports arguments -Wno-missing-include-dirs: YES 
Compiler for C supports arguments -Wno-psabi: YES 
Compiler for C supports arguments -Wno-shift-negative-value: YES 
Compiler for C supports arguments -Wno-string-plus-int: NO 
Compiler for C supports arguments -Wno-tautological-type-limit-compare: NO 
Compiler for C supports arguments -Wno-typedef-redefinition: NO 
Program cgcc found: NO
Library m found: YES
Run-time dependency threads found: YES
Library util found: YES
Run-time dependency appleframeworks found: NO (tried framework)
Found pkg-config: YES (/usr/bin/pkg-config) 2.5.1
Run-time dependency xencontrol found: NO (tried pkgconfig)
Library xenstore found: NO
Library xenctrl found: NO
Library xendevicemodel found: NO
Library xenforeignmemory found: NO
Library xengnttab found: NO
Library xenevtchn found: NO
Library xentoolcore found: NO
Run-time dependency glib-2.0 found: YES 2.88.0
Run-time dependency gmodule-no-export-2.0 found: YES 2.88.0
Run-time dependency gio-2.0 found: YES 2.88.0
Program gdbus-codegen found: YES (/usr/bin/gdbus-codegen)
Run-time dependency gio-unix-2.0 found: YES 2.88.0
Program scripts/xml-preprocess.py found: YES (/opt/qemu-src/build/pyvenv/bin/python3 /opt/qemu-src/scripts/xml-preprocess.py)
Run-time dependency pixman-1 found: YES 0.46.4
Run-time dependency zlib found: YES 1.3.1
Has header "libaio.h" : NO 
Run-time dependency liburing found: NO (tried pkgconfig)
Run-time dependency libnfs found: NO (tried pkgconfig)
Run-time dependency appleframeworks found: NO (tried framework)
Run-time dependency appleframeworks found: NO (tried framework)
Run-time dependency libseccomp found: YES 2.6.0
Header "seccomp.h" has symbol "SCMP_FLTATR_API_SYSRAWRC" with dependency libseccomp: YES 
Has header "cap-ng.h" : NO 
Run-time dependency xkbcommon found: YES 1.13.1
Run-time dependency slirp found: YES 4.9.1
Has header "libvdeplug.h" : NO 
Run-time dependency libpulse found: YES 17.0
Run-time dependency alsa found: YES 1.2.15.3
Run-time dependency jack found: NO (tried pkgconfig)
Run-time dependency libpipewire-0.3 found: NO (tried pkgconfig)
Run-time dependency sndio found: YES 1.10.0
Run-time dependency spice-protocol found: NO (tried pkgconfig)
Run-time dependency spice-server found: NO (tried pkgconfig)
Library rt found: YES
Run-time dependency libiscsi found: NO (tried pkgconfig)
Run-time dependency libzstd found: NO (tried pkgconfig)
Run-time dependency qpl found: NO (tried pkgconfig)
Run-time dependency libwd found: NO (tried pkgconfig)
Run-time dependency libwd_comp found: NO (tried pkgconfig)
Run-time dependency qatzip found: NO (tried pkgconfig)
Dependency virglrenderer skipped: feature virglrenderer disabled
Run-time dependency rutabaga_gfx_ffi found: NO (tried pkgconfig)
Run-time dependency blkio found: NO (tried pkgconfig)
Run-time dependency libcurl found: NO (tried pkgconfig)
Run-time dependency libudev found: YES 259
Library mpathpersist found: NO
Run-time dependency ncursesw found: NO (tried pkgconfig)
Has header "curses.h" : NO 
Message: Trying with /usr/include/ncursesw
Has header "curses.h" : NO 
Has header "brlapi.h" : NO 
Run-time dependency sdl2 found: YES 2.32.10
Run-time dependency sdl2_image found: NO (tried pkgconfig)
Library rados found: NO
Has header "rbd/librbd.h" : NO 
Run-time dependency glusterfs-api found: NO (tried pkgconfig)
Run-time dependency libssh found: NO (tried pkgconfig)
Has header "bzlib.h" : YES 
Library bz2 found: YES
Has header "lzfse.h" : NO 
Has header "sys/soundcard.h" : YES 
Run-time dependency epoxy found: YES 1.5.10
Has header "epoxy/egl.h" with dependency epoxy: YES 
Run-time dependency gbm found: YES 26.0.8-1ubuntu0.3
Found CMake: /usr/bin/cmake (4.2.3)
Run-time dependency libcbor found: NO (tried pkgconfig and cmake)
Run-time dependency gnutls found: NO (tried pkgconfig)
Run-time dependency gnutls found: NO (tried pkgconfig)
libgcrypt-config found: NO need ['>=1.8']
Run-time dependency libgcrypt found: NO (tried pkgconfig and config-tool)
Run-time dependency nettle found: NO (tried pkgconfig)
Run-time dependency capstone found: NO (tried pkgconfig)
Run-time dependency gmp found: NO (tried pkgconfig)
Run-time dependency gtk+-3.0 found: YES 3.24.52
Run-time dependency gtk+-x11-3.0 found: YES 3.24.52
Run-time dependency vte-2.91 found: NO (tried pkgconfig)
Run-time dependency x11 found: YES 1.8.13
Run-time dependency libpng found: YES 1.6.57
Has header "security/pam_appl.h" : NO 
Has header "snappy-c.h" : NO 
Has header "lzo/lzo1x.h" : NO 
Has header "numa.h" : NO 
Library fdt found: NO

Executing subproject dtc 

dtc| Project name: dtc
dtc| Project version: 1.6.0
dtc| C compiler for the host machine: cc -m64 (gcc 15.2.0 "cc (Ubuntu 15.2.0-16ubuntu1) 15.2.0")
dtc| C linker for the host machine: cc -m64 ld.bfd 2.46
dtc| Compiler for C supports arguments -Wpointer-arith: YES
dtc| Compiler for C supports arguments -Wcast-qual: YES
dtc| Compiler for C supports arguments -Wnested-externs: YES (cached)
dtc| Compiler for C supports arguments -Wstrict-prototypes: YES (cached)
dtc| Compiler for C supports arguments -Wmissing-prototypes: YES (cached)
dtc| Compiler for C supports arguments -Wredundant-decls: YES (cached)
dtc| Compiler for C supports arguments -Wshadow: YES
dtc| Dependency yaml-0.1 skipped: feature yaml disabled
dtc| Run-time dependency valgrind found: NO (tried pkgconfig)
dtc| Program python found: NO (disabled by: python )
dtc| Program swig skipped: feature python disabled
dtc| Found git repository at /opt/qemu-src/subprojects/dtc
dtc| Compiler for C supports link arguments -Wl,--version-script=/opt/qemu-src/subprojects/dtc/libfdt/version.lds: YES
dtc| Found pkg-config: YES (/usr/bin/pkg-config) 2.5.1
dtc| Build targets in project: 2
dtc| Subproject dtc finished.

Has header "rdma/rdma_cma.h" : NO 
Library ibverbs found: NO
Run-time dependency libcacard found: NO (tried pkgconfig)
Run-time dependency u2f-emu found: NO (tried pkgconfig)
Run-time dependency canokey-qemu found: NO (tried pkgconfig)
Run-time dependency libusbredirparser-0.5 found: NO (tried pkgconfig)
Run-time dependency libusb-1.0 found: NO (tried pkgconfig)
Run-time dependency libpmem found: NO (tried pkgconfig)
Run-time dependency libdaxctl found: NO (tried pkgconfig)
Run-time dependency libkeyutils found: NO (tried pkgconfig)
Checking for function "gettid" : YES 
Run-time dependency libselinux found: YES 3.9
Checking for function "malloc_trim" : YES 
Header "sys/stat.h" has symbol "STATX_BASIC_STATS" : YES 
Header "sys/stat.h" has symbol "STATX_MNT_ID" : YES 
Run-time dependency fuse3 found: NO (tried pkgconfig)
Run-time dependency libbpf found: NO (tried pkgconfig)
Run-time dependency libdw found: NO (tried pkgconfig)
Header "linux/fs.h" has symbol "FIFREEZE" : YES 
Header "linux/fs.h" has symbol "FITRIM" : YES 
Has header "sys/epoll.h" : YES 
Has header "linux/magic.h" : YES 
Has header "valgrind/valgrind.h" : NO 
Has header "linux/btrfs.h" : YES 
Has header "libdrm/drm.h" : YES 
Has header "linux/openat2.h" : YES 
Has header "pty.h" : YES 
Has header "sys/disk.h" : NO 
Has header "sys/ioccom.h" : NO 
Has header "sys/kcov.h" : NO 
Checking for function "close_range" : YES 
Checking for function "accept4" : YES 
Checking for function "clock_adjtime" : YES 
Checking for function "dup3" : YES 
Checking for function "fallocate" : YES 
Checking for function "posix_fallocate" : YES 
Checking for function "getcpu" : YES 
Checking for function "sched_getcpu" : NO 
Checking for function "posix_memalign" : YES 
Checking for function "_aligned_malloc" : NO 
Checking for function "valloc" : YES 
Checking for function "memalign" : YES 
Checking for function "ppoll" : YES 
Checking for function "preadv" : YES 
Checking for function "pthread_fchdir_np" : NO 
Checking for function "sendfile" : YES 
Checking for function "setns" : YES 
Checking for function "unshare" : YES 
Checking for function "syncfs" : YES 
Checking for function "sync_file_range" : YES 
Checking for function "timerfd_create" : YES 
Checking for function "copy_file_range" : YES 
Checking for function "getifaddrs" : YES 
Checking for function "openpty" with dependency -lutil: YES 
Checking for function "strchrnul" : YES 
Checking for function "system" : YES 
Header "sys/inotify.h" has symbol "inotify_init" : YES 
Header "sys/inotify.h" has symbol "inotify_init1" : YES 
Header "linux/blkzoned.h" has symbol "BLKOPENZONE" : YES 
Header "sys/epoll.h" has symbol "epoll_create1" : YES 
Header "linux/falloc.h" has symbol "FALLOC_FL_PUNCH_HOLE" : YES 
Header "linux/falloc.h" has symbol "FALLOC_FL_KEEP_SIZE" : YES 
Header "linux/falloc.h" has symbol "FALLOC_FL_ZERO_RANGE" : YES 
Has header "linux/fiemap.h" : YES 
Header "linux/fs.h" has symbol "FS_IOC_FIEMAP" : YES 
Checking for function "getrandom" : YES 
Header "sys/random.h" has symbol "GRND_NONBLOCK" : YES 
Header "sys/prctl.h" has symbol "PR_SET_TIMERSLACK" : YES 
Header "linux/rtnetlink.h" has symbol "IFLA_PROTO_DOWN" : YES 
Header "sys/sysmacros.h" has symbol "makedev" : YES 
Header "getopt.h" has symbol "optreset" : NO 
Header "netinet/in.h" has symbol "IPPROTO_MPTCP" : YES 
Checking whether type "struct sigevent" has member "sigev_notify_thread_id" : NO 
Checking whether type "struct stat" has member "st_atim" : YES 
Checking whether type "struct blk_zone" has member "capacity" : YES 
Checking for type "struct iovec" : YES 
Checking for type "struct utmpx" : YES 
Checking for type "struct mmsghdr" : YES 
Header "asm/hwprobe.h" has symbol "RISCV_HWPROBE_EXT_ZBA" : NO 
Header "linux/vm_sockets.h" has symbol "AF_VSOCK" : YES 
Program scripts/minikconf.py found: YES (/opt/qemu-src/build/pyvenv/bin/python3 /opt/qemu-src/scripts/minikconf.py)
Configuring x86_64-softmmu-config-target.h using configuration
Configuring x86_64-softmmu-config-devices.mak with command
Reading depfile: /opt/qemu-src/build/meson-private/x86_64-softmmu-config-devices.mak.d
Configuring x86_64-softmmu-config-devices.h using configuration
Program scripts/make-config-poison.sh found: YES (/opt/qemu-src/scripts/make-config-poison.sh)

Executing subproject libvhost-user 

libvhost-user| Project name: libvhost-user
libvhost-user| Project version: undefined
libvhost-user| C compiler for the host machine: cc -m64 (gcc 15.2.0 "cc (Ubuntu 15.2.0-16ubuntu1) 15.2.0")
libvhost-user| C linker for the host machine: cc -m64 ld.bfd 2.46
libvhost-user| Compiler for C supports arguments -Wsign-compare: YES
libvhost-user| Compiler for C supports arguments -Wdeclaration-after-statement: YES
libvhost-user| Compiler for C supports arguments -Wstrict-aliasing: YES
libvhost-user| Dependency threads found: YES unknown (cached)
libvhost-user| Dependency glib-2.0 found: YES 2.88.0 (overridden)
libvhost-user| Build targets in project: 6
libvhost-user| Subproject libvhost-user finished.


Executing subproject libvduse 

libvduse| Project name: libvduse
libvduse| Project version: undefined
libvduse| C compiler for the host machine: cc -m64 (gcc 15.2.0 "cc (Ubuntu 15.2.0-16ubuntu1) 15.2.0")
libvduse| C linker for the host machine: cc -m64 ld.bfd 2.46
libvduse| Compiler for C supports arguments -Wsign-compare: YES (cached)
libvduse| Compiler for C supports arguments -Wdeclaration-after-statement: YES (cached)
libvduse| Compiler for C supports arguments -Wstrict-aliasing: YES (cached)
libvduse| Build targets in project: 7
libvduse| Subproject libvduse finished.

Configuring config-host.h using configuration
Program scripts/hxtool found: YES (/opt/qemu-src/scripts/hxtool)
Program scripts/shaderinclude.py found: YES (/opt/qemu-src/build/pyvenv/bin/python3 /opt/qemu-src/scripts/shaderinclude.py)
Program scripts/qapi-gen.py found: YES (/opt/qemu-src/build/pyvenv/bin/python3 /opt/qemu-src/scripts/qapi-gen.py)
Program scripts/qemu-version.sh found: YES (/opt/qemu-src/scripts/qemu-version.sh)

Executing subproject keycodemapdb 

keycodemapdb| Project name: keycodemapdb
keycodemapdb| Project version: undefined
keycodemapdb| Program tools/keymap-gen found: YES (/opt/qemu-src/subprojects/keycodemapdb/tools/keymap-gen)
keycodemapdb| Build targets in project: 274
keycodemapdb| Subproject keycodemapdb finished.

Program scripts/decodetree.py found: YES (/opt/qemu-src/build/pyvenv/bin/python3 /opt/qemu-src/scripts/decodetree.py)
Program ../scripts/modules/module_block.py found: YES (/opt/qemu-src/build/pyvenv/bin/python3 /opt/qemu-src/block/../scripts/modules/module_block.py)
Program ../scripts/block-coroutine-wrapper.py found: YES (/opt/qemu-src/build/pyvenv/bin/python3 /opt/qemu-src/block/../scripts/block-coroutine-wrapper.py)
Configuring qemu-plugin.symbols with command
Program scripts/modinfo-collect.py found: YES (/opt/qemu-src/build/pyvenv/bin/python3 /opt/qemu-src/scripts/modinfo-collect.py)
Program scripts/modinfo-generate.py found: YES (/opt/qemu-src/build/pyvenv/bin/python3 /opt/qemu-src/scripts/modinfo-generate.py)
Program nm found: YES
Program scripts/undefsym.py found: YES (/opt/qemu-src/build/pyvenv/bin/python3 /opt/qemu-src/scripts/undefsym.py)
Program scripts/feature_to_c.py found: YES (/opt/qemu-src/build/pyvenv/bin/python3 /opt/qemu-src/scripts/feature_to_c.py)
Program scripts/rust/rust_root_crate.sh found: YES (/opt/qemu-src/scripts/rust/rust_root_crate.sh)
Program dtc found: NO
Configuring 50-edk2-i386-secure.json using configuration
Configuring 50-edk2-x86_64-secure.json using configuration
Configuring 60-edk2-aarch64.json using configuration
Configuring 60-edk2-arm.json using configuration
Configuring 60-edk2-i386.json using configuration
Configuring 60-edk2-x86_64.json using configuration
Configuring 60-edk2-loongarch64.json using configuration
Program /opt/qemu-src/build/pyvenv/bin/sphinx-build skipped: feature docs disabled
Program bash found: YES 5.3.9 5.3.9 (/usr/bin/bash)
Program /opt/qemu-src/scripts/decodetree.py found: YES (/opt/qemu-src/build/pyvenv/bin/python3 /opt/qemu-src/scripts/decodetree.py)

Executing subproject berkeley-softfloat-3 

berkeley-softfloat-3| Project name: berkeley-softfloat-3
berkeley-softfloat-3| Project version: undefined
berkeley-softfloat-3| C compiler for the host machine: cc -m64 (gcc 15.2.0 "cc (Ubuntu 15.2.0-16ubuntu1) 15.2.0")
berkeley-softfloat-3| C linker for the host machine: cc -m64 ld.bfd 2.46
berkeley-softfloat-3| Configuring platform.h using configuration
berkeley-softfloat-3| Build targets in project: 438
berkeley-softfloat-3| Subproject berkeley-softfloat-3 finished.


Executing subproject berkeley-testfloat-3 

berkeley-testfloat-3| Project name: berkeley-testfloat-3
berkeley-testfloat-3| Project version: undefined
berkeley-testfloat-3| C compiler for the host machine: cc -m64 (gcc 15.2.0 "cc (Ubuntu 15.2.0-16ubuntu1) 15.2.0")
berkeley-testfloat-3| C linker for the host machine: cc -m64 ld.bfd 2.46
berkeley-testfloat-3| Configuring platform.h using configuration
berkeley-testfloat-3| Compiler for C supports arguments -Wno-ignored-pragmas: NO
berkeley-testfloat-3| Build targets in project: 440
berkeley-testfloat-3| Subproject berkeley-testfloat-3 finished.

Program diff found: YES (/usr/bin/diff)
Program dbus-daemon found: YES (/usr/bin/dbus-daemon)
Run-time dependency sysprof-capture-4 found: YES 50.0
Run-time dependency glib-2.0 found: YES 2.88.0
Program initrd-stress.sh found: YES (/opt/qemu-src/tests/migration/initrd-stress.sh)
Program xgettext found: NO
Build targets in project: 633

qemu 9.2.0

  Build environment
    Build directory                 : /opt/qemu-src/build
    Source path                     : /opt/qemu-src
    Download dependencies           : YES

  Directories
    Build directory                 : /opt/qemu-src/build
    Source path                     : /opt/qemu-src
    Download dependencies           : YES
    Install prefix                  : /opt/qemu-nvkvm
    BIOS directory                  : share/qemu
    firmware path                   : share/qemu-firmware
    binary directory                : /opt/qemu-nvkvm/bin
    library directory               : /opt/qemu-nvkvm/lib/x86_64-linux-gnu
    module directory                : lib/x86_64-linux-gnu/qemu
    libexec directory               : /opt/qemu-nvkvm/libexec
    include directory               : /opt/qemu-nvkvm/include
    config directory                : /opt/qemu-nvkvm/etc
    local state directory           : /opt/qemu-nvkvm/var
    Manual directory                : /opt/qemu-nvkvm/share/man
    Doc directory                   : /opt/qemu-nvkvm/share/doc

  Host binaries
    python                          : /opt/qemu-src/build/pyvenv/bin/python3 (version: 3.14)
    sphinx-build                    : NO
    gdb                             : /usr/bin/gdb
    iasl                            : NO
    genisoimage                     : /usr/bin/genisoimage
    smbd                            : /usr/sbin/smbd

  Configurable features
    Documentation                   : NO
    system-mode emulation           : YES
    user-mode emulation             : NO
    block layer                     : YES
    Install blobs                   : YES
    module support                  : NO
    fuzzing support                 : NO
    Audio drivers                   : pa sndio oss
    Trace backends                  : log
    D-Bus display                   : YES
    QOM debugging                   : YES
    Relocatable install             : YES
    vhost-kernel support            : YES
    vhost-net support               : YES
    vhost-user support              : YES
    vhost-user-crypto support       : YES
    vhost-user-blk server support   : YES
    vhost-vdpa support              : YES
    build guest agent               : YES

  Compilation
    host CPU                        : x86_64
    host endianness                 : little
    C compiler                      : cc -m64
    Host C compiler                 : cc -m64
    C++ compiler                    : NO
    Objective-C compiler            : NO
    Rust support                    : NO
    CFLAGS                          : -DNVKVM_STUB_EMBEDDED -g -O2
    LDFLAGS                         : -DNVKVM_STUB_EMBEDDED
    QEMU_CFLAGS                     : -mcx16 -msse2 -D_GNU_SOURCE -D_FILE_OFFSET_BITS=64 -D_LARGEFILE_SOURCE -fno-strict-aliasing -fno-common -fwrapv -ftrivial-auto-var-init=zero -fzero-call-used-regs=used-gpr -fstack-protector-strong
    QEMU_LDFLAGS                    : -fstack-protector-strong -Wl,-z,relro -Wl,-z,now
    link-time optimization (LTO)    : NO
    PIE                             : YES
    static build                    : NO
    malloc trim support             : YES
    membarrier                      : NO
    debug graph lock                : NO
    debug stack usage               : NO
    mutex debugging                 : NO
    memory allocator                : system
    avx2 optimization               : YES
    avx512bw optimization           : YES
    gcov                            : NO
    thread sanitizer                : NO
    CFI support                     : NO
    strip binaries                  : NO
    sparse                          : NO
    mingw32 support                 : NO

  Cross compilers
    x86_64                          : cc

  Targets and accelerators
    KVM support                     : YES
    HVF support                     : NO
    WHPX support                    : NO
    NVMM support                    : NO
    Xen support                     : NO
    Xen emulation                   : YES
    TCG support                     : YES
    TCG backend                     : native (x86_64)
    TCG plugins                     : YES
    TCG debug enabled               : NO
    target list                     : x86_64-softmmu
    default devices                 : YES
    out of process emulation        : YES
    vfio-user server                : NO

  Block layer support
    coroutine backend               : ucontext
    coroutine pool                  : YES
    Block whitelist (rw)            : 
    Block whitelist (ro)            : 
    Use block whitelist in tools    : NO
    VirtFS (9P) support             : YES
    replication support             : YES
    bochs support                   : YES
    cloop support                   : YES
    dmg support                     : YES
    qcow v1 support                 : YES
    vdi support                     : YES
    vhdx support                    : YES
    vmdk support                    : YES
    vpc support                     : YES
    vvfat support                   : YES
    qed support                     : YES
    parallels support               : YES
    FUSE exports                    : NO
    VDUSE block exports             : YES

  Crypto
    TLS priority                    : NORMAL
    GNUTLS support                  : NO
    libgcrypt                       : NO
    nettle                          : NO
    SM4 ALG support                 : NO
    SM3 ALG support                 : NO
    AF_ALG support                  : NO
    rng-none                        : NO
    Linux keyring                   : YES
    Linux keyutils                  : NO

  User interface
    SDL support                     : YES 2.32.10
    SDL image support               : NO
    GTK support                     : YES
    pixman                          : YES 0.46.4
    VTE support                     : NO
    PNG support                     : YES 1.6.57
    VNC support                     : NO
    spice protocol support          : NO
    curses support                  : NO
    brlapi support                  : NO

  Graphics backends
    VirGL support                   : NO
    Rutabaga support                : NO

  Audio backends
    OSS support                     : YES
    sndio support                   : YES 1.10.0
    ALSA support                    : YES 1.2.15.3
    PulseAudio support              : YES 17.0
    PipeWire support                : NO
    JACK support                    : NO

  Network backends
    AF_XDP support                  : NO
    slirp support                   : YES 4.9.1
    vde support                     : NO
    netmap support                  : NO
    l2tpv3 support                  : YES

  Dependencies
    libtasn1                        : NO
    PAM                             : NO
    iconv support                   : YES
    blkio support                   : NO
    curl support                    : NO
    Multipath support               : NO
    Linux AIO support               : NO
    Linux io_uring support          : NO
    ATTR/XATTR support              : YES
    RDMA support                    : NO
    fdt support                     : internal
    libcap-ng support               : NO
    bpf support                     : NO
    rbd support                     : NO
    smartcard support               : NO
    U2F support                     : NO
    libusb                          : NO
    usb net redir                   : NO
    OpenGL support (epoxy)          : YES 1.5.10
    GBM                             : YES 26.0.8-1ubuntu0.3
    libiscsi support                : NO
    libnfs support                  : NO
    seccomp support                 : YES 2.6.0
    GlusterFS support               : NO
    hv-balloon support              : YES
    TPM support                     : YES
    libssh support                  : NO
    lzo support                     : NO
    snappy support                  : NO
    bzip2 support                   : YES
    lzfse support                   : NO
    zstd support                    : NO
    Query Processing Library support: NO
    UADK Library support            : NO
    qatzip support                  : NO
    NUMA host support               : NO
    capstone                        : NO
    libpmem support                 : NO
    libdaxctl support               : NO
    libcbor support                 : NO
    libudev                         : YES 259
    FUSE lseek                      : NO
    selinux                         : YES 3.9
    libdw                           : NO

  Subprojects
    berkeley-softfloat-3            : YES
    berkeley-testfloat-3            : YES
    dtc                             : YES
    keycodemapdb                    : YES
    libvduse                        : YES
    libvhost-user                   : YES

  User defined options
    Native files                    : config-meson.cross
    docs                            : disabled
    gtk                             : enabled
    kvm                             : enabled
    opengl                          : enabled
    plugins                         : true
    prefix                          : /opt/qemu-nvkvm
    sdl                             : enabled
    virglrenderer                   : disabled
    vnc                             : disabled
    werror                          : false

Found ninja-1.13.2 at /usr/bin/ninja
Running postconf script '/opt/qemu-src/build/pyvenv/bin/python3 /opt/qemu-src/scripts/symlink-install-tree.py'
[8/9] Building QEMU with ninja -j24...
ninja: Entering directory `/opt/qemu-src/build'
[1/2842] Generating trace/trace-qom.c with a custom command
[2/2842] Generating trace/trace-util.c with a custom command
[3/2842] Generating trace/trace-qom.h with a custom command
[4/2842] Generating trace/trace-gdbstub.c with a custom command
[5/2842] Generating trace/trace-authz.c with a custom command
[6/2842] Generating trace/trace-root.h with a custom command
[7/2842] Generating trace/trace-root.c with a custom command
[8/2842] Generating trace/trace-crypto.h with a custom command
[9/2842] Generating trace/trace-crypto.c with a custom command
[10/2842] Generating trace/trace-qapi.c with a custom command
[11/2842] Generating trace/trace-monitor.h with a custom command
[12/2842] Generating trace/trace-monitor.c with a custom command
[13/2842] Generating trace/trace-gdbstub.h with a custom command
[14/2842] Generating trace/trace-util.h with a custom command
[15/2842] Generating trace/trace-authz.h with a custom command
[16/2842] Generating trace/trace-qapi.h with a custom command
[17/2842] Generating trace/trace-block.h with a custom command
[18/2842] Generating trace/trace-io.c with a custom command
[19/2842] Generating trace/trace-scsi.h with a custom command
[20/2842] Generating trace/trace-scsi.c with a custom command
[21/2842] Generating trace/trace-chardev.h with a custom command
[22/2842] Generating trace/trace-accel_kvm.h with a custom command
[23/2842] Generating trace/trace-audio.c with a custom command
[24/2842] Generating config-poison.h with a custom command (wrapped by meson to capture output)
[25/2842] Generating trace/trace-chardev.c with a custom command
[26/2842] Generating trace/trace-nbd.h with a custom command
[27/2842] Generating trace/trace-nbd.c with a custom command
[28/2842] Generating trace/trace-block.c with a custom command
[29/2842] Generating trace/trace-backends.h with a custom command
[30/2842] Generating trace/trace-backends.c with a custom command
[31/2842] Generating trace/trace-audio.h with a custom command
[32/2842] Generating trace/trace-io.h with a custom command
[33/2842] Generating trace/trace-accel_kvm.c with a custom command
[34/2842] Generating trace/trace-backends_tpm.h with a custom command
[35/2842] Generating qemu-img-cmds.h with a custom command (wrapped by meson to capture output)
[36/2842] Generating trace/trace-backends_tpm.c with a custom command
[37/2842] Generating trace/trace-ebpf.h with a custom command
[38/2842] Generating trace/trace-ebpf.c with a custom command
[39/2842] Generating hmp-commands-info.h with a custom command (wrapped by meson to capture output)
[40/2842] Generating trace/trace-hw_9pfs.c with a custom command
[41/2842] Generating trace/trace-hw_alpha.c with a custom command
[42/2842] Generating trace/trace-hw_adc.c with a custom command
[43/2842] Generating trace/trace-hw_alpha.h with a custom command
[44/2842] Generating trace/trace-hw_9pfs.h with a custom command
[45/2842] Generating trace/trace-hw_acpi.c with a custom command
[46/2842] Generating trace/trace-hw_adc.h with a custom command
[47/2842] Generating trace/trace-hw_arm.c with a custom command
[48/2842] Generating trace/trace-hw_audio.c with a custom command
[49/2842] Generating trace/trace-hw_audio.h with a custom command
[50/2842] Generating trace/trace-hw_acpi.h with a custom command
[51/2842] Generating trace/trace-hw_arm.h with a custom command
[52/2842] Generating trace/trace-hw_block.c with a custom command
[53/2842] Generating trace/trace-hw_block.h with a custom command
[54/2842] Generating qemu-version.h with a custom command (wrapped by meson to capture output)
[55/2842] Generating trace/trace-hw_char.c with a custom command
[56/2842] Generating trace/trace-hw_char.h with a custom command
[57/2842] Generating trace/trace-hw_fsi.c with a custom command
[58/2842] Generating trace/trace-hw_dma.c with a custom command
[59/2842] Generating trace/trace-hw_display.c with a custom command
[60/2842] Generating trace/trace-hw_fsi.h with a custom command
[61/2842] Generating trace/trace-hw_hyperv.c with a custom command
[62/2842] Generating trace/trace-hw_i386_xen.h with a custom command
[63/2842] Generating trace/trace-hw_dma.h with a custom command
[64/2842] Generating trace/trace-hw_hyperv.h with a custom command
[65/2842] Generating trace/trace-hw_i2c.c with a custom command
[66/2842] Generating trace/trace-hw_i386_xen.c with a custom command
[67/2842] Generating hmp-commands.h with a custom command (wrapped by meson to capture output)
[68/2842] Generating trace/trace-hw_i386.c with a custom command
[69/2842] Generating trace/trace-hw_i386_kvm.c with a custom command
[70/2842] Generating trace/trace-hw_i2c.h with a custom command
[71/2842] Generating trace/trace-hw_i386_kvm.h with a custom command
[72/2842] Generating trace/trace-hw_display.h with a custom command
[73/2842] Generating trace/trace-hw_input.c with a custom command
[74/2842] Generating trace/trace-hw_i386.h with a custom command
[75/2842] Generating trace/trace-hw_ide.h with a custom command
[76/2842] Generating trace/trace-hw_ide.c with a custom command
[77/2842] Generating trace/trace-hw_input.h with a custom command
[78/2842] Generating trace/trace-hw_isa.h with a custom command
[79/2842] Generating trace/trace-hw_isa.c with a custom command
[80/2842] Generating trace/trace-hw_mem.h with a custom command
[81/2842] Generating trace/trace-hw_mem.c with a custom command
[82/2842] Generating trace/trace-hw_mips.h with a custom command
[83/2842] Generating trace/trace-hw_mips.c with a custom command
[84/2842] Generating trace/trace-hw_intc.c with a custom command
[85/2842] Generating trace/trace-hw_misc_macio.c with a custom command
[86/2842] Generating trace/trace-hw_misc_macio.h with a custom command
[87/2842] Generating trace/trace-hw_net_can.h with a custom command
[88/2842] Generating trace/trace-hw_nubus.h with a custom command
[89/2842] Generating trace/trace-hw_net_can.c with a custom command
[90/2842] Generating trace/trace-hw_misc.c with a custom command
[91/2842] Generating trace/trace-hw_nubus.c with a custom command
[92/2842] Generating trace/trace-hw_intc.h with a custom command
[93/2842] Generating trace/trace-hw_net.c with a custom command
[94/2842] Generating trace/trace-hw_nvram.c with a custom command
[95/2842] Generating trace/trace-hw_nvme.c with a custom command
[96/2842] Generating trace/trace-hw_nvram.h with a custom command
[97/2842] Generating trace/trace-hw_rtc.c with a custom command
[98/2842] Generating trace/trace-hw_misc.h with a custom command
[99/2842] Generating trace/trace-hw_pci.h with a custom command
[100/2842] Generating trace/trace-hw_pci.c with a custom command
[101/2842] Generating trace/trace-hw_pci_host.c with a custom command
[102/2842] Generating trace/trace-hw_rtc.h with a custom command
[103/2842] Generating trace/trace-hw_pci_host.h with a custom command
[104/2842] Generating trace/trace-hw_riscv.c with a custom command
[105/2842] Generating trace/trace-hw_riscv.h with a custom command
[106/2842] Generating trace/trace-hw_ppc.c with a custom command
[107/2842] Generating trace/trace-hw_s390x.c with a custom command
[108/2842] Generating trace/trace-hw_s390x.h with a custom command
[109/2842] Generating trace/trace-hw_nvme.h with a custom command
[110/2842] Generating trace/trace-hw_ppc.h with a custom command
[111/2842] Generating trace/trace-hw_net.h with a custom command
[112/2842] Generating trace/trace-hw_scsi.c with a custom command
[113/2842] Generating trace/trace-hw_sd.c with a custom command
[114/2842] Generating trace/trace-hw_sensor.h with a custom command
[115/2842] Generating trace/trace-hw_sensor.c with a custom command
[116/2842] Generating trace/trace-hw_sh4.c with a custom command
[117/2842] Generating trace/trace-hw_sd.h with a custom command
[118/2842] Generating trace/trace-hw_sh4.h with a custom command
[119/2842] Generating trace/trace-hw_sparc.h with a custom command
[120/2842] Generating trace/trace-hw_sparc64.h with a custom command
[121/2842] Generating trace/trace-hw_sparc64.c with a custom command
[122/2842] Generating trace/trace-hw_sparc.c with a custom command
[123/2842] Generating trace/trace-hw_ssi.c with a custom command
[124/2842] Generating trace/trace-hw_tpm.c with a custom command
[125/2842] Generating trace/trace-hw_ssi.h with a custom command
[126/2842] Generating trace/trace-hw_timer.c with a custom command
[127/2842] Generating trace/trace-hw_ufs.c with a custom command
[128/2842] Generating trace/trace-hw_tpm.h with a custom command
[129/2842] Generating trace/trace-hw_ufs.h with a custom command
[130/2842] Generating trace/trace-hw_timer.h with a custom command
[131/2842] Generating trace/trace-hw_scsi.h with a custom command
[132/2842] Generating trace/trace-hw_watchdog.c with a custom command
[133/2842] Generating trace/trace-hw_virtio.c with a custom command
[134/2842] Generating trace/trace-hw_vfio.c with a custom command
[135/2842] Generating trace/trace-hw_xen.c with a custom command
[136/2842] Generating trace/trace-hw_watchdog.h with a custom command
[137/2842] Generating trace/trace-hw_gpio.c with a custom command
[138/2842] Generating trace/trace-hw_gpio.h with a custom command
[139/2842] Generating trace/trace-hw_xen.h with a custom command
[140/2842] Generating trace/trace-hw_usb.c with a custom command
[141/2842] Generating trace/trace-net.c with a custom command
[142/2842] Generating trace/trace-system.h with a custom command
[143/2842] Generating trace/trace-hw_virtio.h with a custom command
[144/2842] Generating trace/trace-hw_vfio.h with a custom command
[145/2842] Generating trace/trace-system.c with a custom command
[146/2842] Generating trace/trace-migration.c with a custom command
[147/2842] Generating trace/trace-hw_remote.h with a custom command
[148/2842] Generating trace/trace-ui.c with a custom command
[149/2842] Generating trace/trace-net.h with a custom command
[150/2842] Generating trace/trace-accel_tcg.c with a custom command
[151/2842] Generating trace/trace-hw_remote.c with a custom command
[152/2842] Generating trace/trace-accel_tcg.h with a custom command
[153/2842] Generating trace/trace-target_arm.c with a custom command
[154/2842] Generating trace/trace-hw_core.h with a custom command
[155/2842] Generating trace/trace-hw_usb.h with a custom command
[156/2842] Generating trace/trace-hw_core.c with a custom command
[157/2842] Generating trace/trace-target_arm.h with a custom command
[158/2842] Generating trace/trace-ui.h with a custom command
[159/2842] Generating trace/trace-target_arm_hvf.c with a custom command
[160/2842] Generating trace/trace-target_arm_hvf.h with a custom command
[161/2842] Generating trace/trace-target_hppa.h with a custom command
[162/2842] Generating trace/trace-target_hppa.c with a custom command
[163/2842] Generating trace/trace-migration.h with a custom command
[164/2842] Generating trace/trace-target_i386.c with a custom command
[165/2842] Generating trace/trace-target_i386.h with a custom command
[166/2842] Generating trace/trace-target_i386_kvm.h with a custom command
[167/2842] Generating trace/trace-target_i386_kvm.c with a custom command
[168/2842] Generating trace/trace-target_loongarch.h with a custom command
[169/2842] Generating trace/trace-target_loongarch.c with a custom command
[170/2842] Generating trace/trace-target_mips_tcg.h with a custom command
[171/2842] Generating trace/trace-target_mips_tcg.c with a custom command
[172/2842] Generating trace/trace-target_ppc.c with a custom command
[173/2842] Generating trace/trace-target_ppc.h with a custom command
[174/2842] Generating trace/trace-target_riscv.c with a custom command
[175/2842] Generating trace/trace-target_riscv.h with a custom command
[176/2842] Generating trace/trace-target_sparc.h with a custom command
[177/2842] Generating trace/trace-target_s390x.h with a custom command
[178/2842] Generating trace/trace-target_s390x_kvm.c with a custom command
[179/2842] Generating trace/trace-target_sparc.c with a custom command
[180/2842] Generating trace/trace-target_s390x.c with a custom command
[181/2842] Generating trace/trace-target_s390x_kvm.h with a custom command
[182/2842] Generating qemu-options.def with a custom command (wrapped by meson to capture output)
[183/2842] Generating ui/shader/texture-blit-vert.h with a custom command (wrapped by meson to capture output)
[184/2842] Generating ui/shader/texture-blit-frag.h with a custom command (wrapped by meson to capture output)
[185/2842] Generating ui/shader/texture-blit-flip-vert.h with a custom command (wrapped by meson to capture output)
[186/2842] Generating ui/input-keymap-qcode-to-atset1.c.inc with a custom command (wrapped by meson to capture output)
[187/2842] Generating ui/input-keymap-qcode-to-atset3.c.inc with a custom command (wrapped by meson to capture output)
[188/2842] Generating ui/input-keymap-linux-to-qcode.c.inc with a custom command (wrapped by meson to capture output)
[189/2842] Generating ui/input-keymap-qcode-to-atset2.c.inc with a custom command (wrapped by meson to capture output)
[190/2842] Generating ui/input-keymap-win32-to-qcode.c.inc with a custom command (wrapped by meson to capture output)
[191/2842] Generating ui/input-keymap-qcode-to-linux.c.inc with a custom command (wrapped by meson to capture output)
[192/2842] Generating ui/input-keymap-qcode-to-sun.c.inc with a custom command (wrapped by meson to capture output)
[193/2842] Generating ui/input-keymap-qcode-to-qnum.c.inc with a custom command (wrapped by meson to capture output)
[194/2842] Generating ui/input-keymap-qnum-to-qcode.c.inc with a custom command (wrapped by meson to capture output)
[195/2842] Generating ui/input-keymap-xorgxwin-to-qcode.c.inc with a custom command (wrapped by meson to capture output)
[196/2842] Generating ui/input-keymap-usb-to-qcode.c.inc with a custom command (wrapped by meson to capture output)
[197/2842] Generating ui/input-keymap-xorgevdev-to-qcode.c.inc with a custom command (wrapped by meson to capture output)
[198/2842] Generating ui/input-keymap-xorgxquartz-to-qcode.c.inc with a custom command (wrapped by meson to capture output)
[199/2842] Generating ui/input-keymap-osx-to-qcode.c.inc with a custom command (wrapped by meson to capture output)
[200/2842] Generating ui/input-keymap-xorgkbd-to-qcode.c.inc with a custom command (wrapped by meson to capture output)
[201/2842] Generating tests/Test QAPI files with a custom command
[202/2842] Generating tests/include/QAPI test (include) with a custom command
[203/2842] Generating block/module_block.h with a custom command
[204/2842] Generating ui/dbus-display preprocess with a custom command (wrapped by meson to set env)
[205/2842] Compiling C object subprojects/dtc/libfdt/libfdt.a.p/fdt_empty_tree.c.o
[206/2842] Compiling C object subprojects/dtc/libfdt/libfdt.a.p/fdt_strerror.c.o
[207/2842] Compiling C object subprojects/berkeley-softfloat-3/libsoftfloat.a.p/source_s_eq128.c.o
[208/2842] Compiling C object subprojects/dtc/libfdt/libfdt.a.p/fdt_addresses.c.o
[209/2842] Compiling C object subprojects/libvhost-user/libvhost-user-glib.a.p/libvhost-user-glib.c.o
[210/2842] Generating block/block-gen.c with a custom command
[211/2842] Compiling C object subprojects/dtc/libfdt/libfdt.a.p/fdt_check.c.o
[212/2842] Linking static target subprojects/libvhost-user/libvhost-user-glib.a
[213/2842] Generating ui/input-keymap-atset1-to-qcode.c.inc with a custom command (wrapped by meson to capture output)
[214/2842] Generating ui/input-keymap-x11-to-qcode.c.inc with a custom command (wrapped by meson to capture output)
[215/2842] Compiling C object subprojects/berkeley-softfloat-3/libsoftfloat.a.p/source_s_le128.c.o
[216/2842] Compiling C object subprojects/berkeley-softfloat-3/libsoftfloat.a.p/source_s_lt128.c.o
[217/2842] Compiling C object subprojects/berkeley-softfloat-3/libsoftfloat.a.p/source_s_shortShiftRight128.c.o
[218/2842] Compiling C object subprojects/berkeley-softfloat-3/libsoftfloat.a.p/source_s_shortShiftRightJam64Extra.c.o
[219/2842] Compiling C object subprojects/berkeley-softfloat-3/libsoftfloat.a.p/source_s_shortShiftRightJam128.c.o
[220/2842] Compiling C object subprojects/berkeley-softfloat-3/libsoftfloat.a.p/source_s_shortShiftLeft128.c.o
[221/2842] Compiling C object subprojects/berkeley-softfloat-3/libsoftfloat.a.p/source_s_shortShiftRightJam128Extra.c.o
[222/2842] Compiling C object subprojects/berkeley-softfloat-3/libsoftfloat.a.p/source_s_shortShiftRightJam64.c.o
[223/2842] Compiling C object subprojects/berkeley-softfloat-3/libsoftfloat.a.p/source_s_shiftRightJam32.c.o
[224/2842] Compiling C object subprojects/dtc/libfdt/libfdt.a.p/fdt.c.o
[225/2842] Compiling C object subprojects/berkeley-softfloat-3/libsoftfloat.a.p/source_s_shiftRightJam64.c.o
[226/2842] Compiling C object subprojects/berkeley-softfloat-3/libsoftfloat.a.p/source_s_shiftRightJam64Extra.c.o
[227/2842] Compiling C object subprojects/berkeley-softfloat-3/libsoftfloat.a.p/source_s_shiftRightJam128.c.o
[228/2842] Compiling C object subprojects/berkeley-softfloat-3/libsoftfloat.a.p/source_s_countLeadingZeros8.c.o
[229/2842] Compiling C object subprojects/berkeley-softfloat-3/libsoftfloat.a.p/source_s_shiftRightJam128Extra.c.o
[230/2842] Compiling C object subprojects/berkeley-softfloat-3/libsoftfloat.a.p/source_s_countLeadingZeros16.c.o
[231/2842] Compiling C object subprojects/berkeley-softfloat-3/libsoftfloat.a.p/source_s_countLeadingZeros32.c.o
[232/2842] Compiling C object subprojects/dtc/libfdt/libfdt.a.p/fdt_wip.c.o
[233/2842] Compiling C object subprojects/berkeley-softfloat-3/libsoftfloat.a.p/source_s_add128.c.o
[234/2842] Compiling C object subprojects/berkeley-softfloat-3/libsoftfloat.a.p/source_s_sub128.c.o
[235/2842] Compiling C object subprojects/berkeley-softfloat-3/libsoftfloat.a.p/source_s_countLeadingZeros64.c.o
[236/2842] Compiling C object subprojects/berkeley-softfloat-3/libsoftfloat.a.p/source_s_add256M.c.o
[237/2842] Generating x86_64-softmmu-gdbstub-xml.c with a custom command (wrapped by meson to capture output)
[238/2842] Compiling C object subprojects/berkeley-softfloat-3/libsoftfloat.a.p/source_s_shiftRightJam256M.c.o
[239/2842] Compiling C object subprojects/berkeley-softfloat-3/libsoftfloat.a.p/source_s_mul64ByShifted32To128.c.o
[240/2842] Compiling C object subprojects/berkeley-softfloat-3/libsoftfloat.a.p/source_s_approxRecip_1Ks.c.o
[241/2842] Compiling C object subprojects/berkeley-softfloat-3/libsoftfloat.a.p/source_s_sub256M.c.o
[242/2842] Compiling C object subprojects/berkeley-softfloat-3/libsoftfloat.a.p/source_s_mul64To128.c.o
[243/2842] Generating ui/dbus-display gdbus-codegen with a custom command
[244/2842] Compiling C object subprojects/berkeley-softfloat-3/libsoftfloat.a.p/source_s_mul128By32.c.o
[245/2842] Compiling C object subprojects/berkeley-softfloat-3/libsoftfloat.a.p/source_s_approxRecipSqrt_1Ks.c.o
[246/2842] Compiling C object subprojects/berkeley-softfloat-3/libsoftfloat.a.p/source_s_mul128To256M.c.o
[247/2842] Generating qga/QGA QAPI files with a custom command
[248/2842] Compiling C object subprojects/berkeley-softfloat-3/libsoftfloat.a.p/source_s_approxRecip32_1.c.o
[249/2842] Compiling C object subprojects/berkeley-softfloat-3/libsoftfloat.a.p/source_s_approxRecipSqrt32_1.c.o
[250/2842] Generating 'libcommon.a.p/decode-insns.c.inc'
[251/2842] Compiling C object subprojects/berkeley-softfloat-3/libsoftfloat.a.p/source_s_normSubnormalF16Sig.c.o
[252/2842] Compiling C object subprojects/berkeley-softfloat-3/libsoftfloat.a.p/source_s_roundToUI32.c.o
[253/2842] Compiling C object subprojects/berkeley-softfloat-3/libsoftfloat.a.p/source_s_roundToUI64.c.o
[254/2842] Compiling C object subprojects/berkeley-softfloat-3/libsoftfloat.a.p/source_s_normRoundPackToF16.c.o
[255/2842] Compiling C object subprojects/berkeley-softfloat-3/libsoftfloat.a.p/source_s_roundToI32.c.o
[256/2842] Compiling C object subprojects/dtc/libfdt/libfdt.a.p/fdt_sw.c.o
[257/2842] Compiling C object subprojects/berkeley-softfloat-3/libsoftfloat.a.p/source_s_normSubnormalF32Sig.c.o
[258/2842] Compiling C object subprojects/berkeley-softfloat-3/libsoftfloat.a.p/source_s_roundToI64.c.o
[259/2842] Compiling C object subprojects/berkeley-softfloat-3/libsoftfloat.a.p/source_s_roundPackToF16.c.o
[260/2842] Compiling C object subprojects/dtc/libfdt/libfdt.a.p/fdt_overlay.c.o
../subprojects/dtc/libfdt/fdt_overlay.c: In function ‘overlay_fixup_phandle’:
../subprojects/dtc/libfdt/fdt_overlay.c:461:21: warning: assignment discards ‘const’ qualifier from pointer target type [-Wdiscarded-qualifiers]
  461 |                 sep = memchr(fixup_str, ':', fixup_len);
      |                     ^
../subprojects/dtc/libfdt/fdt_overlay.c:471:21: warning: assignment discards ‘const’ qualifier from pointer target type [-Wdiscarded-qualifiers]
  471 |                 sep = memchr(name, ':', fixup_len);
      |                     ^
[261/2842] Compiling C object subprojects/berkeley-softfloat-3/libsoftfloat.a.p/source_s_normRoundPackToF32.c.o
[262/2842] Compiling C object subprojects/berkeley-softfloat-3/libsoftfloat.a.p/source_s_roundPackToF32.c.o
[263/2842] Compiling C object subprojects/berkeley-softfloat-3/libsoftfloat.a.p/source_s_normSubnormalF64Sig.c.o
[264/2842] Compiling C object subprojects/berkeley-softfloat-3/libsoftfloat.a.p/source_s_addMagsF16.c.o
[265/2842] Compiling C object subprojects/berkeley-softfloat-3/libsoftfloat.a.p/source_s_normRoundPackToF64.c.o
[266/2842] Compiling C object subprojects/berkeley-softfloat-3/libsoftfloat.a.p/source_s_normSubnormalExtF80Sig.c.o
[267/2842] Compiling C object subprojects/berkeley-softfloat-3/libsoftfloat.a.p/source_s_addMagsF32.c.o
[268/2842] Compiling C object subprojects/dtc/libfdt/libfdt.a.p/fdt_rw.c.o
[269/2842] Compiling C object subprojects/berkeley-softfloat-3/libsoftfloat.a.p/source_s_subMagsF16.c.o
[270/2842] Compiling C object subprojects/berkeley-softfloat-3/libsoftfloat.a.p/source_s_subMagsF32.c.o
[271/2842] Compiling C object subprojects/berkeley-softfloat-3/libsoftfloat.a.p/source_s_normRoundPackToExtF80.c.o
[272/2842] Compiling C object subprojects/berkeley-softfloat-3/libsoftfloat.a.p/source_s_roundPackToF64.c.o
[273/2842] Compiling C object subprojects/berkeley-softfloat-3/libsoftfloat.a.p/source_s_mulAddF16.c.o
[274/2842] Compiling C object subprojects/berkeley-softfloat-3/libsoftfloat.a.p/source_s_normSubnormalF128Sig.c.o
[275/2842] Compiling C object subprojects/berkeley-softfloat-3/libsoftfloat.a.p/source_s_addMagsF64.c.o
[276/2842] Compiling C object subprojects/berkeley-softfloat-3/libsoftfloat.a.p/source_softfloat_state.c.o
[277/2842] Compiling C object subprojects/berkeley-softfloat-3/libsoftfloat.a.p/source_s_subMagsF64.c.o
[278/2842] Compiling C object subprojects/berkeley-softfloat-3/libsoftfloat.a.p/source_s_addMagsExtF80.c.o
[279/2842] Compiling C object subprojects/berkeley-softfloat-3/libsoftfloat.a.p/source_s_subMagsExtF80.c.o
[280/2842] Compiling C object subprojects/berkeley-softfloat-3/libsoftfloat.a.p/source_s_normRoundPackToF128.c.o
[281/2842] Compiling C object subprojects/berkeley-softfloat-3/libsoftfloat.a.p/source_s_mulAddF32.c.o
[282/2842] Compiling C object subprojects/berkeley-softfloat-3/libsoftfloat.a.p/source_ui32_to_f32.c.o
[283/2842] Compiling C object subprojects/berkeley-softfloat-3/libsoftfloat.a.p/source_ui32_to_f16.c.o
[284/2842] Compiling C object subprojects/berkeley-softfloat-3/libsoftfloat.a.p/source_ui32_to_f64.c.o
[285/2842] Compiling C object subprojects/berkeley-softfloat-3/libsoftfloat.a.p/source_ui32_to_extF80.c.o
[286/2842] Compiling C object subprojects/berkeley-softfloat-3/libsoftfloat.a.p/source_ui32_to_f128M.c.o
[287/2842] Compiling C object subprojects/berkeley-softfloat-3/libsoftfloat.a.p/source_ui32_to_extF80M.c.o
[288/2842] Compiling C object subprojects/berkeley-softfloat-3/libsoftfloat.a.p/source_ui32_to_f128.c.o
[289/2842] Compiling C object subprojects/berkeley-softfloat-3/libsoftfloat.a.p/source_s_subMagsF128.c.o
[290/2842] Compiling C object subprojects/berkeley-softfloat-3/libsoftfloat.a.p/source_ui64_to_f16.c.o
[291/2842] Compiling C object subprojects/berkeley-softfloat-3/libsoftfloat.a.p/source_s_roundPackToF128.c.o
[292/2842] Compiling C object subprojects/berkeley-softfloat-3/libsoftfloat.a.p/source_s_mulAddF64.c.o
[293/2842] Compiling C object subprojects/berkeley-softfloat-3/libsoftfloat.a.p/source_s_addMagsF128.c.o
[294/2842] Compiling C object subprojects/berkeley-softfloat-3/libsoftfloat.a.p/source_ui64_to_f64.c.o
[295/2842] Compiling C object subprojects/berkeley-softfloat-3/libsoftfloat.a.p/source_ui64_to_f32.c.o
[296/2842] Compiling C object subprojects/berkeley-softfloat-3/libsoftfloat.a.p/source_ui64_to_extF80.c.o
[297/2842] Compiling C object subprojects/berkeley-softfloat-3/libsoftfloat.a.p/source_ui64_to_f128M.c.o
[298/2842] Compiling C object subprojects/berkeley-softfloat-3/libsoftfloat.a.p/source_ui64_to_extF80M.c.o
[299/2842] Compiling C object subprojects/berkeley-softfloat-3/libsoftfloat.a.p/source_ui64_to_f128.c.o
[300/2842] Compiling C object subprojects/berkeley-softfloat-3/libsoftfloat.a.p/source_s_roundPackToExtF80.c.o
[301/2842] Compiling C object subprojects/berkeley-softfloat-3/libsoftfloat.a.p/source_i32_to_f32.c.o
[302/2842] Compiling C object subprojects/berkeley-softfloat-3/libsoftfloat.a.p/source_i32_to_f64.c.o
[303/2842] Compiling C object subprojects/dtc/libfdt/libfdt.a.p/fdt_ro.c.o
[304/2842] Compiling C object subprojects/berkeley-softfloat-3/libsoftfloat.a.p/source_i32_to_f128.c.o
[305/2842] Compiling C object subprojects/berkeley-softfloat-3/libsoftfloat.a.p/source_i32_to_extF80M.c.o
[306/2842] Compiling C object subprojects/berkeley-softfloat-3/libsoftfloat.a.p/source_i32_to_f16.c.o
[307/2842] Compiling C object subprojects/berkeley-softfloat-3/libsoftfloat.a.p/source_i32_to_f128M.c.o
[308/2842] Compiling C object subprojects/berkeley-softfloat-3/libsoftfloat.a.p/source_i32_to_extF80.c.o
[309/2842] Compiling C object subprojects/berkeley-softfloat-3/libsoftfloat.a.p/source_i64_to_extF80M.c.o
[310/2842] Compiling C object subprojects/berkeley-softfloat-3/libsoftfloat.a.p/source_i64_to_f16.c.o
[311/2842] Compiling C object subprojects/berkeley-softfloat-3/libsoftfloat.a.p/source_i64_to_f64.c.o
[312/2842] Compiling C object subprojects/berkeley-softfloat-3/libsoftfloat.a.p/source_i64_to_extF80.c.o
[313/2842] Compiling C object subprojects/berkeley-softfloat-3/libsoftfloat.a.p/source_i64_to_f32.c.o
[314/2842] Compiling C object subprojects/berkeley-softfloat-3/libsoftfloat.a.p/source_i64_to_f128M.c.o
[315/2842] Compiling C object subprojects/berkeley-softfloat-3/libsoftfloat.a.p/source_i64_to_f128.c.o
[316/2842] Compiling C object subprojects/berkeley-softfloat-3/libsoftfloat.a.p/source_f16_to_ui64.c.o
[317/2842] Compiling C object subprojects/berkeley-softfloat-3/libsoftfloat.a.p/source_s_mulAddF128.c.o
[318/2842] Compiling C object subprojects/berkeley-softfloat-3/libsoftfloat.a.p/source_f16_to_ui32_r_minMag.c.o
[319/2842] Compiling C object subprojects/berkeley-softfloat-3/libsoftfloat.a.p/source_f16_to_i32.c.o
[320/2842] Compiling C object subprojects/berkeley-softfloat-3/libsoftfloat.a.p/source_f16_to_ui32.c.o
[321/2842] Compiling C object subprojects/berkeley-softfloat-3/libsoftfloat.a.p/source_f16_to_i64.c.o
[322/2842] Compiling C object subprojects/berkeley-softfloat-3/libsoftfloat.a.p/source_f16_to_ui64_r_minMag.c.o
[323/2842] Compiling C object subprojects/berkeley-softfloat-3/libsoftfloat.a.p/source_f16_to_i32_r_minMag.c.o
[324/2842] Compiling C object subprojects/berkeley-softfloat-3/libsoftfloat.a.p/source_f16_to_extF80M.c.o
[325/2842] Compiling C object subprojects/berkeley-softfloat-3/libsoftfloat.a.p/source_f16_to_f128M.c.o
[326/2842] Compiling C object subprojects/berkeley-softfloat-3/libsoftfloat.a.p/source_f16_to_f32.c.o
[327/2842] Compiling C object subprojects/berkeley-softfloat-3/libsoftfloat.a.p/source_f16_to_i64_r_minMag.c.o
[328/2842] Compiling C object subprojects/berkeley-softfloat-3/libsoftfloat.a.p/source_f16_to_f64.c.o
[329/2842] Compiling C object subprojects/berkeley-softfloat-3/libsoftfloat.a.p/source_f16_sub.c.o
[330/2842] Compiling C object subprojects/berkeley-softfloat-3/libsoftfloat.a.p/source_f16_to_extF80.c.o
[331/2842] Compiling C object subprojects/berkeley-softfloat-3/libsoftfloat.a.p/source_f16_mulAdd.c.o
[332/2842] Compiling C object subprojects/berkeley-softfloat-3/libsoftfloat.a.p/source_f16_add.c.o
[333/2842] Compiling C object subprojects/berkeley-softfloat-3/libsoftfloat.a.p/source_f16_roundToInt.c.o
[334/2842] Compiling C object subprojects/berkeley-softfloat-3/libsoftfloat.a.p/source_f16_eq.c.o
[335/2842] Compiling C object subprojects/berkeley-softfloat-3/libsoftfloat.a.p/source_f16_to_f128.c.o
[336/2842] Compiling C object subprojects/berkeley-softfloat-3/libsoftfloat.a.p/source_f16_isSignalingNaN.c.o
[337/2842] Compiling C object subprojects/berkeley-softfloat-3/libsoftfloat.a.p/source_f16_le.c.o
[338/2842] Compiling C object subprojects/berkeley-softfloat-3/libsoftfloat.a.p/source_f16_eq_signaling.c.o
[339/2842] Compiling C object subprojects/berkeley-softfloat-3/libsoftfloat.a.p/source_f16_div.c.o
[340/2842] Compiling C object subprojects/berkeley-softfloat-3/libsoftfloat.a.p/source_f32_to_ui32.c.o
[341/2842] Compiling C object subprojects/berkeley-softfloat-3/libsoftfloat.a.p/source_f16_lt.c.o
[342/2842] Compiling C object subprojects/berkeley-softfloat-3/libsoftfloat.a.p/source_f16_mul.c.o
[343/2842] Compiling C object subprojects/berkeley-softfloat-3/libsoftfloat.a.p/source_f16_le_quiet.c.o
[344/2842] Compiling C object subprojects/berkeley-softfloat-3/libsoftfloat.a.p/source_f32_to_i32.c.o
[345/2842] Compiling C object subprojects/berkeley-softfloat-3/libsoftfloat.a.p/source_f32_to_ui64.c.o
[346/2842] Compiling C object subprojects/berkeley-softfloat-3/libsoftfloat.a.p/source_f16_lt_quiet.c.o
[347/2842] Compiling C object subprojects/berkeley-softfloat-3/libsoftfloat.a.p/source_f32_to_ui32_r_minMag.c.o
[348/2842] Compiling C object subprojects/berkeley-softfloat-3/libsoftfloat.a.p/source_f16_sqrt.c.o
[349/2842] Compiling C object subprojects/berkeley-softfloat-3/libsoftfloat.a.p/source_f32_to_i64.c.o
[350/2842] Compiling C object subprojects/berkeley-softfloat-3/libsoftfloat.a.p/source_f16_rem.c.o
[351/2842] Compiling C object subprojects/berkeley-softfloat-3/libsoftfloat.a.p/source_f32_to_ui64_r_minMag.c.o
[352/2842] Compiling C object subprojects/berkeley-softfloat-3/libsoftfloat.a.p/source_f32_to_i32_r_minMag.c.o
[353/2842] Compiling C object subprojects/berkeley-softfloat-3/libsoftfloat.a.p/source_f32_add.c.o
[354/2842] Compiling C object subprojects/berkeley-softfloat-3/libsoftfloat.a.p/source_f32_to_i64_r_minMag.c.o
[355/2842] Compiling C object subprojects/berkeley-softfloat-3/libsoftfloat.a.p/source_f32_to_f128M.c.o
[356/2842] Compiling C object subprojects/berkeley-softfloat-3/libsoftfloat.a.p/source_f32_to_extF80M.c.o
[357/2842] Compiling C object subprojects/berkeley-softfloat-3/libsoftfloat.a.p/source_f32_sub.c.o
[358/2842] Compiling C object subprojects/berkeley-softfloat-3/libsoftfloat.a.p/source_f32_to_f16.c.o
[359/2842] Compiling C object subprojects/berkeley-softfloat-3/libsoftfloat.a.p/source_f32_mulAdd.c.o
[360/2842] Compiling C object subprojects/berkeley-softfloat-3/libsoftfloat.a.p/source_f32_to_extF80.c.o
[361/2842] Compiling C object subprojects/berkeley-softfloat-3/libsoftfloat.a.p/source_f32_to_f64.c.o
[362/2842] Compiling C object subprojects/berkeley-softfloat-3/libsoftfloat.a.p/source_f32_to_f128.c.o
[363/2842] Compiling C object subprojects/berkeley-softfloat-3/libsoftfloat.a.p/source_f32_mul.c.o
[364/2842] Compiling C object subprojects/berkeley-softfloat-3/libsoftfloat.a.p/source_f32_eq.c.o
[365/2842] Compiling C object subprojects/berkeley-softfloat-3/libsoftfloat.a.p/source_f32_lt.c.o
[366/2842] Compiling C object subprojects/berkeley-softfloat-3/libsoftfloat.a.p/source_f32_le.c.o
[367/2842] Compiling C object subprojects/berkeley-softfloat-3/libsoftfloat.a.p/source_f32_roundToInt.c.o
[368/2842] Compiling C object subprojects/berkeley-softfloat-3/libsoftfloat.a.p/source_f32_eq_signaling.c.o
[369/2842] Compiling C object subprojects/berkeley-softfloat-3/libsoftfloat.a.p/source_f32_div.c.o
[370/2842] Compiling C object subprojects/berkeley-softfloat-3/libsoftfloat.a.p/source_f32_isSignalingNaN.c.o
[371/2842] Compiling C object subprojects/berkeley-softfloat-3/libsoftfloat.a.p/source_f32_sqrt.c.o
[372/2842] Compiling C object subprojects/berkeley-softfloat-3/libsoftfloat.a.p/source_f32_le_quiet.c.o
[373/2842] Compiling C object subprojects/berkeley-softfloat-3/libsoftfloat.a.p/source_f64_to_i32.c.o
[374/2842] Compiling C object subprojects/berkeley-softfloat-3/libsoftfloat.a.p/source_f64_to_ui32.c.o
[375/2842] Compiling C object subprojects/berkeley-softfloat-3/libsoftfloat.a.p/source_f32_lt_quiet.c.o
[376/2842] Compiling C object subprojects/berkeley-softfloat-3/libsoftfloat.a.p/source_f64_to_i64.c.o
[377/2842] Compiling C object subprojects/berkeley-softfloat-3/libsoftfloat.a.p/source_f32_rem.c.o
[378/2842] Compiling C object subprojects/berkeley-softfloat-3/libsoftfloat.a.p/source_f64_to_ui32_r_minMag.c.o
[379/2842] Compiling C object subprojects/berkeley-softfloat-3/libsoftfloat.a.p/source_f64_to_ui64_r_minMag.c.o
[380/2842] Compiling C object subprojects/berkeley-softfloat-3/libsoftfloat.a.p/source_f64_to_ui64.c.o
[381/2842] Compiling C object subprojects/berkeley-softfloat-3/libsoftfloat.a.p/source_f64_to_i32_r_minMag.c.o
[382/2842] Compiling C object subprojects/berkeley-softfloat-3/libsoftfloat.a.p/source_f64_to_i64_r_minMag.c.o
[383/2842] Compiling C object subprojects/berkeley-softfloat-3/libsoftfloat.a.p/source_f64_to_extF80M.c.o
[384/2842] Compiling C object subprojects/berkeley-softfloat-3/libsoftfloat.a.p/source_f64_to_f16.c.o
[385/2842] Compiling C object subprojects/berkeley-softfloat-3/libsoftfloat.a.p/source_f64_to_f128M.c.o
[386/2842] Compiling C object subprojects/berkeley-softfloat-3/libsoftfloat.a.p/source_f64_add.c.o
[387/2842] Compiling C object subprojects/berkeley-softfloat-3/libsoftfloat.a.p/source_f64_to_f32.c.o
[388/2842] Compiling C object subprojects/berkeley-softfloat-3/libsoftfloat.a.p/source_f64_to_extF80.c.o
[389/2842] Compiling C object subprojects/berkeley-softfloat-3/libsoftfloat.a.p/source_f64_to_f128.c.o
[390/2842] Compiling C object subprojects/berkeley-softfloat-3/libsoftfloat.a.p/source_f64_sub.c.o
[391/2842] Compiling C object subprojects/berkeley-softfloat-3/libsoftfloat.a.p/source_f64_mulAdd.c.o
[392/2842] Compiling C object subprojects/berkeley-softfloat-3/libsoftfloat.a.p/source_f64_eq.c.o
[393/2842] Compiling C object subprojects/berkeley-softfloat-3/libsoftfloat.a.p/source_f64_mul.c.o
[394/2842] Compiling C object subprojects/berkeley-softfloat-3/libsoftfloat.a.p/source_f64_lt.c.o
[395/2842] Compiling C object subprojects/berkeley-softfloat-3/libsoftfloat.a.p/source_f64_eq_signaling.c.o
[396/2842] Compiling C object subprojects/berkeley-softfloat-3/libsoftfloat.a.p/source_f64_roundToInt.c.o
[397/2842] Compiling C object subprojects/berkeley-softfloat-3/libsoftfloat.a.p/source_f64_le.c.o
[398/2842] Compiling C object subprojects/berkeley-softfloat-3/libsoftfloat.a.p/source_f64_isSignalingNaN.c.o
[399/2842] Generating storage-daemon/qapi/QAPI files for qemu-storage-daemon with a custom command
[400/2842] Compiling C object subprojects/berkeley-softfloat-3/libsoftfloat.a.p/source_f64_lt_quiet.c.o
[401/2842] Compiling C object subprojects/berkeley-softfloat-3/libsoftfloat.a.p/source_extF80_to_ui32.c.o
[402/2842] Compiling C object subprojects/berkeley-softfloat-3/libsoftfloat.a.p/source_f64_le_quiet.c.o
[403/2842] Compiling C object subprojects/berkeley-softfloat-3/libsoftfloat.a.p/source_f64_div.c.o
[404/2842] Compiling C object subprojects/berkeley-softfloat-3/libsoftfloat.a.p/source_extF80_to_i32.c.o
[405/2842] Compiling C object subprojects/berkeley-softfloat-3/libsoftfloat.a.p/source_extF80_to_ui64.c.o
[406/2842] Compiling C object subprojects/berkeley-softfloat-3/libsoftfloat.a.p/source_extF80_to_i64.c.o
[407/2842] Compiling C object subprojects/berkeley-softfloat-3/libsoftfloat.a.p/source_extF80_to_ui64_r_minMag.c.o
[408/2842] Compiling C object subprojects/berkeley-softfloat-3/libsoftfloat.a.p/source_f64_sqrt.c.o
[409/2842] Compiling C object subprojects/berkeley-softfloat-3/libsoftfloat.a.p/source_extF80_to_ui32_r_minMag.c.o
[410/2842] Compiling C object subprojects/berkeley-softfloat-3/libsoftfloat.a.p/source_f64_rem.c.o
[411/2842] Compiling C object subprojects/berkeley-softfloat-3/libsoftfloat.a.p/source_extF80_to_i32_r_minMag.c.o
[412/2842] Compiling C object subprojects/berkeley-softfloat-3/libsoftfloat.a.p/source_extF80_to_i64_r_minMag.c.o
[413/2842] Compiling C object subprojects/berkeley-softfloat-3/libsoftfloat.a.p/source_extF80_to_f16.c.o
[414/2842] Compiling C object subprojects/berkeley-softfloat-3/libsoftfloat.a.p/source_extF80_add.c.o
[415/2842] Compiling C object subprojects/berkeley-softfloat-3/libsoftfloat.a.p/source_extF80_to_f32.c.o
[416/2842] Compiling C object subprojects/berkeley-softfloat-3/libsoftfloat.a.p/source_extF80_sub.c.o
[417/2842] Compiling C object subprojects/berkeley-softfloat-3/libsoftfloat.a.p/source_extF80_to_f128.c.o
[418/2842] Compiling C object subprojects/berkeley-softfloat-3/libsoftfloat.a.p/source_extF80_to_f64.c.o
[419/2842] Compiling C object subprojects/berkeley-softfloat-3/libsoftfloat.a.p/source_extF80_eq.c.o
[420/2842] Compiling C object subprojects/berkeley-softfloat-3/libsoftfloat.a.p/source_extF80_isSignalingNaN.c.o
[421/2842] Compiling C object subprojects/berkeley-softfloat-3/libsoftfloat.a.p/source_extF80M_to_ui32.c.o
[422/2842] Compiling C object subprojects/libvduse/libvduse.a.p/libvduse.c.o
[423/2842] Compiling C object subprojects/berkeley-softfloat-3/libsoftfloat.a.p/source_extF80_eq_signaling.c.o
[424/2842] Compiling C object subprojects/berkeley-softfloat-3/libsoftfloat.a.p/source_extF80_lt.c.o
[425/2842] Compiling C object subprojects/berkeley-softfloat-3/libsoftfloat.a.p/source_extF80_mul.c.o
[426/2842] Compiling C object subprojects/berkeley-softfloat-3/libsoftfloat.a.p/source_extF80M_to_ui64.c.o
[427/2842] Compiling C object subprojects/berkeley-softfloat-3/libsoftfloat.a.p/source_extF80M_to_i32.c.o
[428/2842] Compiling C object subprojects/berkeley-softfloat-3/libsoftfloat.a.p/source_extF80_roundToInt.c.o
[429/2842] Compiling C object subprojects/berkeley-softfloat-3/libsoftfloat.a.p/source_extF80_le.c.o
[430/2842] Compiling C object subprojects/berkeley-softfloat-3/libsoftfloat.a.p/source_extF80M_to_ui32_r_minMag.c.o
[431/2842] Compiling C object subprojects/berkeley-softfloat-3/libsoftfloat.a.p/source_extF80_le_quiet.c.o
[432/2842] Compiling C object subprojects/berkeley-softfloat-3/libsoftfloat.a.p/source_extF80_lt_quiet.c.o
[433/2842] Compiling C object subprojects/berkeley-softfloat-3/libsoftfloat.a.p/source_extF80M_to_i64.c.o
[434/2842] Compiling C object subprojects/berkeley-softfloat-3/libsoftfloat.a.p/source_extF80M_to_ui64_r_minMag.c.o
[435/2842] Compiling C object subprojects/berkeley-softfloat-3/libsoftfloat.a.p/source_extF80M_to_i32_r_minMag.c.o
[436/2842] Compiling C object subprojects/berkeley-softfloat-3/libsoftfloat.a.p/source_extF80_sqrt.c.o
[437/2842] Compiling C object subprojects/berkeley-softfloat-3/libsoftfloat.a.p/source_extF80M_to_i64_r_minMag.c.o
[438/2842] Compiling C object subprojects/berkeley-softfloat-3/libsoftfloat.a.p/source_extF80M_to_f16.c.o
[439/2842] Compiling C object subprojects/berkeley-softfloat-3/libsoftfloat.a.p/source_extF80M_to_f32.c.o
[440/2842] Compiling C object subprojects/berkeley-softfloat-3/libsoftfloat.a.p/source_extF80M_to_f64.c.o
[441/2842] Compiling C object subprojects/berkeley-softfloat-3/libsoftfloat.a.p/source_extF80_div.c.o
[442/2842] Compiling C object subprojects/berkeley-softfloat-3/libsoftfloat.a.p/source_extF80M_roundToInt.c.o
[443/2842] Compiling C object subprojects/berkeley-softfloat-3/libsoftfloat.a.p/source_extF80M_to_f128M.c.o
[444/2842] Compiling C object subprojects/berkeley-softfloat-3/libsoftfloat.a.p/source_extF80M_add.c.o
[445/2842] Compiling C object subprojects/berkeley-softfloat-3/libsoftfloat.a.p/source_extF80M_mul.c.o
[446/2842] Compiling C object subprojects/berkeley-softfloat-3/libsoftfloat.a.p/source_extF80M_div.c.o
[447/2842] Compiling C object subprojects/berkeley-softfloat-3/libsoftfloat.a.p/source_extF80M_sqrt.c.o
[448/2842] Compiling C object subprojects/berkeley-softfloat-3/libsoftfloat.a.p/source_extF80M_eq.c.o
[449/2842] Compiling C object subprojects/berkeley-softfloat-3/libsoftfloat.a.p/source_extF80_rem.c.o
[450/2842] Compiling C object subprojects/berkeley-softfloat-3/libsoftfloat.a.p/source_extF80M_sub.c.o
[451/2842] Compiling C object subprojects/berkeley-softfloat-3/libsoftfloat.a.p/source_extF80M_rem.c.o
[452/2842] Compiling C object subprojects/berkeley-softfloat-3/libsoftfloat.a.p/source_extF80M_le.c.o
[453/2842] Compiling C object subprojects/berkeley-softfloat-3/libsoftfloat.a.p/source_extF80M_lt.c.o
[454/2842] Compiling C object subprojects/berkeley-softfloat-3/libsoftfloat.a.p/source_extF80M_eq_signaling.c.o
[455/2842] Compiling C object subprojects/berkeley-softfloat-3/libsoftfloat.a.p/source_extF80M_lt_quiet.c.o
[456/2842] Compiling C object subprojects/berkeley-softfloat-3/libsoftfloat.a.p/source_extF80M_le_quiet.c.o
[457/2842] Compiling C object subprojects/berkeley-softfloat-3/libsoftfloat.a.p/source_f128_to_ui32.c.o
[458/2842] Compiling C object subprojects/berkeley-softfloat-3/libsoftfloat.a.p/source_f128_to_i32.c.o
[459/2842] Compiling C object subprojects/berkeley-softfloat-3/libsoftfloat.a.p/source_f128_to_ui64.c.o
[460/2842] Compiling C object subprojects/berkeley-softfloat-3/libsoftfloat.a.p/source_f128_to_ui32_r_minMag.c.o
[461/2842] Compiling C object subprojects/berkeley-softfloat-3/libsoftfloat.a.p/source_f128_sub.c.o
[462/2842] Compiling C object subprojects/berkeley-softfloat-3/libsoftfloat.a.p/source_f128_to_f16.c.o
[463/2842] Compiling C object subprojects/berkeley-softfloat-3/libsoftfloat.a.p/source_f128_to_i64.c.o
[464/2842] Generating qapi/shared QAPI source files with a custom command
[465/2842] Compiling C object subprojects/berkeley-softfloat-3/libsoftfloat.a.p/source_f128_to_ui64_r_minMag.c.o
[466/2842] Compiling C object subprojects/berkeley-softfloat-3/libsoftfloat.a.p/source_f128_to_f32.c.o
[467/2842] Compiling C object subprojects/berkeley-softfloat-3/libsoftfloat.a.p/source_f128_add.c.o
[468/2842] Compiling C object subprojects/berkeley-softfloat-3/libsoftfloat.a.p/source_f128_mulAdd.c.o
[469/2842] Compiling C object subprojects/libvhost-user/libvhost-user.a.p/libvhost-user.c.o
[470/2842] Compiling C object subprojects/berkeley-softfloat-3/libsoftfloat.a.p/source_f128_to_i32_r_minMag.c.o
[471/2842] Compiling C object subprojects/berkeley-softfloat-3/libsoftfloat.a.p/source_f128_to_i64_r_minMag.c.o
[472/2842] Compiling C object subprojects/berkeley-softfloat-3/libsoftfloat.a.p/source_f128_to_extF80.c.o
[473/2842] Compiling C object subprojects/berkeley-softfloat-3/libsoftfloat.a.p/source_f128_to_f64.c.o
[474/2842] Compiling C object subprojects/berkeley-softfloat-3/libsoftfloat.a.p/source_f128_roundToInt.c.o
[475/2842] Compiling C object subprojects/berkeley-softfloat-3/libsoftfloat.a.p/source_f128_mul.c.o
[476/2842] Compiling C object subprojects/berkeley-softfloat-3/libsoftfloat.a.p/source_f128_div.c.o
[477/2842] Compiling C object subprojects/berkeley-softfloat-3/libsoftfloat.a.p/source_f128_rem.c.o
[478/2842] Compiling C object subprojects/berkeley-softfloat-3/libsoftfloat.a.p/source_f128_sqrt.c.o
[479/2842] Compiling C object subprojects/berkeley-softfloat-3/libsoftfloat.a.p/source_f128_eq.c.o
[480/2842] Compiling C object subprojects/berkeley-softfloat-3/libsoftfloat.a.p/source_f128_le.c.o
[481/2842] Compiling C object subprojects/berkeley-softfloat-3/libsoftfloat.a.p/source_f128_lt.c.o
[482/2842] Compiling C object subprojects/berkeley-softfloat-3/libsoftfloat.a.p/source_f128_eq_signaling.c.o
[483/2842] Compiling C object subprojects/berkeley-softfloat-3/libsoftfloat.a.p/source_f128_le_quiet.c.o
[484/2842] Compiling C object subprojects/berkeley-softfloat-3/libsoftfloat.a.p/source_f128_lt_quiet.c.o
[485/2842] Compiling C object subprojects/berkeley-softfloat-3/libsoftfloat.a.p/source_f128_isSignalingNaN.c.o
[486/2842] Compiling C object subprojects/berkeley-softfloat-3/libsoftfloat.a.p/source_f128M_to_ui32.c.o
[487/2842] Compiling C object subprojects/berkeley-softfloat-3/libsoftfloat.a.p/source_f128M_to_ui64.c.o
[488/2842] Generating trace/trace-qapi_commands_block_trace_events.c with a custom command
[489/2842] Generating trace/trace-qapi_commands_authz_trace_events.h with a custom command
[490/2842] Generating trace/trace-qapi_commands_authz_trace_events.c with a custom command
[491/2842] Generating trace/trace-qapi_commands_block_trace_events.h with a custom command
[492/2842] Generating trace/trace-qapi_commands_block_export_trace_events.c with a custom command
[493/2842] Generating trace/trace-qapi_commands_char_trace_events.h with a custom command
[494/2842] Generating trace/trace-qapi_commands_char_trace_events.c with a custom command
[495/2842] Generating trace/trace-qapi_commands_common_trace_events.h with a custom command
[496/2842] Generating trace/trace-qapi_commands_common_trace_events.c with a custom command
[497/2842] Generating trace/trace-qapi_commands_compat_trace_events.c with a custom command
[498/2842] Generating trace/trace-qapi_commands_control_trace_events.h with a custom command
[499/2842] Generating trace/trace-qapi_commands_control_trace_events.c with a custom command
[500/2842] Generating trace/trace-qapi_commands_crypto_trace_events.h with a custom command
[501/2842] Generating trace/trace-qapi_commands_crypto_trace_events.c with a custom command
[502/2842] Generating trace/trace-qapi_commands_block_core_trace_events.h with a custom command
[503/2842] Generating trace/trace-qapi_commands_block_core_trace_events.c with a custom command
[504/2842] Generating trace/trace-qapi_commands_block_export_trace_events.h with a custom command
[505/2842] Generating trace/trace-qapi_commands_cxl_trace_events.h with a custom command
[506/2842] Generating trace/trace-qapi_commands_cxl_trace_events.c with a custom command
[507/2842] Generating trace/trace-qapi_commands_dump_trace_events.h with a custom command
[508/2842] Generating trace/trace-qapi_commands_dump_trace_events.c with a custom command
[509/2842] Generating trace/trace-qapi_commands_ebpf_trace_events.c with a custom command
[510/2842] Generating trace/trace-qapi_commands_compat_trace_events.h with a custom command
[511/2842] Generating trace/trace-qapi_commands_ebpf_trace_events.h with a custom command
[512/2842] Generating trace/trace-qapi_commands_error_trace_events.h with a custom command
[513/2842] Generating trace/trace-qapi_commands_error_trace_events.c with a custom command
[514/2842] Generating trace/trace-qapi_commands_introspect_trace_events.h with a custom command
[515/2842] Generating trace/trace-qapi_commands_introspect_trace_events.c with a custom command
[516/2842] Generating trace/trace-qapi_commands_machine_common_trace_events.h with a custom command
[517/2842] Generating trace/trace-qapi_commands_job_trace_events.h with a custom command
[518/2842] Generating trace/trace-qapi_commands_job_trace_events.c with a custom command
[519/2842] Generating trace/trace-qapi_commands_machine_common_trace_events.c with a custom command
[520/2842] Generating trace/trace-qapi_commands_net_trace_events.c with a custom command
[521/2842] Generating trace/trace-qapi_commands_misc_trace_events.c with a custom command
[522/2842] Generating trace/trace-qapi_commands_pragma_trace_events.h with a custom command
[523/2842] Generating trace/trace-qapi_commands_machine_trace_events.h with a custom command
[524/2842] Generating trace/trace-qapi_commands_machine_trace_events.c with a custom command
[525/2842] Generating trace/trace-qapi_commands_migration_trace_events.c with a custom command
[526/2842] Generating trace/trace-qapi_commands_misc_trace_events.h with a custom command
[527/2842] Generating trace/trace-qapi_commands_net_trace_events.h with a custom command
[528/2842] Generating trace/trace-qapi_commands_pragma_trace_events.c with a custom command
[529/2842] Generating trace/trace-qapi_commands_qom_trace_events.h with a custom command
[530/2842] Generating trace/trace-qapi_commands_migration_trace_events.h with a custom command
[531/2842] Generating trace/trace-qapi_commands_qom_trace_events.c with a custom command
[532/2842] Generating trace/trace-qapi_commands_replay_trace_events.h with a custom command
[533/2842] Generating trace/trace-qapi_commands_replay_trace_events.c with a custom command
[534/2842] Generating trace/trace-qapi_commands_run_state_trace_events.h with a custom command
[535/2842] Generating trace/trace-qapi_commands_run_state_trace_events.c with a custom command
[536/2842] Generating trace/trace-qapi_commands_sockets_trace_events.h with a custom command
[537/2842] Generating trace/trace-qapi_commands_sockets_trace_events.c with a custom command
[538/2842] Generating trace/trace-qapi_commands_stats_trace_events.c with a custom command
[539/2842] Generating trace/trace-qapi_commands_stats_trace_events.h with a custom command
[540/2842] Generating trace/trace-qapi_commands_trace_trace_events.h with a custom command
[541/2842] Generating trace/trace-qapi_commands_trace_trace_events.c with a custom command
[542/2842] Generating trace/trace-qapi_commands_transaction_trace_events.c with a custom command
[543/2842] Generating trace/trace-qapi_commands_vfio_trace_events.c with a custom command
[544/2842] Generating trace/trace-qapi_commands_transaction_trace_events.h with a custom command
[545/2842] Generating trace/trace-qapi_commands_vfio_trace_events.h with a custom command
[546/2842] Generating trace/trace-qapi_commands_virtio_trace_events.h with a custom command
[547/2842] Generating trace/trace-qapi_commands_virtio_trace_events.c with a custom command
[548/2842] Generating trace/trace-qapi_commands_yank_trace_events.h with a custom command
[549/2842] Generating trace/trace-qapi_commands_yank_trace_events.c with a custom command
[550/2842] Generating trace/trace-qapi_commands_acpi_trace_events.h with a custom command
[551/2842] Generating trace/trace-qapi_commands_acpi_trace_events.c with a custom command
[552/2842] Generating trace/trace-qapi_commands_audio_trace_events.c with a custom command
[553/2842] Generating trace/trace-qapi_commands_cryptodev_trace_events.c with a custom command
[554/2842] Generating trace/trace-qapi_commands_audio_trace_events.h with a custom command
[555/2842] Generating trace/trace-qapi_commands_cryptodev_trace_events.h with a custom command
[556/2842] Generating trace/trace-qapi_commands_qdev_trace_events.c with a custom command
[557/2842] Generating trace/trace-qapi_commands_pci_trace_events.c with a custom command
[558/2842] Generating trace/trace-qapi_commands_qdev_trace_events.h with a custom command
[559/2842] Generating trace/trace-qapi_commands_pci_trace_events.h with a custom command
[560/2842] Linking static target subprojects/libvhost-user/libvhost-user.a
[561/2842] Generating trace/trace-qapi_commands_rocker_trace_events.c with a custom command
[562/2842] Generating trace/trace-qapi_commands_rocker_trace_events.h with a custom command
[563/2842] Generating trace/trace-qapi_commands_tpm_trace_events.h with a custom command
[564/2842] Generating trace/trace-qapi_commands_tpm_trace_events.c with a custom command
[565/2842] Generating trace/trace-qapi_commands_machine_target_trace_events.c with a custom command
[566/2842] Generating trace/trace-qapi_commands_ui_trace_events.c with a custom command
[567/2842] Generating trace/trace-qapi_commands_ui_trace_events.h with a custom command
[568/2842] Generating trace/trace-qapi_commands_machine_target_trace_events.h with a custom command
[569/2842] Generating trace/trace-qapi_commands_misc_target_trace_events.c with a custom command
[570/2842] Generating trace/trace-qapi_commands_misc_target_trace_events.h with a custom command
[571/2842] Compiling C object subprojects/berkeley-softfloat-3/libsoftfloat.a.p/source_f128M_to_i64.c.o
[572/2842] Compiling C object subprojects/berkeley-softfloat-3/libsoftfloat.a.p/source_f128M_to_i32.c.o
[573/2842] Compiling C object subprojects/berkeley-softfloat-3/libsoftfloat.a.p/source_f128M_to_ui32_r_minMag.c.o
[574/2842] Compiling C object subprojects/berkeley-softfloat-3/libsoftfloat.a.p/source_f128M_to_ui64_r_minMag.c.o
[575/2842] Compiling C object subprojects/berkeley-softfloat-3/libsoftfloat.a.p/source_f128M_to_i32_r_minMag.c.o
[576/2842] Compiling C object subprojects/berkeley-softfloat-3/libsoftfloat.a.p/source_f128M_to_i64_r_minMag.c.o
[577/2842] Compiling C object subprojects/berkeley-softfloat-3/libsoftfloat.a.p/source_f128M_to_f16.c.o
[578/2842] Compiling C object subprojects/berkeley-softfloat-3/libsoftfloat.a.p/source_f128M_roundToInt.c.o
[579/2842] Compiling C object subprojects/berkeley-softfloat-3/libsoftfloat.a.p/source_f128M_to_f64.c.o
[580/2842] Compiling C object subprojects/berkeley-softfloat-3/libsoftfloat.a.p/source_f128M_to_extF80M.c.o
[581/2842] Compiling C object subprojects/berkeley-softfloat-3/libsoftfloat.a.p/source_f128M_mulAdd.c.o
[582/2842] Compiling C object subprojects/berkeley-softfloat-3/libsoftfloat.a.p/source_f128M_mul.c.o
[583/2842] Compiling C object subprojects/berkeley-softfloat-3/libsoftfloat.a.p/source_f128M_sub.c.o
[584/2842] Compiling C object subprojects/berkeley-softfloat-3/libsoftfloat.a.p/source_f128M_add.c.o
[585/2842] Compiling C object subprojects/berkeley-softfloat-3/libsoftfloat.a.p/source_f128M_to_f32.c.o
[586/2842] Compiling C object subprojects/berkeley-softfloat-3/libsoftfloat.a.p/source_f128M_div.c.o
[587/2842] Compiling C object subprojects/berkeley-softfloat-3/libsoftfloat.a.p/source_f128M_rem.c.o
[588/2842] Compiling C object subprojects/berkeley-softfloat-3/libsoftfloat.a.p/source_f128M_sqrt.c.o
[589/2842] Compiling C object subprojects/berkeley-softfloat-3/libsoftfloat.a.p/source_f128M_eq.c.o
[590/2842] Compiling C object subprojects/berkeley-softfloat-3/libsoftfloat.a.p/source_f128M_lt.c.o
[591/2842] Compiling C object subprojects/berkeley-softfloat-3/libsoftfloat.a.p/source_f128M_le_quiet.c.o
[592/2842] Compiling C object subprojects/berkeley-softfloat-3/libsoftfloat.a.p/source_f128M_eq_signaling.c.o
[593/2842] Compiling C object subprojects/berkeley-softfloat-3/libsoftfloat.a.p/source_f128M_le.c.o
[594/2842] Compiling C object libqemuutil.a.p/meson-generated_.._qapi_qapi-events-authz.c.o
[595/2842] Compiling C object libqemuutil.a.p/meson-generated_.._qapi_qapi-commands-authz.c.o
[596/2842] Compiling C object libqemuutil.a.p/meson-generated_.._qapi_qapi-types-common.c.o
[597/2842] Compiling C object libqemuutil.a.p/meson-generated_.._qapi_qapi-types-authz.c.o
[598/2842] Compiling C object libqemuutil.a.p/meson-generated_.._qapi_qapi-builtin-types.c.o
[599/2842] Compiling C object libqemuutil.a.p/meson-generated_.._qapi_qapi-types-block.c.o
[600/2842] Compiling C object libqemuutil.a.p/meson-generated_.._qapi_qapi-events-char.c.o
[601/2842] Compiling C object libqemuutil.a.p/meson-generated_.._qapi_qapi-types-block-export.c.o
[602/2842] Compiling C object libqemuutil.a.p/meson-generated_.._qapi_qapi-events-block-export.c.o
[603/2842] Compiling C object libqemuutil.a.p/meson-generated_.._qapi_qapi-visit-authz.c.o
[604/2842] Compiling C object libqemuutil.a.p/meson-generated_.._qapi_qapi-events-block.c.o
[605/2842] Compiling C object libqemuutil.a.p/meson-generated_.._qapi_qapi-visit-common.c.o
[606/2842] Compiling C object libqemuutil.a.p/meson-generated_.._qapi_qapi-types-char.c.o
[607/2842] Compiling C object libqemuutil.a.p/meson-generated_.._qapi_qapi-builtin-visit.c.o
[608/2842] Compiling C object libqemuutil.a.p/meson-generated_.._qapi_qapi-visit-block.c.o
[609/2842] Compiling C object libqemuutil.a.p/meson-generated_.._qapi_qapi-commands-common.c.o
[610/2842] Compiling C object libqemuutil.a.p/meson-generated_.._qapi_qapi-events-common.c.o
[611/2842] Compiling C object libqemuutil.a.p/meson-generated_.._qapi_qapi-events-compat.c.o
[612/2842] Compiling C object libqemuutil.a.p/meson-generated_.._qapi_qapi-types-compat.c.o
[613/2842] Compiling C object libqemuutil.a.p/meson-generated_.._qapi_qapi-commands-compat.c.o
[614/2842] Compiling C object libqemuutil.a.p/meson-generated_.._qapi_qapi-events-block-core.c.o
[615/2842] Compiling C object libqemuutil.a.p/meson-generated_.._qapi_qapi-events-control.c.o
[616/2842] Compiling C object libqemuutil.a.p/meson-generated_.._qapi_qapi-types-control.c.o
[617/2842] Compiling C object libqemuutil.a.p/meson-generated_.._qapi_qapi-visit-block-export.c.o
[618/2842] Compiling C object libqemuutil.a.p/meson-generated_.._qapi_qapi-visit-compat.c.o
[619/2842] Compiling C object libqemuutil.a.p/meson-generated_.._qapi_qapi-commands-crypto.c.o
[620/2842] Compiling C object libqemuutil.a.p/meson-generated_.._qapi_qapi-commands-block-export.c.o
[621/2842] Compiling C object libqemuutil.a.p/meson-generated_.._qapi_qapi-events-crypto.c.o
[622/2842] Compiling C object libqemuutil.a.p/meson-generated_.._qapi_qapi-commands-char.c.o
[623/2842] Compiling C object libqemuutil.a.p/meson-generated_.._qapi_qapi-events-cxl.c.o
[624/2842] Compiling C object libqemuutil.a.p/meson-generated_.._qapi_qapi-commands-block.c.o
[625/2842] Compiling C object libqemuutil.a.p/meson-generated_.._qapi_qapi-types-crypto.c.o
[626/2842] Compiling C object libqemuutil.a.p/meson-generated_.._qapi_qapi-visit-control.c.o
[627/2842] Compiling C object libqemuutil.a.p/meson-generated_.._qapi_qapi-types-cxl.c.o
[628/2842] Compiling C object libqemuutil.a.p/meson-generated_.._qapi_qapi-types-dump.c.o
[629/2842] Compiling C object libqemuutil.a.p/meson-generated_.._qapi_qapi-commands-control.c.o
[630/2842] Compiling C object libqemuutil.a.p/meson-generated_.._qapi_qapi-visit-ebpf.c.o
[631/2842] Compiling C object libqemuutil.a.p/meson-generated_.._qapi_qapi-types-ebpf.c.o
[632/2842] Compiling C object libqemuutil.a.p/meson-generated_.._qapi_qapi-events-dump.c.o
[633/2842] Compiling C object libqemuutil.a.p/meson-generated_.._qapi_qapi-events-ebpf.c.o
[634/2842] Compiling C object libqemuutil.a.p/meson-generated_.._qapi_qapi-commands-ebpf.c.o
[635/2842] Compiling C object libqemuutil.a.p/meson-generated_.._qapi_qapi-visit-char.c.o
[636/2842] Compiling C object libqemuutil.a.p/meson-generated_.._qapi_qapi-types-error.c.o
[637/2842] Compiling C object libqemuutil.a.p/meson-generated_.._qapi_qapi-visit-dump.c.o
[638/2842] Compiling C object libqemuutil.a.p/meson-generated_.._qapi_qapi-events-error.c.o
[639/2842] Compiling C object libqemuutil.a.p/meson-generated_.._qapi_qapi-visit-error.c.o
[640/2842] Compiling C object libqemuutil.a.p/meson-generated_.._qapi_qapi-visit-cxl.c.o
[641/2842] Compiling C object libqemuutil.a.p/meson-generated_.._qapi_qapi-types-block-core.c.o
[642/2842] Compiling C object libqemuutil.a.p/meson-generated_.._qapi_qapi-commands-error.c.o
[643/2842] Compiling C object libqemuutil.a.p/meson-generated_.._qapi_qapi-commands-dump.c.o
[644/2842] Compiling C object libqemuutil.a.p/meson-generated_.._qapi_qapi-events-introspect.c.o
[645/2842] Compiling C object libqemuutil.a.p/meson-generated_.._qapi_qapi-commands-introspect.c.o
[646/2842] Compiling C object libqemuutil.a.p/meson-generated_.._qapi_qapi-types-introspect.c.o
[647/2842] Compiling C object libqemuutil.a.p/meson-generated_.._qapi_qapi-types-job.c.o
[648/2842] Compiling C object libqemuutil.a.p/meson-generated_.._qapi_qapi-events-job.c.o
[649/2842] Compiling C object libqemuutil.a.p/meson-generated_.._qapi_qapi-commands-cxl.c.o
[650/2842] Compiling C object libqemuutil.a.p/meson-generated_.._qapi_qapi-types-machine-common.c.o
[651/2842] Compiling C object libqemuutil.a.p/meson-generated_.._qapi_qapi-commands-machine-common.c.o
[652/2842] Compiling C object libqemuutil.a.p/meson-generated_.._qapi_qapi-visit-job.c.o
[653/2842] Compiling C object libqemuutil.a.p/meson-generated_.._qapi_qapi-events-machine-common.c.o
[654/2842] Compiling C object libqemuutil.a.p/meson-generated_.._qapi_qapi-visit-machine-common.c.o
[655/2842] Compiling C object libqemuutil.a.p/meson-generated_.._qapi_qapi-visit-crypto.c.o
[656/2842] Compiling C object libqemuutil.a.p/meson-generated_.._qapi_qapi-types-misc.c.o
[657/2842] Compiling C object libqemuutil.a.p/meson-generated_.._qapi_qapi-events-machine.c.o
[658/2842] Compiling C object libqemuutil.a.p/meson-generated_.._qapi_qapi-types-migration.c.o
[659/2842] Compiling C object libqemuutil.a.p/meson-generated_.._qapi_qapi-events-migration.c.o
[660/2842] Compiling C object libqemuutil.a.p/meson-generated_.._qapi_qapi-visit-introspect.c.o
[661/2842] Compiling C object libqemuutil.a.p/meson-generated_.._qapi_qapi-visit-pragma.c.o
[662/2842] Compiling C object libqemuutil.a.p/meson-generated_.._qapi_qapi-events-misc.c.o
[663/2842] Compiling C object libqemuutil.a.p/meson-generated_.._qapi_qapi-commands-job.c.o
[664/2842] Compiling C object libqemuutil.a.p/meson-generated_.._qapi_qapi-types-pragma.c.o
[665/2842] Compiling C object libqemuutil.a.p/meson-generated_.._qapi_qapi-types-machine.c.o
[666/2842] Compiling C object libqemuutil.a.p/meson-generated_.._qapi_qapi-events-pragma.c.o
[667/2842] Compiling C object libqemuutil.a.p/meson-generated_.._qapi_qapi-types-net.c.o
[668/2842] Compiling C object libqemuutil.a.p/meson-generated_.._qapi_qapi-events-net.c.o
[669/2842] Compiling C object libqemuutil.a.p/meson-generated_.._qapi_qapi-commands-pragma.c.o
[670/2842] Compiling C object libqemuutil.a.p/meson-generated_.._qapi_qapi-types-replay.c.o
[671/2842] Compiling C object libqemuutil.a.p/meson-generated_.._qapi_qapi-events-replay.c.o
[672/2842] Compiling C object libqemuutil.a.p/meson-generated_.._qapi_qapi-visit-misc.c.o
[673/2842] Compiling C object libqemuutil.a.p/meson-generated_.._qapi_qapi-commands-net.c.o
[674/2842] Compiling C object libqemuutil.a.p/meson-generated_.._qapi_qapi-visit-replay.c.o
[675/2842] Compiling C object libqemuutil.a.p/meson-generated_.._qapi_qapi-events-qom.c.o
[676/2842] Compiling C object libqemuutil.a.p/meson-generated_.._qapi_qapi-types-run-state.c.o
[677/2842] Compiling C object libqemuutil.a.p/meson-generated_.._qapi_qapi-types-sockets.c.o
[678/2842] Compiling C object libqemuutil.a.p/meson-generated_.._qapi_qapi-commands-run-state.c.o
[679/2842] Compiling C object libqemuutil.a.p/meson-generated_.._qapi_qapi-commands-replay.c.o
[680/2842] Compiling C object libqemuutil.a.p/meson-generated_.._qapi_qapi-events-sockets.c.o
[681/2842] Compiling C object libqemuutil.a.p/meson-generated_.._qapi_qapi-types-qom.c.o
[682/2842] Compiling C object libqemuutil.a.p/meson-generated_.._qapi_qapi-commands-sockets.c.o
[683/2842] Compiling C object libqemuutil.a.p/meson-generated_.._qapi_qapi-events-run-state.c.o
[684/2842] Compiling C object libqemuutil.a.p/meson-generated_.._qapi_qapi-visit-run-state.c.o
[685/2842] Compiling C object libqemuutil.a.p/meson-generated_.._qapi_qapi-commands-misc.c.o
[686/2842] Compiling C object libqemuutil.a.p/meson-generated_.._qapi_qapi-events-stats.c.o
[687/2842] Compiling C object libqemuutil.a.p/meson-generated_.._qapi_qapi-types-trace.c.o
[688/2842] Compiling C object libqemuutil.a.p/meson-generated_.._qapi_qapi-types-stats.c.o
[689/2842] Compiling C object libqemuutil.a.p/meson-generated_.._qapi_qapi-commands-qom.c.o
[690/2842] Compiling C object libqemuutil.a.p/meson-generated_.._qapi_qapi-visit-net.c.o
[691/2842] Compiling C object libqemuutil.a.p/meson-generated_.._qapi_qapi-events-trace.c.o
[692/2842] Compiling C object libqemuutil.a.p/meson-generated_.._qapi_qapi-commands-stats.c.o
[693/2842] Compiling C object libqemuutil.a.p/meson-generated_.._qapi_qapi-commands-block-core.c.o
[694/2842] Compiling C object libqemuutil.a.p/meson-generated_.._qapi_qapi-visit-sockets.c.o
[695/2842] Compiling C object libqemuutil.a.p/meson-generated_.._qapi_qapi-visit-trace.c.o
[696/2842] Compiling C object libqemuutil.a.p/meson-generated_.._qapi_qapi-types-vfio.c.o
[697/2842] Compiling C object libqemuutil.a.p/meson-generated_.._qapi_qapi-visit-vfio.c.o
[698/2842] Compiling C object libqemuutil.a.p/meson-generated_.._qapi_qapi-events-transaction.c.o
[699/2842] Compiling C object libqemuutil.a.p/meson-generated_.._qapi_qapi-commands-vfio.c.o
[700/2842] Compiling C object libqemuutil.a.p/meson-generated_.._qapi_qapi-commands-trace.c.o
[701/2842] Compiling C object libqemuutil.a.p/meson-generated_.._qapi_qapi-events-vfio.c.o
[702/2842] Compiling C object libqemuutil.a.p/meson-generated_.._qapi_qapi-types-transaction.c.o
[703/2842] Compiling C object libqemuutil.a.p/meson-generated_.._qapi_qapi-events-virtio.c.o
[704/2842] Compiling C object libqemuutil.a.p/meson-generated_.._qapi_qapi-visit-stats.c.o
[705/2842] Compiling C object libqemuutil.a.p/meson-generated_.._qapi_qapi-commands-transaction.c.o
[706/2842] Compiling C object libqemuutil.a.p/meson-generated_.._qapi_qapi-types-virtio.c.o
[707/2842] Compiling C object libqemuutil.a.p/meson-generated_.._qapi_qapi-visit-migration.c.o
[708/2842] Compiling C object libqemuutil.a.p/meson-generated_.._qapi_qapi-events-yank.c.o
[709/2842] Compiling C object libqemuutil.a.p/meson-generated_.._qapi_qapi-types-yank.c.o
[710/2842] Compiling C object libqemuutil.a.p/meson-generated_.._qapi_qapi-types-acpi.c.o
[711/2842] Compiling C object libqemuutil.a.p/meson-generated_.._qapi_qapi-visit-transaction.c.o
[712/2842] Compiling C object libqemuutil.a.p/meson-generated_.._qapi_qapi-visit-machine.c.o
[713/2842] Compiling C object libqemuutil.a.p/meson-generated_.._qapi_qapi-visit-yank.c.o
[714/2842] Compiling C object libqemuutil.a.p/meson-generated_.._qapi_qapi-events-acpi.c.o
[715/2842] Compiling C object libqemuutil.a.p/meson-generated_.._qapi_qapi-events-audio.c.o
[716/2842] Compiling C object libqemuutil.a.p/meson-generated_.._qapi_qapi-commands-yank.c.o
[717/2842] Compiling C object libqemuutil.a.p/meson-generated_.._qapi_qapi-commands-acpi.c.o
[718/2842] Compiling C object libqemuutil.a.p/meson-generated_.._qapi_qapi-visit-acpi.c.o
[719/2842] Compiling C object libqemuutil.a.p/meson-generated_.._qapi_qapi-events-cryptodev.c.o
[720/2842] Compiling C object libqemuutil.a.p/meson-generated_.._qapi_qapi-commands-audio.c.o
[721/2842] Compiling C object libqemuutil.a.p/meson-generated_.._qapi_qapi-types-cryptodev.c.o
[722/2842] Compiling C object libqemuutil.a.p/meson-generated_.._qapi_qapi-types-audio.c.o
[723/2842] Compiling C object libqemuutil.a.p/meson-generated_.._qapi_qapi-commands-migration.c.o
[724/2842] Compiling C object libqemuutil.a.p/meson-generated_.._qapi_qapi-commands-machine.c.o
[725/2842] Compiling C object libqemuutil.a.p/meson-generated_.._qapi_qapi-commands-virtio.c.o
[726/2842] Compiling C object libqemuutil.a.p/meson-generated_.._qapi_qapi-visit-cryptodev.c.o
[727/2842] Compiling C object libqemuutil.a.p/meson-generated_.._qapi_qapi-commands-cryptodev.c.o
[728/2842] Compiling C object libqemuutil.a.p/meson-generated_.._qapi_qapi-types-qdev.c.o
[729/2842] Compiling C object libqemuutil.a.p/meson-generated_.._qapi_qapi-events-pci.c.o
[730/2842] Compiling C object libqemuutil.a.p/meson-generated_.._qapi_qapi-types-pci.c.o
[731/2842] Compiling C object libqemuutil.a.p/meson-generated_.._qapi_qapi-visit-virtio.c.o
[732/2842] Compiling C object libqemuutil.a.p/meson-generated_.._qapi_qapi-visit-qdev.c.o
[733/2842] Compiling C object libqemuutil.a.p/meson-generated_.._qapi_qapi-events-rocker.c.o
[734/2842] Compiling C object libqemuutil.a.p/meson-generated_.._qapi_qapi-events-tpm.c.o
[735/2842] Compiling C object libqemuutil.a.p/meson-generated_.._qapi_qapi-events-qdev.c.o
[736/2842] Compiling C object libqemuutil.a.p/meson-generated_.._qapi_qapi-commands-pci.c.o
[737/2842] Compiling C object libqemuutil.a.p/meson-generated_.._qapi_qapi-types-rocker.c.o
[738/2842] Compiling C object libqemuutil.a.p/meson-generated_.._qapi_qapi-visit-qom.c.o
[739/2842] Compiling C object libqemuutil.a.p/meson-generated_.._qapi_qapi-types-tpm.c.o
[740/2842] Compiling C object libqemuutil.a.p/meson-generated_.._qapi_qapi-events-ui.c.o
[741/2842] Compiling C object libqemuutil.a.p/meson-generated_.._qapi_qapi-commands-qdev.c.o
[742/2842] Compiling C object libqemuutil.a.p/meson-generated_.._qapi_qapi-visit-pci.c.o
[743/2842] Compiling C object libqemuutil.a.p/meson-generated_.._qapi_qapi-types-ui.c.o
[744/2842] Compiling C object libqemuutil.a.p/meson-generated_.._qapi_qapi-commands-tpm.c.o
[745/2842] Compiling C object libqemuutil.a.p/meson-generated_.._trace_trace-root.c.o
[746/2842] Compiling C object libqemuutil.a.p/meson-generated_.._qapi_qapi-visit-tpm.c.o
[747/2842] Compiling C object libqemuutil.a.p/meson-generated_.._trace_trace-crypto.c.o
[748/2842] Compiling C object libqemuutil.a.p/meson-generated_.._qapi_qapi-commands-rocker.c.o
[749/2842] Compiling C object libqemuutil.a.p/meson-generated_.._trace_trace-qapi.c.o
[750/2842] Compiling C object libqemuutil.a.p/meson-generated_.._trace_trace-qom.c.o
[751/2842] Compiling C object libqemuutil.a.p/meson-generated_.._trace_trace-monitor.c.o
[752/2842] Compiling C object libqemuutil.a.p/meson-generated_.._trace_trace-util.c.o
[753/2842] Compiling C object libqemuutil.a.p/meson-generated_.._trace_trace-gdbstub.c.o
[754/2842] Compiling C object libqemuutil.a.p/meson-generated_.._qapi_qapi-visit-rocker.c.o
[755/2842] Compiling C object libqemuutil.a.p/meson-generated_.._trace_trace-authz.c.o
[756/2842] Compiling C object libqemuutil.a.p/meson-generated_.._qapi_qapi-visit-audio.c.o
[757/2842] Compiling C object libqemuutil.a.p/meson-generated_.._trace_trace-chardev.c.o
[758/2842] Compiling C object libqemuutil.a.p/meson-generated_.._trace_trace-io.c.o
[759/2842] Compiling C object libqemuutil.a.p/meson-generated_.._trace_trace-block.c.o
[760/2842] Compiling C object libqemuutil.a.p/meson-generated_.._trace_trace-nbd.c.o
[761/2842] Compiling C object libqemuutil.a.p/meson-generated_.._trace_trace-scsi.c.o
[762/2842] Compiling C object libqemuutil.a.p/meson-generated_.._trace_trace-accel_kvm.c.o
[763/2842] Compiling C object libqemuutil.a.p/meson-generated_.._trace_trace-backends.c.o
[764/2842] Compiling C object libqemuutil.a.p/meson-generated_.._trace_trace-ebpf.c.o
[765/2842] Compiling C object libqemuutil.a.p/meson-generated_.._trace_trace-audio.c.o
[766/2842] Compiling C object libqemuutil.a.p/meson-generated_.._trace_trace-backends_tpm.c.o
[767/2842] Compiling C object libqemuutil.a.p/meson-generated_.._trace_trace-hw_alpha.c.o
[768/2842] Compiling C object libqemuutil.a.p/meson-generated_.._trace_trace-hw_adc.c.o
[769/2842] Compiling C object libqemuutil.a.p/meson-generated_.._trace_trace-hw_9pfs.c.o
[770/2842] Compiling C object libqemuutil.a.p/meson-generated_.._trace_trace-hw_acpi.c.o
[771/2842] Compiling C object libqemuutil.a.p/meson-generated_.._trace_trace-hw_arm.c.o
[772/2842] Compiling C object libqemuutil.a.p/meson-generated_.._trace_trace-hw_audio.c.o
[773/2842] Compiling C object libqemuutil.a.p/meson-generated_.._trace_trace-hw_block.c.o
[774/2842] Compiling C object libqemuutil.a.p/meson-generated_.._trace_trace-hw_char.c.o
[775/2842] Compiling C object libqemuutil.a.p/meson-generated_.._trace_trace-hw_hyperv.c.o
[776/2842] Compiling C object libqemuutil.a.p/meson-generated_.._trace_trace-hw_fsi.c.o
[777/2842] Compiling C object libqemuutil.a.p/meson-generated_.._trace_trace-hw_i2c.c.o
[778/2842] Compiling C object libqemuutil.a.p/meson-generated_.._trace_trace-hw_dma.c.o
[779/2842] Compiling C object libqemuutil.a.p/meson-generated_.._trace_trace-hw_i386_xen.c.o
[780/2842] Compiling C object libqemuutil.a.p/meson-generated_.._trace_trace-hw_display.c.o
[781/2842] Compiling C object libqemuutil.a.p/meson-generated_.._trace_trace-hw_i386.c.o
[782/2842] Compiling C object libqemuutil.a.p/meson-generated_.._trace_trace-hw_i386_kvm.c.o
[783/2842] Compiling C object libqemuutil.a.p/meson-generated_.._qapi_qapi-commands-ui.c.o
[784/2842] Compiling C object libqemuutil.a.p/meson-generated_.._trace_trace-hw_ide.c.o
[785/2842] Compiling C object libqemuutil.a.p/meson-generated_.._trace_trace-hw_mem.c.o
[786/2842] Compiling C object libqemuutil.a.p/meson-generated_.._trace_trace-hw_mips.c.o
[787/2842] Compiling C object libqemuutil.a.p/meson-generated_.._trace_trace-hw_misc_macio.c.o
[788/2842] Compiling C object libqemuutil.a.p/meson-generated_.._trace_trace-hw_nubus.c.o
[789/2842] Compiling C object libqemuutil.a.p/meson-generated_.._trace_trace-hw_input.c.o
[790/2842] Compiling C object libqemuutil.a.p/meson-generated_.._trace_trace-hw_net_can.c.o
[791/2842] Compiling C object libqemuutil.a.p/meson-generated_.._trace_trace-hw_isa.c.o
[792/2842] Compiling C object libqemuutil.a.p/meson-generated_.._trace_trace-hw_intc.c.o
[793/2842] Compiling C object libqemuutil.a.p/meson-generated_.._trace_trace-hw_pci.c.o
[794/2842] Compiling C object libqemuutil.a.p/meson-generated_.._trace_trace-hw_misc.c.o
[795/2842] Compiling C object libqemuutil.a.p/meson-generated_.._trace_trace-hw_nvram.c.o
[796/2842] Compiling C object libqemuutil.a.p/meson-generated_.._trace_trace-hw_pci_host.c.o
[797/2842] Compiling C object libqemuutil.a.p/meson-generated_.._trace_trace-hw_nvme.c.o
[798/2842] Compiling C object libqemuutil.a.p/meson-generated_.._trace_trace-hw_rtc.c.o
[799/2842] Compiling C object libqemuutil.a.p/meson-generated_.._trace_trace-hw_ppc.c.o
[800/2842] Compiling C object libqemuutil.a.p/meson-generated_.._trace_trace-hw_net.c.o
[801/2842] Compiling C object libqemuutil.a.p/meson-generated_.._trace_trace-hw_s390x.c.o
[802/2842] Compiling C object libqemuutil.a.p/meson-generated_.._trace_trace-hw_riscv.c.o
[803/2842] Compiling C object libqemuutil.a.p/meson-generated_.._trace_trace-hw_sd.c.o
[804/2842] Compiling C object libqemuutil.a.p/meson-generated_.._trace_trace-hw_sensor.c.o
[805/2842] Compiling C object libqemuutil.a.p/meson-generated_.._trace_trace-hw_sh4.c.o
[806/2842] Compiling C object libqemuutil.a.p/meson-generated_.._trace_trace-hw_sparc.c.o
[807/2842] Compiling C object libqemuutil.a.p/meson-generated_.._trace_trace-hw_scsi.c.o
[808/2842] Compiling C object libqemuutil.a.p/meson-generated_.._trace_trace-hw_tpm.c.o
[809/2842] Compiling C object libqemuutil.a.p/meson-generated_.._trace_trace-hw_sparc64.c.o
[810/2842] Compiling C object libqemuutil.a.p/meson-generated_.._trace_trace-hw_ufs.c.o
[811/2842] Compiling C object libqemuutil.a.p/meson-generated_.._trace_trace-hw_ssi.c.o
[812/2842] Compiling C object libqemuutil.a.p/meson-generated_.._trace_trace-hw_timer.c.o
[813/2842] Compiling C object libqemuutil.a.p/meson-generated_.._trace_trace-hw_virtio.c.o
[814/2842] Compiling C object libqemuutil.a.p/meson-generated_.._trace_trace-hw_vfio.c.o
[815/2842] Compiling C object libqemuutil.a.p/meson-generated_.._qapi_qapi-visit-ui.c.o
[816/2842] Compiling C object libqemuutil.a.p/meson-generated_.._trace_trace-hw_gpio.c.o
[817/2842] Compiling C object libqemuutil.a.p/meson-generated_.._trace_trace-hw_watchdog.c.o
[818/2842] Compiling C object libqemuutil.a.p/meson-generated_.._trace_trace-hw_xen.c.o
[819/2842] Compiling C object libqemuutil.a.p/meson-generated_.._trace_trace-hw_usb.c.o
[820/2842] Compiling C object libqemuutil.a.p/meson-generated_.._trace_trace-system.c.o
[821/2842] Compiling C object libqemuutil.a.p/meson-generated_.._trace_trace-hw_remote.c.o
[822/2842] Compiling C object libqemuutil.a.p/meson-generated_.._trace_trace-net.c.o
[823/2842] Compiling C object libqemuutil.a.p/meson-generated_.._trace_trace-accel_tcg.c.o
[824/2842] Compiling C object libqemuutil.a.p/meson-generated_.._trace_trace-target_arm.c.o
[825/2842] Compiling C object libqemuutil.a.p/meson-generated_.._trace_trace-hw_core.c.o
[826/2842] Compiling C object libqemuutil.a.p/meson-generated_.._trace_trace-migration.c.o
[827/2842] Compiling C object libqemuutil.a.p/meson-generated_.._trace_trace-target_arm_hvf.c.o
[828/2842] Compiling C object libqemuutil.a.p/meson-generated_.._trace_trace-ui.c.o
[829/2842] Compiling C object libqemuutil.a.p/meson-generated_.._trace_trace-target_hppa.c.o
[830/2842] Compiling C object libqemuutil.a.p/meson-generated_.._trace_trace-target_i386.c.o
[831/2842] Compiling C object libqemuutil.a.p/meson-generated_.._trace_trace-target_loongarch.c.o
[832/2842] Compiling C object libqemuutil.a.p/meson-generated_.._trace_trace-target_i386_kvm.c.o
[833/2842] Compiling C object libqemuutil.a.p/meson-generated_.._trace_trace-target_riscv.c.o
[834/2842] Compiling C object libqemuutil.a.p/meson-generated_.._trace_trace-target_mips_tcg.c.o
[835/2842] Compiling C object libqemuutil.a.p/meson-generated_.._trace_trace-target_ppc.c.o
[836/2842] Compiling C object libqemuutil.a.p/meson-generated_.._trace_trace-qapi_commands_authz_trace_events.c.o
[837/2842] Compiling C object libqemuutil.a.p/meson-generated_.._trace_trace-target_s390x_kvm.c.o
[838/2842] Compiling C object libqemuutil.a.p/meson-generated_.._trace_trace-target_s390x.c.o
[839/2842] Compiling C object libqemuutil.a.p/meson-generated_.._trace_trace-qapi_commands_block_trace_events.c.o
[840/2842] Compiling C object libqemuutil.a.p/meson-generated_.._trace_trace-qapi_commands_common_trace_events.c.o
[841/2842] Compiling C object libqemuutil.a.p/meson-generated_.._trace_trace-qapi_commands_block_export_trace_events.c.o
[842/2842] Compiling C object libqemuutil.a.p/meson-generated_.._trace_trace-qapi_commands_char_trace_events.c.o
[843/2842] Compiling C object libqemuutil.a.p/meson-generated_.._trace_trace-target_sparc.c.o
[844/2842] Compiling C object libqemuutil.a.p/meson-generated_.._trace_trace-qapi_commands_compat_trace_events.c.o
[845/2842] Compiling C object libqemuutil.a.p/meson-generated_.._trace_trace-qapi_commands_crypto_trace_events.c.o
[846/2842] Compiling C object libqemuutil.a.p/meson-generated_.._trace_trace-qapi_commands_block_core_trace_events.c.o
[847/2842] Compiling C object libqemuutil.a.p/meson-generated_.._trace_trace-qapi_commands_control_trace_events.c.o
[848/2842] Compiling C object libqemuutil.a.p/meson-generated_.._trace_trace-qapi_commands_cxl_trace_events.c.o
[849/2842] Compiling C object libqemuutil.a.p/meson-generated_.._trace_trace-qapi_commands_dump_trace_events.c.o
[850/2842] Compiling C object libqemuutil.a.p/meson-generated_.._trace_trace-qapi_commands_error_trace_events.c.o
[851/2842] Compiling C object libqemuutil.a.p/meson-generated_.._trace_trace-qapi_commands_ebpf_trace_events.c.o
[852/2842] Compiling C object libqemuutil.a.p/meson-generated_.._trace_trace-qapi_commands_introspect_trace_events.c.o
[853/2842] Compiling C object libqemuutil.a.p/meson-generated_.._trace_trace-qapi_commands_job_trace_events.c.o
[854/2842] Compiling C object libqemuutil.a.p/meson-generated_.._trace_trace-qapi_commands_machine_common_trace_events.c.o
[855/2842] Compiling C object libqemuutil.a.p/meson-generated_.._trace_trace-qapi_commands_net_trace_events.c.o
[856/2842] Compiling C object libqemuutil.a.p/meson-generated_.._trace_trace-qapi_commands_machine_trace_events.c.o
[857/2842] Compiling C object libqemuutil.a.p/meson-generated_.._trace_trace-qapi_commands_misc_trace_events.c.o
[858/2842] Compiling C object libqemuutil.a.p/meson-generated_.._trace_trace-qapi_commands_migration_trace_events.c.o
[859/2842] Compiling C object libqemuutil.a.p/meson-generated_.._trace_trace-qapi_commands_pragma_trace_events.c.o
[860/2842] Compiling C object libqemuutil.a.p/meson-generated_.._trace_trace-qapi_commands_qom_trace_events.c.o
[861/2842] Compiling C object libqemuutil.a.p/meson-generated_.._trace_trace-qapi_commands_replay_trace_events.c.o
[862/2842] Compiling C object libqemuutil.a.p/meson-generated_.._trace_trace-qapi_commands_sockets_trace_events.c.o
[863/2842] Compiling C object libqemuutil.a.p/meson-generated_.._trace_trace-qapi_commands_stats_trace_events.c.o
[864/2842] Compiling C object libqemuutil.a.p/meson-generated_.._trace_trace-qapi_commands_trace_trace_events.c.o
[865/2842] Compiling C object libqemuutil.a.p/meson-generated_.._trace_trace-qapi_commands_transaction_trace_events.c.o
[866/2842] Compiling C object libqemuutil.a.p/meson-generated_.._trace_trace-qapi_commands_run_state_trace_events.c.o
[867/2842] Compiling C object libqemuutil.a.p/meson-generated_.._trace_trace-qapi_commands_vfio_trace_events.c.o
[868/2842] Compiling C object libqemuutil.a.p/meson-generated_.._trace_trace-qapi_commands_virtio_trace_events.c.o
[869/2842] Compiling C object libqemuutil.a.p/meson-generated_.._trace_trace-qapi_commands_audio_trace_events.c.o
[870/2842] Compiling C object libqemuutil.a.p/meson-generated_.._trace_trace-qapi_commands_yank_trace_events.c.o
[871/2842] Compiling C object libqemuutil.a.p/meson-generated_.._trace_trace-qapi_commands_cryptodev_trace_events.c.o
[872/2842] Compiling C object libqemuutil.a.p/meson-generated_.._trace_trace-qapi_commands_acpi_trace_events.c.o
[873/2842] Compiling C object libqemuutil.a.p/meson-generated_.._trace_trace-qapi_commands_qdev_trace_events.c.o
[874/2842] Compiling C object libqemuutil.a.p/meson-generated_.._trace_trace-qapi_commands_pci_trace_events.c.o
[875/2842] Compiling C object libqemuutil.a.p/meson-generated_.._trace_trace-qapi_commands_rocker_trace_events.c.o
[876/2842] Compiling C object libqemuutil.a.p/meson-generated_.._trace_trace-qapi_commands_ui_trace_events.c.o
[877/2842] Compiling C object libqemuutil.a.p/meson-generated_.._trace_trace-qapi_commands_tpm_trace_events.c.o
[878/2842] Compiling C object libqemuutil.a.p/meson-generated_.._trace_trace-qapi_commands_machine_target_trace_events.c.o
[879/2842] Compiling C object libqemuutil.a.p/meson-generated_.._trace_trace-qapi_commands_misc_target_trace_events.c.o
[880/2842] Compiling C object libqemuutil.a.p/qapi_qapi-dealloc-visitor.c.o
[881/2842] Compiling C object libqemuutil.a.p/qapi_qmp-event.c.o
[882/2842] Compiling C object libqemuutil.a.p/qapi_qapi-util.c.o
[883/2842] Compiling C object libqemuutil.a.p/qapi_qapi-type-helpers.c.o
[884/2842] Compiling C object libqemuutil.a.p/qobject_qnull.c.o
[885/2842] Compiling C object libqemuutil.a.p/qapi_qapi-clone-visitor.c.o
[886/2842] Compiling C object libqemuutil.a.p/qapi_qapi-forward-visitor.c.o
[887/2842] Compiling C object libqemuutil.a.p/qobject_qstring.c.o
[888/2842] Compiling C object libqemuutil.a.p/qapi_qobject-output-visitor.c.o
[889/2842] Compiling C object libqemuutil.a.p/qobject_qnum.c.o
[890/2842] Compiling C object libqemuutil.a.p/qobject_qbool.c.o
[891/2842] Compiling C object libqemuutil.a.p/qapi_string-input-visitor.c.o
[892/2842] Compiling C object libqemuutil.a.p/qobject_qobject.c.o
[893/2842] Compiling C object libqemuutil.a.p/qobject_qlit.c.o
[894/2842] Compiling C object libqemuutil.a.p/qapi_qmp-registry.c.o
[895/2842] Compiling C object libqemuutil.a.p/qapi_opts-visitor.c.o
[896/2842] Compiling C object libqemuutil.a.p/qobject_qlist.c.o
[897/2842] Compiling C object libqemuutil.a.p/qobject_qjson.c.o
[898/2842] Compiling C object libqemuutil.a.p/qapi_qmp-dispatch.c.o
[899/2842] Compiling C object libqemuutil.a.p/qobject_json-streamer.c.o
[900/2842] Compiling C object libqemuutil.a.p/qobject_json-lexer.c.o
[901/2842] Compiling C object libqemuutil.a.p/qapi_string-output-visitor.c.o
[902/2842] Compiling C object libqemuutil.a.p/util_qemu-timer-common.c.o
[903/2842] Compiling C object libqemuutil.a.p/util_unicode.c.o
[904/2842] Compiling C object libqemuutil.a.p/qapi_qobject-input-visitor.c.o
[905/2842] Compiling C object libqemuutil.a.p/qobject_qdict.c.o
[906/2842] Compiling C object libqemuutil.a.p/qobject_json-writer.c.o
[907/2842] Compiling C object libqemuutil.a.p/util_compatfd.c.o
[908/2842] Compiling C object libqemuutil.a.p/util_fdmon-poll.c.o
[909/2842] Compiling C object libqemuutil.a.p/util_event_notifier-posix.c.o
[910/2842] Compiling C object libqemuutil.a.p/util_fdmon-epoll.c.o
[911/2842] Compiling C object libqemuutil.a.p/qapi_qapi-visit-core.c.o
[912/2842] Compiling C object libqemuutil.a.p/util_drm.c.o
[913/2842] Compiling C object libqemuutil.a.p/util_mmap-alloc.c.o
[914/2842] Compiling C object libqemuutil.a.p/util_defer-call.c.o
[915/2842] Compiling C object libqemuutil.a.p/util_envlist.c.o
[916/2842] Compiling C object libqemuutil.a.p/util_osdep.c.o
[917/2842] Compiling C object libqemuutil.a.p/util_thread-context.c.o
[918/2842] Compiling C object libqemuutil.a.p/qobject_block-qdict.c.o
[919/2842] Compiling C object libqemuutil.a.p/qobject_json-parser.c.o
[920/2842] Compiling C object libqemuutil.a.p/util_path.c.o
[921/2842] Compiling C object libqemuutil.a.p/util_memfd.c.o
[922/2842] Compiling C object libqemuutil.a.p/util_module.c.o
[923/2842] Compiling C object libqemuutil.a.p/util_bitops.c.o
[924/2842] Compiling C object libqemuutil.a.p/util_cacheflush.c.o
[925/2842] Compiling C object libqemuutil.a.p/meson-generated_.._qapi_qapi-visit-block-core.c.o
[926/2842] Compiling C object libqemuutil.a.p/util_id.c.o
[927/2842] Compiling C object libqemuutil.a.p/util_host-utils.c.o
[928/2842] Compiling C object libqemuutil.a.p/util_fifo8.c.o
[929/2842] Compiling C object libqemuutil.a.p/util_notify.c.o
[930/2842] Compiling C object libqemuutil.a.p/util_crc32c.c.o
[931/2842] Compiling C object libqemuutil.a.p/util_qemu-progress.c.o
[932/2842] Compiling C object libqemuutil.a.p/util_aio-posix.c.o
[933/2842] Compiling C object libqemuutil.a.p/util_oslib-posix.c.o
[934/2842] Compiling C object libqemuutil.a.p/util_getauxval.c.o
[935/2842] Compiling C object libqemuutil.a.p/util_qemu-thread-posix.c.o
[936/2842] Compiling C object libqemuutil.a.p/util_error.c.o
[937/2842] Compiling C object libqemuutil.a.p/util_cutils.c.o
[938/2842] Compiling C object libqemuutil.a.p/util_qemu-print.c.o
[939/2842] Compiling C object libqemuutil.a.p/util_uuid.c.o
[940/2842] Compiling C object libqemuutil.a.p/util_qemu-config.c.o
[941/2842] Compiling C object libqemuutil.a.p/util_bitmap.c.o
[942/2842] Compiling C object libqemuutil.a.p/util_error-report.c.o
[943/2842] Compiling C object libqemuutil.a.p/util_stats64.c.o
[944/2842] Compiling C object libqemuutil.a.p/util_rcu.c.o
[945/2842] Compiling C object libqemuutil.a.p/util_systemd.c.o
[946/2842] Compiling C object libqemuutil.a.p/util_int128.c.o
[947/2842] Compiling C object libqemuutil.a.p/util_transactions.c.o
[948/2842] Compiling C object libqemuutil.a.p/util_keyval.c.o
[949/2842] Compiling C object libqemuutil.a.p/util_range.c.o
[950/2842] Compiling C object libqemuutil.a.p/util_crc-ccitt.c.o
[951/2842] Compiling C object libqemuutil.a.p/util_memalign.c.o
[952/2842] Compiling C object libqemuutil.a.p/util_guest-random.c.o
[953/2842] Compiling C object libqemuutil.a.p/util_reserved-region.c.o
[954/2842] Compiling C object libqemuutil.a.p/util_base64.c.o
[955/2842] Compiling C object libqemuutil.a.p/util_aiocb.c.o
[956/2842] Compiling C object libqemuutil.a.p/util_qdist.c.o
[957/2842] Compiling C object libqemuutil.a.p/util_log.c.o
../util/log.c: In function ‘valid_filename_template’:
../util/log.c:188:24: warning: initialization discards ‘const’ qualifier from pointer target type [-Wdiscarded-qualifiers]
  188 |         char *pidstr = strstr(filename, "%");
      |                        ^~~~~~
[958/2842] Compiling C object libqemuutil.a.p/util_lockcnt.c.o
[959/2842] Compiling C object libqemuutil.a.p/util_userfaultfd.c.o
[960/2842] Compiling C object libqemuutil.a.p/util_dbus.c.o
[961/2842] Compiling C object libqemuutil.a.p/util_interval-tree.c.o
[962/2842] Compiling C object libqemuutil.a.p/util_coroutine-ucontext.c.o
[963/2842] Compiling C object libqemuutil.a.p/util_qemu-coroutine-io.c.o
[964/2842] Compiling C object libqemuutil.a.p/util_qht.c.o
[965/2842] Compiling C object libqemuutil.a.p/util_main-loop.c.o
[966/2842] Compiling C object libqemuutil.a.p/util_qsp.c.o
[967/2842] Compiling C object libqemuutil.a.p/util_aio-wait.c.o
[968/2842] Compiling C object libqemuutil.a.p/util_qemu-option.c.o
[969/2842] Compiling C object libqemuutil.a.p/util_qemu-coroutine.c.o
[970/2842] Compiling C object libqemuutil.a.p/util_hexdump.c.o
[971/2842] Compiling C object libqemuutil.a.p/util_nvdimm-utils.c.o
[972/2842] Compiling C object libqemuutil.a.p/util_async.c.o
[973/2842] Compiling C object libqemuutil.a.p/util_buffer.c.o
[974/2842] Compiling C object libqemuutil.a.p/util_qemu-coroutine-lock.c.o
[975/2842] Compiling C object libqemuutil.a.p/util_thread-pool.c.o
[976/2842] Compiling C object libqemuutil.a.p/util_iova-tree.c.o
[977/2842] Compiling C object libqemuutil.a.p/util_block-helpers.c.o
[978/2842] Compiling C object libqemuutil.a.p/util_qemu-co-timeout.c.o
[979/2842] Compiling C object libqemuutil.a.p/util_qemu-coroutine-sleep.c.o
[980/2842] Compiling C object libqemuutil.a.p/util_qemu-co-shared-resource.c.o
[981/2842] Compiling C object libqemuutil.a.p/util_timed-average.c.o
[982/2842] Compiling C object libqemuutil.a.p/util_chardev_open.c.o
[983/2842] Compiling C object libqemuutil.a.p/util_cpuinfo-i386.c.o
[984/2842] Compiling C object libqemuutil.a.p/crypto_sm4.c.o
[985/2842] Compiling C object libqemuutil.a.p/crypto_init.c.o
[986/2842] Compiling C object libqemuutil.a.p/util_qemu-timer.c.o
[987/2842] Compiling C object libqemuutil.a.p/crypto_random-platform.c.o
[988/2842] Compiling C object libqemuutil.a.p/trace_qmp.c.o
[989/2842] Compiling C object libqemuutil.a.p/util_yank.c.o
[990/2842] Compiling C object libqemuutil.a.p/util_readline.c.o
[991/2842] Compiling C object libqemuutil.a.p/util_filemonitor-inotify.c.o
[992/2842] Compiling C object libqemuutil.a.p/util_iov.c.o
[993/2842] Compiling C object libqemuutil.a.p/util_vhost-user-server.c.o
[994/2842] Compiling C object libqemuutil.a.p/stubs_cpu-get-clock.c.o
[995/2842] Compiling C object libqemuutil.a.p/util_throttle.c.o
[996/2842] Compiling C object libqemuutil.a.p/stubs_is-daemonized.c.o
[997/2842] Compiling C object libqemuutil.a.p/stubs_iothread-lock.c.o
[998/2842] Compiling C object libqemuutil.a.p/util_hbitmap.c.o
[999/2842] Compiling C object libqemuutil.a.p/stubs_replay-mode.c.o
[1000/2842] Compiling C object libqemuutil.a.p/stubs_fdset.c.o
[1001/2842] Compiling C object libqemuutil.a.p/stubs_trace-control.c.o
[1002/2842] Compiling C object libqemuutil.a.p/stubs_error-printf.c.o
[1003/2842] Compiling C object libqemuutil.a.p/trace_control.c.o
[1004/2842] Compiling C object libqemuutil.a.p/util_qemu-sockets.c.o
../util/qemu-sockets.c: In function ‘inet_parse_flag’:
../util/qemu-sockets.c:601:9: warning: assignment discards ‘const’ qualifier from pointer target type [-Wdiscarded-qualifiers]
  601 |     end = strstr(optstr, ",");
      |         ^
../util/qemu-sockets.c: In function ‘inet_parse’:
../util/qemu-sockets.c:671:11: warning: assignment discards ‘const’ qualifier from pointer target type [-Wdiscarded-qualifiers]
  671 |     begin = strstr(optstr, ",ipv4");
      |           ^
../util/qemu-sockets.c:678:11: warning: assignment discards ‘const’ qualifier from pointer target type [-Wdiscarded-qualifiers]
  678 |     begin = strstr(optstr, ",ipv6");
      |           ^
../util/qemu-sockets.c:685:11: warning: assignment discards ‘const’ qualifier from pointer target type [-Wdiscarded-qualifiers]
  685 |     begin = strstr(optstr, ",keep-alive");
      |           ^
../util/qemu-sockets.c:695:11: warning: assignment discards ‘const’ qualifier from pointer target type [-Wdiscarded-qualifiers]
  695 |     begin = strstr(optstr, ",mptcp");
      |           ^
[1005/2842] Compiling C object libqemuutil.a.p/stubs_monitor-core.c.o
[1006/2842] Compiling C object libqemuutil.a.p/stubs_blk-exp-close-all.c.o
[1007/2842] Compiling C object libqemuutil.a.p/stubs_change-state-handler.c.o
[1008/2842] Compiling C object libqemuutil.a.p/stubs_bdrv-next-monitor-owned.c.o
[1009/2842] Compiling C object libqemuutil.a.p/stubs_get-vm-name.c.o
[1010/2842] Compiling C object libqemuutil.a.p/stubs_blk-commit-all.c.o
[1011/2842] Compiling C object libqemuutil.a.p/stubs_migr-blocker.c.o
[1012/2842] Compiling C object libqemuutil.a.p/stubs_iothread-lock-block.c.o
[1013/2842] Compiling C object libqemuutil.a.p/stubs_runstate-check.c.o
[1014/2842] Compiling C object libqemuutil.a.p/stubs_physmem.c.o
[1015/2842] Compiling C object libqemuutil.a.p/stubs_blockdev-close-all-bdrv-states.c.o
[1016/2842] Compiling C object libqemuutil.a.p/stubs_graph-lock.c.o
[1017/2842] Compiling C object libqemuutil.a.p/stubs_uuid.c.o
[1018/2842] Compiling C object libqemuutil.a.p/stubs_ram-block.c.o
[1019/2842] Compiling C object libqemuutil.a.p/stubs_cpus-virtual-clock.c.o
[1020/2842] Compiling C object libqemuutil.a.p/stubs_icount.c.o
[1021/2842] Compiling C object libqemuutil.a.p/util_bufferiszero.c.o
[1022/2842] Compiling C object libqemuutil.a.p/stubs_qemu-timer-notify-cb.c.o
[1023/2842] Compiling C object libqemuutil.a.p/util_vfio-helpers.c.o
[1024/2842] Compiling C object libqemuutil.a.p/stubs_replay-tools.c.o
[1025/2842] Compiling C object libqemuutil.a.p/stubs_vm-stop.c.o
[1026/2842] Compiling C object libqemuutil.a.p/stubs_dump.c.o
[1027/2842] Compiling C object libqemuutil.a.p/stubs_vmstate.c.o
[1028/2842] Compiling C object libqemuutil.a.p/stubs_qtest.c.o
[1029/2842] Compiling C object libqemuutil.a.p/stubs_target-get-monitor-def.c.o
[1030/2842] Compiling C object libqemuutil.a.p/stubs_target-monitor-defs.c.o
[1031/2842] Compiling C object libqemuutil.a.p/stubs_monitor-internal.c.o
[1032/2842] Compiling C object libqemuutil.a.p/stubs_win32-kbd-hook.c.o
[1033/2842] Compiling C object libqemuutil.a.p/stubs_qmp-command-available.c.o
[1034/2842] Compiling C object libqemuutil.a.p/stubs_cmos.c.o
[1035/2842] Compiling C object libqemuutil.a.p/stubs_gdbstub.c.o
[1036/2842] Compiling C object libqemuutil.a.p/stubs_qmp-quit.c.o
[1037/2842] Compiling C object libqemuutil.a.p/stubs_replay.c.o
[1038/2842] Compiling C object libqemuutil.a.p/stubs_hotplug-stubs.c.o
[1039/2842] Compiling C object libqom.a.p/qom_container.c.o
[1040/2842] Compiling C object libqemuutil.a.p/stubs_fw_cfg.c.o
[1041/2842] Compiling C object libqemuutil.a.p/stubs_sysbus.c.o
[1042/2842] Compiling C object libqom.a.p/qom_qom-qobject.c.o
[1043/2842] Compiling C object tests/libtestqapi.a.p/meson-generated_.._test-qapi-commands-sub-sub-module.c.o
[1044/2842] Compiling C object tests/libtestqapi.a.p/meson-generated_.._test-qapi-emit-events.c.o
[1045/2842] Compiling C object libqemuutil.a.p/crypto_clmul.c.o
[1046/2842] Compiling C object tests/libtestqapi.a.p/meson-generated_.._qapi-builtin-types.c.o
[1047/2842] Compiling C object tests/libtestqapi.a.p/meson-generated_.._test-qapi-events-sub-sub-module.c.o
[1048/2842] Compiling C object tests/libtestqapi.a.p/meson-generated_.._test-qapi-types-sub-sub-module.c.o
[1049/2842] Compiling C object qemu-keymap.p/ui_input-keymap.c.o
[1050/2842] Compiling C object subprojects/berkeley-softfloat-3/libsoftfloat.a.p/source_8086-SSE_softfloat_raiseFlags.c.o
[1051/2842] Compiling C object subprojects/berkeley-softfloat-3/libsoftfloat.a.p/source_8086-SSE_s_f16UIToCommonNaN.c.o
[1052/2842] Compiling C object libqemuutil.a.p/stubs_xen-hw-stub.c.o
[1053/2842] Compiling C object qemu-keymap.p/qemu-keymap.c.o
[1054/2842] Compiling C object subprojects/berkeley-softfloat-3/libsoftfloat.a.p/source_8086-SSE_s_commonNaNToF16UI.c.o
[1055/2842] Compiling C object subprojects/berkeley-softfloat-3/libsoftfloat.a.p/source_f128M_lt_quiet.c.o
[1056/2842] Compiling C object subprojects/berkeley-softfloat-3/libsoftfloat.a.p/source_8086-SSE_s_propagateNaNF16UI.c.o
[1057/2842] Compiling C object subprojects/berkeley-softfloat-3/libsoftfloat.a.p/source_8086-SSE_s_f32UIToCommonNaN.c.o
[1058/2842] Compiling C object tests/libtestqapi.a.p/meson-generated_.._test-qapi-introspect.c.o
[1059/2842] Compiling C object tests/libtestqapi.a.p/meson-generated_.._test-qapi-visit-sub-sub-module.c.o
[1060/2842] Compiling C object libevent-loop-base.a.p/event-loop-base.c.o
[1061/2842] Compiling C object subprojects/berkeley-softfloat-3/libsoftfloat.a.p/source_8086-SSE_s_commonNaNToF32UI.c.o
[1062/2842] Compiling C object tests/libtestqapi.a.p/meson-generated_.._include_test-qapi-events-sub-module.c.o
[1063/2842] Compiling C object tests/libtestqapi.a.p/meson-generated_.._include_test-qapi-commands-sub-module.c.o
[1064/2842] Compiling C object subprojects/berkeley-softfloat-3/libsoftfloat.a.p/source_8086-SSE_extF80M_isSignalingNaN.c.o
[1065/2842] Compiling C object subprojects/berkeley-softfloat-3/libsoftfloat.a.p/source_8086-SSE_s_propagateNaNF32UI.c.o
[1066/2842] Compiling C object tests/libtestqapi.a.p/meson-generated_.._include_test-qapi-types-sub-module.c.o
[1067/2842] Compiling C object subprojects/berkeley-softfloat-3/libsoftfloat.a.p/source_8086-SSE_s_f64UIToCommonNaN.c.o
[1068/2842] Compiling C object subprojects/berkeley-softfloat-3/libsoftfloat.a.p/source_8086-SSE_s_commonNaNToF64UI.c.o
[1069/2842] Compiling C object subprojects/berkeley-softfloat-3/libsoftfloat.a.p/source_8086-SSE_s_propagateNaNF64UI.c.o
[1070/2842] Compiling C object subprojects/berkeley-softfloat-3/libsoftfloat.a.p/source_8086-SSE_s_extF80UIToCommonNaN.c.o
[1071/2842] Compiling C object subprojects/berkeley-softfloat-3/libsoftfloat.a.p/source_8086-SSE_s_commonNaNToExtF80UI.c.o
[1072/2842] Compiling C object tests/libtestqapi.a.p/meson-generated_.._test-qapi-init-commands.c.o
[1073/2842] Compiling C object tests/libtestqapi.a.p/meson-generated_.._qapi-builtin-visit.c.o
[1074/2842] Compiling C object subprojects/berkeley-softfloat-3/libsoftfloat.a.p/source_8086-SSE_s_commonNaNToF128UI.c.o
[1075/2842] Compiling C object subprojects/berkeley-testfloat-3/libtestfloat.a.p/source_functions_common.c.o
[1076/2842] Compiling C object subprojects/berkeley-softfloat-3/libsoftfloat.a.p/source_8086-SSE_s_f128UIToCommonNaN.c.o
[1077/2842] Compiling C object subprojects/berkeley-softfloat-3/libsoftfloat.a.p/source_8086-SSE_f128M_isSignalingNaN.c.o
[1078/2842] Compiling C object subprojects/berkeley-softfloat-3/libsoftfloat.a.p/source_8086-SSE_s_propagateNaNExtF80UI.c.o
[1079/2842] Compiling C object subprojects/berkeley-testfloat-3/libtestfloat.a.p/source_functionInfos.c.o
[1080/2842] Compiling C object subprojects/berkeley-testfloat-3/libtestfloat.a.p/source_uint128_inline.c.o
[1081/2842] Compiling C object subprojects/berkeley-testfloat-3/libtestfloat.a.p/source_standardFunctionInfos.c.o
[1082/2842] Compiling C object subprojects/berkeley-softfloat-3/libsoftfloat.a.p/source_8086-SSE_s_propagateNaNF128UI.c.o
[1083/2842] Compiling C object subprojects/berkeley-testfloat-3/libtestfloat.a.p/source_uint128.c.o
[1084/2842] Compiling C object subprojects/berkeley-testfloat-3/libtestfloat.a.p/source_genCases_common.c.o
[1085/2842] Compiling C object subprojects/berkeley-testfloat-3/libtestfloat.a.p/source_fail.c.o
[1086/2842] Compiling C object tests/libtestqapi.a.p/meson-generated_.._test-qapi-events.c.o
[1087/2842] Compiling C object libqom.a.p/qom_object_interfaces.c.o
[1088/2842] Compiling C object subprojects/berkeley-testfloat-3/libtestfloat.a.p/source_genCases_ui32.c.o
[1089/2842] Compiling C object tests/libtestqapi.a.p/meson-generated_.._include_test-qapi-visit-sub-module.c.o
[1090/2842] Compiling C object subprojects/berkeley-testfloat-3/libtestfloat.a.p/source_genCases_ui64.c.o
[1091/2842] Compiling C object subprojects/berkeley-testfloat-3/libtestfloat.a.p/source_genCases_i32.c.o
[1092/2842] Compiling C object subprojects/berkeley-testfloat-3/libtestfloat.a.p/source_genCases_i64.c.o
[1093/2842] Compiling C object subprojects/berkeley-testfloat-3/libtestfloat.a.p/source_verCases_inline.c.o
[1094/2842] Compiling C object subprojects/berkeley-testfloat-3/libtestfloat.a.p/source_random.c.o
[1095/2842] Compiling C object subprojects/berkeley-testfloat-3/libtestfloat.a.p/source_genCases_writeTestsTotal.c.o
[1096/2842] Compiling C object subprojects/berkeley-testfloat-3/libtestfloat.a.p/source_writeCase_a_ui32.c.o
[1097/2842] Compiling C object subprojects/berkeley-testfloat-3/libtestfloat.a.p/source_writeCase_a_ui64.c.o
[1098/2842] Compiling C object subprojects/berkeley-testfloat-3/libtestfloat.a.p/source_verCases_writeFunctionName.c.o
[1099/2842] Compiling C object subprojects/berkeley-testfloat-3/libtestfloat.a.p/source_writeCase_a_f16.c.o
[1100/2842] Compiling C object tests/libtestqapi.a.p/meson-generated_.._test-qapi-commands.c.o
[1101/2842] Compiling C object subprojects/berkeley-testfloat-3/libtestfloat.a.p/source_writeCase_a_f32.c.o
[1102/2842] Compiling C object subprojects/berkeley-testfloat-3/libtestfloat.a.p/source_writeCase_ab_f16.c.o
[1103/2842] Compiling C object subprojects/berkeley-testfloat-3/libtestfloat.a.p/source_writeCase_ab_f32.c.o
[1104/2842] Compiling C object tests/libtestqapi.a.p/meson-generated_.._test-qapi-types.c.o
[1105/2842] Compiling C object subprojects/berkeley-testfloat-3/libtestfloat.a.p/source_writeCase_abc_f16.c.o
[1106/2842] Compiling C object subprojects/berkeley-testfloat-3/libtestfloat.a.p/source_writeCase_abc_f32.c.o
[1107/2842] Compiling C object subprojects/berkeley-testfloat-3/libtestfloat.a.p/source_verCases_common.c.o
[1108/2842] Compiling C object subprojects/berkeley-testfloat-3/libtestfloat.a.p/source_writeCase_a_f64.c.o
[1109/2842] Compiling C object subprojects/berkeley-testfloat-3/libtestfloat.a.p/source_writeCase_ab_f64.c.o
[1110/2842] Compiling C object subprojects/berkeley-testfloat-3/libtestfloat.a.p/source_readHex.c.o
[1111/2842] Compiling C object subprojects/berkeley-testfloat-3/libtestfloat.a.p/source_genCases_extF80.c.o
[1112/2842] Compiling C object subprojects/berkeley-testfloat-3/libtestfloat.a.p/source_genCases_f32.c.o
[1113/2842] Compiling C object subprojects/berkeley-testfloat-3/libtestfloat.a.p/source_writeCase_abc_f64.c.o
[1114/2842] Compiling C object subprojects/berkeley-testfloat-3/libtestfloat.a.p/source_genCases_f16.c.o
[1115/2842] Compiling C object subprojects/berkeley-testfloat-3/libtestfloat.a.p/source_writeCase_ab_extF80M.c.o
[1116/2842] Compiling C object subprojects/berkeley-testfloat-3/libtestfloat.a.p/source_writeCase_a_extF80M.c.o
[1117/2842] Compiling C object subprojects/berkeley-testfloat-3/libtestfloat.a.p/source_writeCase_a_f128M.c.o
[1118/2842] Compiling C object subprojects/berkeley-testfloat-3/libtestfloat.a.p/source_genCases_f64.c.o
[1119/2842] Compiling C object subprojects/berkeley-testfloat-3/libtestfloat.a.p/source_writeCase_ab_f128M.c.o
[1120/2842] Compiling C object subprojects/berkeley-testfloat-3/libtestfloat.a.p/source_writeCase_z_ui32.c.o
[1121/2842] Compiling C object subprojects/berkeley-testfloat-3/libtestfloat.a.p/source_writeCase_abc_f128M.c.o
[1122/2842] Compiling C object subprojects/berkeley-testfloat-3/libtestfloat.a.p/source_writeCase_z_bool.c.o
[1123/2842] Compiling C object subprojects/berkeley-testfloat-3/libtestfloat.a.p/source_writeHex.c.o
[1124/2842] Compiling C object subprojects/berkeley-testfloat-3/libtestfloat.a.p/source_writeCase_z_ui64.c.o
[1125/2842] Compiling C object subprojects/berkeley-testfloat-3/libtestfloat.a.p/source_writeCase_z_extF80M.c.o
[1126/2842] Compiling C object subprojects/berkeley-testfloat-3/libtestfloat.a.p/source_writeCase_z_f16.c.o
[1127/2842] Compiling C object subprojects/berkeley-testfloat-3/libtestfloat.a.p/source_writeCase_z_f32.c.o
[1128/2842] Compiling C object subprojects/berkeley-testfloat-3/libtestfloat.a.p/source_writeCase_z_f64.c.o
[1129/2842] Compiling C object subprojects/berkeley-testfloat-3/libtestfloat.a.p/source_genCases_f128.c.o
[1130/2842] Compiling C object subprojects/berkeley-testfloat-3/libtestfloat.a.p/source_writeCase_z_f128M.c.o
[1131/2842] Compiling C object subprojects/berkeley-testfloat-3/libtestfloat.a.p/source_testLoops_common.c.o
[1132/2842] Compiling C object subprojects/berkeley-testfloat-3/libtestfloat.a.p/source_test_a_ui32_z_f16.c.o
[1133/2842] Compiling C object subprojects/berkeley-testfloat-3/libtestfloat.a.p/source_test_a_ui32_z_f32.c.o
[1134/2842] Compiling C object subprojects/berkeley-testfloat-3/libtestfloat.a.p/source_test_a_ui32_z_f64.c.o
[1135/2842] Compiling C object subprojects/berkeley-testfloat-3/libtestfloat.a.p/source_test_a_ui64_z_f16.c.o
[1136/2842] Compiling C object subprojects/berkeley-testfloat-3/libtestfloat.a.p/source_test_a_ui32_z_f128.c.o
[1137/2842] Compiling C object subprojects/berkeley-testfloat-3/libtestfloat.a.p/source_test_a_ui64_z_f32.c.o
[1138/2842] Compiling C object subprojects/berkeley-testfloat-3/libtestfloat.a.p/source_test_a_ui32_z_extF80.c.o
[1139/2842] Compiling C object subprojects/berkeley-testfloat-3/libtestfloat.a.p/source_test_a_ui64_z_f64.c.o
[1140/2842] Compiling C object subprojects/berkeley-testfloat-3/libtestfloat.a.p/source_test_a_ui64_z_f128.c.o
[1141/2842] Compiling C object subprojects/berkeley-testfloat-3/libtestfloat.a.p/source_test_a_i32_z_f64.c.o
[1142/2842] Compiling C object subprojects/berkeley-testfloat-3/libtestfloat.a.p/source_test_a_i32_z_f16.c.o
[1143/2842] Compiling C object subprojects/berkeley-testfloat-3/libtestfloat.a.p/source_test_a_i32_z_f32.c.o
[1144/2842] Compiling C object subprojects/berkeley-testfloat-3/libtestfloat.a.p/source_test_a_i32_z_extF80.c.o
[1145/2842] Compiling C object subprojects/berkeley-testfloat-3/libtestfloat.a.p/source_test_a_ui64_z_extF80.c.o
[1146/2842] Compiling C object subprojects/berkeley-testfloat-3/libtestfloat.a.p/source_test_a_i64_z_f16.c.o
[1147/2842] Compiling C object subprojects/berkeley-testfloat-3/libtestfloat.a.p/source_test_a_i64_z_f32.c.o
[1148/2842] Compiling C object subprojects/berkeley-testfloat-3/libtestfloat.a.p/source_test_a_i64_z_f64.c.o
[1149/2842] Compiling C object subprojects/berkeley-testfloat-3/libtestfloat.a.p/source_test_a_i64_z_extF80.c.o
[1150/2842] Compiling C object subprojects/berkeley-testfloat-3/libtestfloat.a.p/source_test_a_i32_z_f128.c.o
[1151/2842] Compiling C object subprojects/berkeley-testfloat-3/libtestfloat.a.p/source_test_a_f16_z_ui32_rx.c.o
[1152/2842] Compiling C object subprojects/berkeley-testfloat-3/libtestfloat.a.p/source_test_a_i64_z_f128.c.o
[1153/2842] Compiling C object libqemuutil.a.p/crypto_aes.c.o
[1154/2842] Compiling C object subprojects/berkeley-testfloat-3/libtestfloat.a.p/source_test_a_f16_z_ui64_rx.c.o
[1155/2842] Compiling C object subprojects/berkeley-testfloat-3/libtestfloat.a.p/source_test_a_f16_z_ui64_x.c.o
[1156/2842] Compiling C object subprojects/berkeley-testfloat-3/libtestfloat.a.p/source_test_a_f16_z_i32_rx.c.o
[1157/2842] Compiling C object subprojects/berkeley-testfloat-3/libtestfloat.a.p/source_test_a_f16_z_i64_rx.c.o
[1158/2842] Compiling C object subprojects/berkeley-testfloat-3/libtestfloat.a.p/source_test_a_f16_z_i32_x.c.o
[1159/2842] Compiling C object subprojects/berkeley-testfloat-3/libtestfloat.a.p/source_test_a_f16_z_ui32_x.c.o
[1160/2842] Compiling C object subprojects/berkeley-testfloat-3/libtestfloat.a.p/source_test_a_f16_z_f64.c.o
[1161/2842] Compiling C object subprojects/berkeley-testfloat-3/libtestfloat.a.p/source_test_a_f16_z_i64_x.c.o
[1162/2842] Compiling C object subprojects/berkeley-testfloat-3/libtestfloat.a.p/source_test_a_f16_z_f32.c.o
[1163/2842] Compiling C object subprojects/berkeley-testfloat-3/libtestfloat.a.p/source_test_az_f16.c.o
[1164/2842] Compiling C object subprojects/berkeley-testfloat-3/libtestfloat.a.p/source_test_az_f16_rx.c.o
[1165/2842] Compiling C object subprojects/berkeley-testfloat-3/libtestfloat.a.p/source_test_a_f16_z_f128.c.o
[1166/2842] Compiling C object subprojects/berkeley-testfloat-3/libtestfloat.a.p/source_test_a_f32_z_ui64_rx.c.o
[1167/2842] Compiling C object subprojects/berkeley-testfloat-3/libtestfloat.a.p/source_test_ab_f16_z_bool.c.o
[1168/2842] Compiling C object subprojects/berkeley-testfloat-3/libtestfloat.a.p/source_test_a_f32_z_ui32_rx.c.o
[1169/2842] Compiling C object subprojects/berkeley-testfloat-3/libtestfloat.a.p/source_test_a_f16_z_extF80.c.o
[1170/2842] Compiling C object subprojects/berkeley-testfloat-3/libtestfloat.a.p/source_test_abcz_f16.c.o
[1171/2842] Compiling C object subprojects/berkeley-testfloat-3/libtestfloat.a.p/source_test_abz_f16.c.o
[1172/2842] Compiling C object subprojects/berkeley-testfloat-3/libtestfloat.a.p/source_test_a_f32_z_i32_rx.c.o
[1173/2842] Compiling C object subprojects/berkeley-testfloat-3/libtestfloat.a.p/source_test_a_f32_z_ui32_x.c.o
[1174/2842] Compiling C object subprojects/berkeley-testfloat-3/libtestfloat.a.p/source_test_a_f32_z_i64_rx.c.o
[1175/2842] Compiling C object subprojects/berkeley-testfloat-3/libtestfloat.a.p/source_test_a_f32_z_ui64_x.c.o
[1176/2842] Compiling C object subprojects/berkeley-testfloat-3/libtestfloat.a.p/source_test_a_f32_z_i64_x.c.o
[1177/2842] Compiling C object subprojects/berkeley-testfloat-3/libtestfloat.a.p/source_test_a_f32_z_i32_x.c.o
[1178/2842] Compiling C object subprojects/berkeley-testfloat-3/libtestfloat.a.p/source_test_az_f32.c.o
[1179/2842] Compiling C object subprojects/berkeley-testfloat-3/libtestfloat.a.p/source_test_a_f32_z_f64.c.o
[1180/2842] Compiling C object subprojects/berkeley-testfloat-3/libtestfloat.a.p/source_test_a_f32_z_f16.c.o
[1181/2842] Compiling C object subprojects/berkeley-testfloat-3/libtestfloat.a.p/source_test_az_f32_rx.c.o
[1182/2842] Compiling C object subprojects/berkeley-testfloat-3/libtestfloat.a.p/source_test_ab_f32_z_bool.c.o
[1183/2842] Compiling C object subprojects/berkeley-testfloat-3/libtestfloat.a.p/source_test_a_f64_z_ui32_rx.c.o
[1184/2842] Compiling C object subprojects/berkeley-testfloat-3/libtestfloat.a.p/source_test_a_f32_z_f128.c.o
[1185/2842] Compiling C object subprojects/berkeley-testfloat-3/libtestfloat.a.p/source_test_abz_f32.c.o
[1186/2842] Compiling C object subprojects/berkeley-testfloat-3/libtestfloat.a.p/source_test_a_f64_z_ui64_rx.c.o
[1187/2842] Compiling C object subprojects/berkeley-testfloat-3/libtestfloat.a.p/source_test_a_f64_z_i32_rx.c.o
[1188/2842] Compiling C object subprojects/berkeley-testfloat-3/libtestfloat.a.p/source_test_abcz_f32.c.o
[1189/2842] Compiling C object subprojects/berkeley-testfloat-3/libtestfloat.a.p/source_test_a_f32_z_extF80.c.o
[1190/2842] Compiling C object subprojects/berkeley-testfloat-3/libtestfloat.a.p/source_test_a_f64_z_ui32_x.c.o
[1191/2842] Compiling C object subprojects/berkeley-testfloat-3/libtestfloat.a.p/source_test_a_f64_z_i64_rx.c.o
[1192/2842] Compiling C object subprojects/berkeley-testfloat-3/libtestfloat.a.p/source_test_a_f64_z_i32_x.c.o
[1193/2842] Compiling C object subprojects/berkeley-testfloat-3/libtestfloat.a.p/source_test_a_f64_z_ui64_x.c.o
[1194/2842] Compiling C object subprojects/berkeley-testfloat-3/libtestfloat.a.p/source_test_a_f64_z_i64_x.c.o
[1195/2842] Compiling C object subprojects/berkeley-testfloat-3/libtestfloat.a.p/source_test_a_f64_z_f16.c.o
[1196/2842] Compiling C object subprojects/berkeley-testfloat-3/libtestfloat.a.p/source_test_a_f64_z_f32.c.o
[1197/2842] Compiling C object subprojects/berkeley-testfloat-3/libtestfloat.a.p/source_test_a_f64_z_f128.c.o
[1198/2842] Compiling C object subprojects/berkeley-testfloat-3/libtestfloat.a.p/source_test_a_f64_z_extF80.c.o
[1199/2842] Compiling C object subprojects/berkeley-testfloat-3/libtestfloat.a.p/source_test_az_f64_rx.c.o
[1200/2842] Compiling C object subprojects/berkeley-testfloat-3/libtestfloat.a.p/source_test_abz_f64.c.o
[1201/2842] Compiling C object subprojects/berkeley-testfloat-3/libtestfloat.a.p/source_test_ab_f64_z_bool.c.o
[1202/2842] Compiling C object subprojects/berkeley-testfloat-3/libtestfloat.a.p/source_test_a_extF80_z_ui32_rx.c.o
[1203/2842] Compiling C object subprojects/berkeley-testfloat-3/libtestfloat.a.p/source_test_az_f64.c.o
[1204/2842] Linking static target libqemuutil.a
[1205/2842] Compiling C object subprojects/berkeley-testfloat-3/libtestfloat.a.p/source_test_a_extF80_z_i32_rx.c.o
[1206/2842] Compiling C object subprojects/berkeley-testfloat-3/libtestfloat.a.p/source_test_abcz_f64.c.o
[1207/2842] Compiling C object subprojects/berkeley-testfloat-3/libtestfloat.a.p/source_test_a_extF80_z_ui64_rx.c.o
[1208/2842] Compiling C object subprojects/berkeley-testfloat-3/libtestfloat.a.p/source_test_a_extF80_z_i64_x.c.o
[1209/2842] Compiling C object subprojects/berkeley-testfloat-3/libtestfloat.a.p/source_test_a_extF80_z_ui32_x.c.o
[1210/2842] Compiling C object subprojects/berkeley-testfloat-3/libtestfloat.a.p/source_test_a_extF80_z_i32_x.c.o
[1211/2842] Compiling C object subprojects/berkeley-testfloat-3/libtestfloat.a.p/source_test_a_extF80_z_ui64_x.c.o
[1212/2842] Compiling C object subprojects/berkeley-testfloat-3/libtestfloat.a.p/source_test_a_extF80_z_f16.c.o
[1213/2842] Compiling C object subprojects/berkeley-testfloat-3/libtestfloat.a.p/source_test_a_extF80_z_i64_rx.c.o
[1214/2842] Compiling C object subprojects/berkeley-testfloat-3/libtestfloat.a.p/source_test_a_extF80_z_f32.c.o
[1215/2842] Compiling C object subprojects/berkeley-testfloat-3/libtestfloat.a.p/source_test_a_extF80_z_f64.c.o
[1216/2842] Compiling C object subprojects/berkeley-testfloat-3/libtestfloat.a.p/source_test_a_extF80_z_f128.c.o
[1217/2842] Compiling C object subprojects/berkeley-testfloat-3/libtestfloat.a.p/source_test_az_extF80.c.o
[1218/2842] Compiling C object subprojects/berkeley-testfloat-3/libtestfloat.a.p/source_test_az_extF80_rx.c.o
[1219/2842] Compiling C object subprojects/berkeley-testfloat-3/libtestfloat.a.p/source_test_ab_extF80_z_bool.c.o
[1220/2842] Linking static target subprojects/dtc/libfdt/libfdt.a
[1221/2842] Linking static target subprojects/libvduse/libvduse.a
[1222/2842] Compiling C object subprojects/berkeley-testfloat-3/libtestfloat.a.p/source_test_abz_extF80.c.o
[1223/2842] Compiling C object subprojects/berkeley-testfloat-3/libtestfloat.a.p/source_test_a_f128_z_ui32_rx.c.o
[1224/2842] Compiling C object subprojects/berkeley-testfloat-3/libtestfloat.a.p/source_test_a_f128_z_ui64_rx.c.o
[1225/2842] Compiling C object subprojects/berkeley-testfloat-3/libtestfloat.a.p/source_test_a_f128_z_ui32_x.c.o
[1226/2842] Compiling C object subprojects/berkeley-testfloat-3/libtestfloat.a.p/source_test_a_f128_z_i32_rx.c.o
[1227/2842] Compiling C object subprojects/berkeley-testfloat-3/libtestfloat.a.p/source_test_a_f128_z_i64_rx.c.o
[1228/2842] Compiling C object subprojects/berkeley-testfloat-3/libtestfloat.a.p/source_test_a_f128_z_i64_x.c.o
[1229/2842] Compiling C object subprojects/berkeley-testfloat-3/libtestfloat.a.p/source_test_a_f128_z_i32_x.c.o
[1230/2842] Compiling C object subprojects/berkeley-testfloat-3/libtestfloat.a.p/source_test_a_f128_z_f32.c.o
[1231/2842] Compiling C object subprojects/berkeley-testfloat-3/libtestfloat.a.p/source_test_a_f128_z_f16.c.o
[1232/2842] Compiling C object subprojects/berkeley-testfloat-3/libtestfloat.a.p/source_test_a_f128_z_ui64_x.c.o
[1233/2842] Compiling C object subprojects/berkeley-testfloat-3/libtestfloat.a.p/source_test_a_f128_z_f64.c.o
[1234/2842] Compiling C object subprojects/berkeley-testfloat-3/libtestfloat.a.p/source_test_az_f128.c.o
[1235/2842] Compiling C object subprojects/berkeley-testfloat-3/libtestfloat.a.p/source_test_a_f128_z_extF80.c.o
[1236/2842] Compiling C object subprojects/berkeley-testfloat-3/libtestfloat.a.p/source_test_az_f128_rx.c.o
[1237/2842] Compiling C object subprojects/berkeley-testfloat-3/libtestfloat.a.p/source_test_ab_f128_z_bool.c.o
[1238/2842] Compiling C object subprojects/berkeley-testfloat-3/libtestfloat.a.p/source_test_abz_f128.c.o
[1239/2842] Compiling C object subprojects/berkeley-testfloat-3/libtestfloat.a.p/source_test_abcz_f128.c.o
[1240/2842] Compiling C object subprojects/libvhost-user/link-test.p/link-test.c.o
[1241/2842] Compiling C object contrib/plugins/libbbv.so.p/bbv.c.o
[1242/2842] Compiling C object contrib/plugins/libdrcov.so.p/drcov.c.o
[1243/2842] Compiling C object contrib/plugins/libhotblocks.so.p/hotblocks.c.o
[1244/2842] Compiling C object contrib/plugins/libhotpages.so.p/hotpages.c.o
[1245/2842] Compiling C object tcg/libtcg_system.a.p/tcg-common.c.o
[1246/2842] Compiling C object contrib/plugins/libips.so.p/ips.c.o
[1247/2842] Compiling C object contrib/plugins/libcflow.so.p/cflow.c.o
[1248/2842] Compiling C object contrib/plugins/libhowvec.so.p/howvec.c.o
[1249/2842] Compiling C object contrib/plugins/libhwprofile.so.p/hwprofile.c.o
[1250/2842] Compiling C object contrib/plugins/libexeclog.so.p/execlog.c.o
[1251/2842] Compiling C object tcg/libtcg_system.a.p/perf.c.o
[1252/2842] Compiling C object tests/libtestqapi.a.p/meson-generated_.._test-qapi-visit.c.o
[1253/2842] Compiling C object contrib/plugins/libstoptrigger.so.p/stoptrigger.c.o
[1254/2842] Compiling C object tcg/libtcg_system.a.p/region.c.o
[1255/2842] Compiling C object libqom.a.p/qom_object.c.o
[1256/2842] Compiling C object contrib/plugins/liblockstep.so.p/lockstep.c.o
[1257/2842] Compiling C object tests/qtest/libqos/libqos.a.p/qos_external.c.o
[1258/2842] Compiling C object contrib/plugins/libcache.so.p/cache.c.o
[1259/2842] Compiling C object tests/qtest/libqos/libqos.a.p/.._libqmp.c.o
[1260/2842] Compiling C object tests/qtest/libqos/libqos.a.p/malloc-spapr.c.o
[1261/2842] Compiling C object gdbstub/libgdb_system.a.p/system.c.o
[1262/2842] Compiling C object tests/qtest/libqos/libqos.a.p/sdhci-cmd.c.o
[1263/2842] Compiling C object tests/qtest/libqos/libqos.a.p/libqos-malloc.c.o
[1264/2842] Compiling C object tests/qtest/libqos/libqos.a.p/fw_cfg.c.o
[1265/2842] Compiling C object tests/qtest/libqos/libqos.a.p/libqos.c.o
[1266/2842] Compiling C object tests/qtest/libqos/libqos.a.p/libqos-spapr.c.o
[1267/2842] Compiling C object tests/qtest/libqos/libqos.a.p/rtas.c.o
[1268/2842] Compiling C object tests/qtest/libqos/libqos.a.p/qgraph.c.o
[1269/2842] Compiling C object tests/qtest/libqos/libqos.a.p/malloc-pc.c.o
[1270/2842] Compiling C object tests/qtest/libqos/libqos.a.p/pci-spapr.c.o
[1271/2842] Compiling C object tests/qtest/libqos/libqos.a.p/libqos-pc.c.o
[1272/2842] Compiling C object tests/qtest/libqos/libqos.a.p/pci-pc.c.o
[1273/2842] Compiling C object tests/qtest/libqos/libqos.a.p/usb.c.o
[1274/2842] Compiling C object tests/qtest/libqos/libqos.a.p/i2c.c.o
[1275/2842] Compiling C object tests/qtest/libqos/libqos.a.p/tpci200.c.o
[1276/2842] Compiling C object tests/qtest/libqos/libqos.a.p/e1000e.c.o
[1277/2842] Compiling C object tests/qtest/libqos/libqos.a.p/i2c-omap.c.o
[1278/2842] Compiling C object tests/qtest/libqos/libqos.a.p/igb.c.o
[1279/2842] Compiling C object tests/qtest/libqos/libqos.a.p/pci.c.o
[1280/2842] Compiling C object tests/qtest/libqos/libqos.a.p/virtio-balloon.c.o
[1281/2842] Compiling C object tests/qtest/libqos/libqos.a.p/virtio-blk.c.o
[1282/2842] Compiling C object tests/qtest/libqos/libqos.a.p/i2c-imx.c.o
[1283/2842] Compiling C object tests/qtest/libqos/libqos.a.p/vhost-user-blk.c.o
[1284/2842] Compiling C object tests/qtest/libqos/libqos.a.p/sdhci.c.o
[1285/2842] Compiling C object tests/qtest/libqos/libqos.a.p/virtio-mmio.c.o
[1286/2842] Compiling C object tests/qtest/libqos/libqos.a.p/virtio-scsi.c.o
[1287/2842] Compiling C object tests/qtest/libqos/libqos.a.p/virtio-rng.c.o
[1288/2842] Compiling C object tests/qtest/libqos/libqos.a.p/virtio-serial.c.o
[1289/2842] Compiling C object tests/qtest/libqos/libqos.a.p/virtio.c.o
[1290/2842] Compiling C object tests/qtest/libqos/libqos.a.p/virtio-net.c.o
[1291/2842] Compiling C object tests/qtest/libqos/libqos.a.p/virtio-gpio.c.o
[1292/2842] Compiling C object tests/qtest/libqos/libqos.a.p/virtio-scmi.c.o
[1293/2842] Compiling C object tests/qtest/libqos/libqos.a.p/virtio-pci-modern.c.o
[1294/2842] Compiling C object gdbstub/libgdb_system.a.p/gdbstub.c.o
../gdbstub/gdbstub.c: In function ‘get_feature_xml’:
../gdbstub/gdbstub.c:365:18: warning: initialization discards ‘const’ qualifier from pointer target type [-Wdiscarded-qualifiers]
  365 |     char *term = strchr(p, ':');
      |                  ^~~~~~
[1295/2842] Compiling C object tests/qtest/libqos/libqos.a.p/aarch64-xlnx-zcu102-machine.c.o
[1296/2842] Compiling C object tests/qtest/libqos/libqos.a.p/arm-imx25-pdk-machine.c.o
[1297/2842] Compiling C object tests/qtest/libqos/libqos.a.p/arm-raspi2-machine.c.o
[1298/2842] Compiling C object tests/qtest/libqos/libqos.a.p/generic-pcihost.c.o
[1299/2842] Compiling C object tests/qtest/libqos/libqos.a.p/virtio-iommu.c.o
[1300/2842] Compiling C object tests/qtest/libqos/libqos.a.p/arm-smdkc210-machine.c.o
[1301/2842] Compiling C object tests/qtest/libqos/libqos.a.p/arm-virt-machine.c.o
[1302/2842] Compiling C object tests/qtest/libqos/libqos.a.p/.._libqtest.c.o
[1303/2842] Compiling C object tests/qtest/libqos/libqos.a.p/virtio-pci.c.o
[1304/2842] Compiling C object tests/qtest/libqos/libqos.a.p/arm-sabrelite-machine.c.o
[1305/2842] Compiling C object tests/qtest/libqos/libqos.a.p/arm-xilinx-zynq-a9-machine.c.o
[1306/2842] Compiling C object tests/qtest/libqos/libqos.a.p/x86_64_pc-machine.c.o
[1307/2842] Compiling C object tcg/libtcg_system.a.p/tcg-op-vec.c.o
[1308/2842] Compiling C object tests/qtest/libqos/libqos.a.p/ppc64_pseries-machine.c.o
[1309/2842] Generating block.syms with a custom command (wrapped by meson to capture output)
[1310/2842] Compiling C object tests/qtest/libqos/libqos.a.p/ahci.c.o
[1311/2842] Compiling C object tests/qtest/libqos/libqos.a.p/riscv-virt-machine.c.o
[1312/2842] Compiling C object tests/qtest/libqos/libqos.a.p/loongarch-virt-machine.c.o
[1313/2842] Generating qemu.syms with a custom command (wrapped by meson to capture output)
[1314/2842] Compiling C object tests/qtest/libqos/libqos.a.p/virtio-9p.c.o
[1315/2842] Compiling C object libauthz.a.p/authz_base.c.o
[1316/2842] Compiling C object libcrypto.a.p/crypto_akcipher.c.o
[1317/2842] Compiling C object libcrypto.a.p/crypto_ivgen-plain.c.o
[1318/2842] Compiling C object libcrypto.a.p/crypto_hmac.c.o
[1319/2842] Compiling C object libcrypto.a.p/crypto_block-qcow.c.o
[1320/2842] Compiling C object libcrypto.a.p/crypto_afsplit.c.o
[1321/2842] Compiling C object libauthz.a.p/authz_simple.c.o
[1322/2842] Compiling C object libauthz.a.p/authz_list.c.o
[1323/2842] Compiling C object libcrypto.a.p/crypto_hash.c.o
[1324/2842] Compiling C object libcrypto.a.p/crypto_ivgen-essiv.c.o
[1325/2842] Compiling C object libauthz.a.p/authz_listfile.c.o
[1326/2842] Compiling C object libcrypto.a.p/crypto_der.c.o
[1327/2842] Compiling C object libcrypto.a.p/crypto_ivgen-plain64.c.o
[1328/2842] Compiling C object libcrypto.a.p/crypto_ivgen.c.o
[1329/2842] Compiling C object libcrypto.a.p/crypto_cipher.c.o
[1330/2842] Compiling C object libcrypto.a.p/crypto_pbkdf.c.o
[1331/2842] Compiling C object libcrypto.a.p/crypto_block.c.o
[1332/2842] Compiling C object libcrypto.a.p/crypto_tlssession.c.o
[1333/2842] Compiling C object libcrypto.a.p/crypto_tlscreds.c.o
[1334/2842] Compiling C object libcrypto.a.p/crypto_pbkdf-stub.c.o
[1335/2842] Compiling C object libcrypto.a.p/crypto_hash-glib.c.o
[1336/2842] Compiling C object libcrypto.a.p/crypto_tlscredsanon.c.o
[1337/2842] Compiling C object libcrypto.a.p/crypto_hmac-glib.c.o
[1338/2842] Compiling C object libcrypto.a.p/crypto_tlscredspsk.c.o
[1339/2842] Compiling C object libcrypto.a.p/crypto_secret.c.o
[1340/2842] Compiling C object libcrypto.a.p/crypto_tlscredsx509.c.o
[1341/2842] Compiling C object libcrypto.a.p/crypto_rsakey.c.o
[1342/2842] Compiling C object libcrypto.a.p/crypto_secret_keyring.c.o
[1343/2842] Compiling C object libcrypto.a.p/crypto_secret_common.c.o
[1344/2842] Compiling C object libio.a.p/io_channel-buffer.c.o
[1345/2842] Compiling C object libio.a.p/io_channel-null.c.o
[1346/2842] Compiling C object libio.a.p/io_channel-command.c.o
[1347/2842] Compiling C object libcrypto.a.p/crypto_block-luks.c.o
[1348/2842] Compiling C object libio.a.p/io_channel-util.c.o
[1349/2842] Compiling C object libio.a.p/io_channel-watch.c.o
[1350/2842] Compiling C object libio.a.p/io_channel-file.c.o
[1351/2842] Compiling C object tcg/libtcg_system.a.p/tcg-op-ldst.c.o
[1352/2842] Compiling C object libio.a.p/io_dns-resolver.c.o
[1353/2842] Compiling C object libio.a.p/io_net-listener.c.o
[1354/2842] Compiling C object tests/qtest/libqos/libqos.a.p/virtio-9p-client.c.o
[1355/2842] Compiling C object libio.a.p/io_task.c.o
[1356/2842] Compiling C object libmigration.a.p/migration_migration-stats.c.o
[1357/2842] Compiling C object libio.a.p/io_channel-tls.c.o
[1358/2842] Compiling C object subprojects/berkeley-testfloat-3/libslowfloat.a.p/source_slowfloat.c.o
[1359/2842] Compiling C object libmigration.a.p/migration_page_cache.c.o
[1360/2842] Compiling C object tcg/libtcg_system.a.p/optimize.c.o
[1361/2842] Compiling C object libmigration.a.p/migration_yank_functions.c.o
[1362/2842] Compiling C object libio.a.p/io_channel.c.o
[1363/2842] Compiling C object tcg/libtcg_system.a.p/tcg-op.c.o
[1364/2842] Compiling C object libio.a.p/io_channel-socket.c.o
[1365/2842] Compiling C object libblock.a.p/replication.c.o
[1366/2842] Compiling C object libblock.a.p/block_aio_task.c.o
[1367/2842] Compiling C object libio.a.p/io_channel-websock.c.o
[1368/2842] Compiling C object libblock.a.p/scsi_utils.c.o
[1369/2842] Compiling C object libblock.a.p/scsi_pr-manager.c.o
[1370/2842] Compiling C object libmigration.a.p/migration_vmstate-types.c.o
[1371/2842] Compiling C object libblock.a.p/nbd_common.c.o
[1372/2842] Compiling C object libblock.a.p/nbd_client-connection.c.o
[1373/2842] Compiling C object libblock.a.p/scsi_pr-manager-helper.c.o
[1374/2842] Compiling C object libmigration.a.p/migration_qemu-file.c.o
[1375/2842] Compiling C object libblock.a.p/blockjob.c.o
[1376/2842] Compiling C object libblock.a.p/block_amend.c.o
[1377/2842] Compiling C object libmigration.a.p/migration_vmstate.c.o
[1378/2842] Compiling C object libblock.a.p/block_accounting.c.o
[1379/2842] Compiling C object libblock.a.p/block_backup.c.o
[1380/2842] Compiling C object libblock.a.p/job.c.o
[1381/2842] Compiling C object libmigration.a.p/migration_xbzrle.c.o
[1382/2842] Compiling C object libblock.a.p/block_blklogwrites.c.o
[1383/2842] Compiling C object libblock.a.p/block_blkverify.c.o
[1384/2842] Compiling C object libblock.a.p/block_copy-on-read.c.o
[1385/2842] Compiling C object libblock.a.p/block_create.c.o
[1386/2842] Compiling C object libblock.a.p/block_filter-compress.c.o
[1387/2842] Compiling C object libblock.a.p/block_graph-lock.c.o
[1388/2842] Compiling C object libblock.a.p/block_copy-before-write.c.o
[1389/2842] Compiling C object libblock.a.p/block_blkdebug.c.o
[1390/2842] Compiling C object libblock.a.p/block_commit.c.o
[1391/2842] Compiling C object tcg/libtcg_system.a.p/tcg-op-gvec.c.o
[1392/2842] Compiling C object libblock.a.p/block_progress_meter.c.o
[1393/2842] Compiling C object libblock.a.p/block_crypto.c.o
[1394/2842] Compiling C object libblock.a.p/block_dirty-bitmap.c.o
[1395/2842] Compiling C object libblock.a.p/block_null.c.o
[1396/2842] Compiling C object libblock.a.p/meson-generated_.._block_block-gen.c.o
[1397/2842] Compiling C object libblock.a.p/nbd_client.c.o
[1398/2842] Compiling C object libblock.a.p/qemu-io-cmds.c.o
[1399/2842] Compiling C object libblock.a.p/block_block-copy.c.o
[1400/2842] Compiling C object libblock.a.p/block_preallocate.c.o
[1401/2842] Compiling C object libblock.a.p/block_qcow2-threads.c.o
[1402/2842] Compiling C object libblock.a.p/block_reqlist.c.o
[1403/2842] Compiling C object libblock.a.p/block_qcow2-cache.c.o
[1404/2842] Compiling C object libblock.a.p/block_snapshot-access.c.o
[1405/2842] Compiling C object libblock.a.p/block_qapi.c.o
[1406/2842] Compiling C object libblock.a.p/block_raw-format.c.o
[1407/2842] Compiling C object libblock.a.p/block_write-threshold.c.o
[1408/2842] Compiling C object libblock.a.p/block_throttle.c.o
[1409/2842] Compiling C object libblock.a.p/block_qcow2-snapshot.c.o
[1410/2842] Compiling C object libblock.a.p/block_vhdx-endian.c.o
[1411/2842] Compiling C object libblock.a.p/block_mirror.c.o
[1412/2842] Compiling C object libblock.a.p/block_snapshot.c.o
[1413/2842] Compiling C object libblock.a.p/block_qcow2-bitmap.c.o
[1414/2842] Compiling C object libblock.a.p/block_throttle-groups.c.o
[1415/2842] Compiling C object libblock.a.p/block_vdi.c.o
[1416/2842] Compiling C object libblock.a.p/block_quorum.c.o
[1417/2842] Compiling C object libblock.a.p/block_block-backend.c.o
[1418/2842] Compiling C object libblock.a.p/block_nbd.c.o
[1419/2842] Compiling C object libblock.a.p/block_cloop.c.o
[1420/2842] Compiling C object libblock.a.p/block_qcow.c.o
[1421/2842] Compiling C object libblock.a.p/block_bochs.c.o
[1422/2842] Compiling C object libblock.a.p/block_vhdx-log.c.o
[1423/2842] Compiling C object libblock.a.p/block_qed-cluster.c.o
[1424/2842] Compiling C object libblock.a.p/block_qed-check.c.o
[1425/2842] Compiling C object libblock.a.p/block_qed-l2-cache.c.o
[1426/2842] Compiling C object libblock.a.p/block_vpc.c.o
[1427/2842] Compiling C object libblock.a.p/block_qed-table.c.o
[1428/2842] Compiling C object libblock.a.p/block_parallels-ext.c.o
[1429/2842] Compiling C object libblock.a.p/block_dmg.c.o
[1430/2842] Compiling C object libblock.a.p/block_dmg-bz2.c.o
[1431/2842] Compiling C object libblock.a.p/block_monitor_bitmap-qmp-cmds.c.o
[1432/2842] Compiling C object libblock.a.p/block_vhdx.c.o
[1433/2842] Compiling C object libblock.a.p/block_io.c.o
[1434/2842] Compiling C object libblock.a.p/block_replication.c.o
[1435/2842] Compiling C object libblockdev.a.p/block_export_export.c.o
[1436/2842] Compiling C object libblock.a.p/block_stream.c.o
[1437/2842] Compiling C object libblockdev.a.p/block_export_virtio-blk-handler.c.o
[1438/2842] Compiling C object libblockdev.a.p/block_export_vhost-user-blk-server.c.o
[1439/2842] Compiling C object libblock.a.p/block_qcow2-cluster.c.o
[1440/2842] Compiling C object libblockdev.a.p/os-posix.c.o
[1441/2842] Compiling C object libblock.a.p/block_parallels.c.o
[1442/2842] Compiling C object libblockdev.a.p/block_export_vduse-blk.c.o
[1443/2842] Compiling C object libblockdev.a.p/job-qmp.c.o
[1444/2842] Compiling C object libblockdev.a.p/blockdev-nbd.c.o
[1445/2842] Compiling C object libblockdev.a.p/iothread.c.o
[1446/2842] Compiling C object libchardev.a.p/chardev_char-file.c.o
[1447/2842] Compiling C object libqmp.a.p/qom_qom-qmp-cmds.c.o
[1448/2842] Compiling C object libblock.a.p/block_qed.c.o
[1449/2842] Compiling C object libblock.a.p/block_vmdk.c.o
../block/vmdk.c: In function ‘vmdk_parse_description’:
../block/vmdk.c:1095:13: warning: assignment discards ‘const’ qualifier from pointer target type [-Wdiscarded-qualifiers]
 1095 |     opt_pos = strstr(desc, opt_name);
      |             ^
[1450/2842] Compiling C object libchardev.a.p/chardev_char-null.c.o
[1451/2842] Compiling C object libchardev.a.p/chardev_char-io.c.o
[1452/2842] Compiling C object libqmp.a.p/monitor_qmp-cmds-control.c.o
[1453/2842] Compiling C object libchardev.a.p/chardev_char-fe.c.o
[1454/2842] Compiling C object libblock.a.p/block_qcow2-refcount.c.o
[1455/2842] Compiling C object libchardev.a.p/chardev_char-pipe.c.o
[1456/2842] Compiling C object libchardev.a.p/chardev_char-ringbuf.c.o
[1457/2842] Compiling C object libqmp.a.p/monitor_qmp.c.o
[1458/2842] Compiling C object tcg/libtcg_system.a.p/tcg.c.o
[1459/2842] Compiling C object libchardev.a.p/chardev_char-serial.c.o
[1460/2842] Compiling C object libchardev.a.p/chardev_char-stdio.c.o
[1461/2842] Compiling C object libqmp.a.p/monitor_monitor.c.o
[1462/2842] Compiling C object libchardev.a.p/chardev_char-udp.c.o
[1463/2842] Compiling C object libchardev.a.p/chardev_char-mux.c.o
[1464/2842] Compiling C object libblock.a.p/block_nvme.c.o
[1465/2842] Compiling C object libchardev.a.p/chardev_char-parallel.c.o
[1466/2842] Compiling C object libhwcore.a.p/hw_core_resetcontainer.c.o
[1467/2842] Compiling C object libchardev.a.p/chardev_char-fd.c.o
[1468/2842] Compiling C object libhwcore.a.p/hw_core_bus.c.o
[1469/2842] Compiling C object libblock.a.p/block_qcow2.c.o
[1470/2842] Compiling C object libhwcore.a.p/hw_core_vmstate-if.c.o
[1471/2842] Compiling C object libchardev.a.p/chardev_char-pty.c.o
[1472/2842] Compiling C object libblock.a.p/block.c.o
[1473/2842] Compiling C object libhwcore.a.p/hw_core_irq.c.o
[1474/2842] Compiling C object libcommon.a.p/page-vary-common.c.o
[1475/2842] Compiling C object libhwcore.a.p/hw_core_qdev-clock.c.o
[1476/2842] Compiling C object libhwcore.a.p/hw_core_resettable.c.o
[1477/2842] Compiling C object libcommon.a.p/gdbstub_syscalls.c.o
[1478/2842] Compiling C object libblock.a.p/block_file-posix.c.o
[1479/2842] Compiling C object libcommon.a.p/disas_disas-host.c.o
[1480/2842] Compiling C object libcommon.a.p/disas_disas-target.c.o
[1481/2842] Compiling C object libhwcore.a.p/hw_core_clock.c.o
[1482/2842] Compiling C object libhwcore.a.p/hw_core_qdev-properties.c.o
[1483/2842] Compiling C object libcommon.a.p/disas_objdump.c.o
[1484/2842] Compiling C object libcommon.a.p/semihosting_stubs-all.c.o
[1485/2842] Compiling C object libcommon.a.p/disas_disas-common.c.o
[1486/2842] Compiling C object libchardev.a.p/chardev_char.c.o
[1487/2842] Compiling C object libhwcore.a.p/hw_core_qdev.c.o
[1488/2842] Compiling C object libcommon.a.p/accel_tcg_cpu-exec-common.c.o
[1489/2842] Compiling C object libcommon.a.p/hw_core_machine-smp.c.o
[1490/2842] Compiling C object libcommon.a.p/hw_core_cpu-common.c.o
[1491/2842] Compiling C object libcommon.a.p/cpu-common.c.o
[1492/2842] Compiling C object libchardev.a.p/chardev_char-socket.c.o
[1493/2842] Compiling C object libcommon.a.p/ui_dmabuf.c.o
[1494/2842] Compiling C object libcommon.a.p/ui_input-keymap.c.o
[1495/2842] Compiling C object libcommon.a.p/trace_trace-hmp-cmds.c.o
[1496/2842] Compiling C object libcommon.a.p/ui_clipboard.c.o
[1497/2842] Compiling C object libblockdev.a.p/blockdev.c.o
[1498/2842] Compiling C object libcommon.a.p/qom_qom-hmp-cmds.c.o
[1499/2842] Compiling C object libcommon.a.p/ui_dbus-module.c.o
[1500/2842] Compiling C object libcommon.a.p/ui_keymaps.c.o
[1501/2842] Compiling C object libcommon.a.p/ui_spice-module.c.o
[1502/2842] Compiling C object libcommon.a.p/ui_input-legacy.c.o
[1503/2842] Compiling C object libcommon.a.p/ui_cursor.c.o
[1504/2842] Compiling C object libcommon.a.p/ui_kbd-state.c.o
[1505/2842] Compiling C object libcommon.a.p/ui_udmabuf.c.o
[1506/2842] Compiling C object libcommon.a.p/ui_input-barrier.c.o
[1507/2842] Compiling C object libcommon.a.p/ui_vnc-stubs.c.o
[1508/2842] Compiling C object libcommon.a.p/ui_qemu-pixman.c.o
[1509/2842] Compiling C object libcommon.a.p/hw_9pfs_9p-posix-acl.c.o
[1510/2842] Compiling C object libcommon.a.p/ui_util.c.o
[1511/2842] Compiling C object libcommon.a.p/ui_ui-hmp-cmds.c.o
../ui/ui-hmp-cmds.c: In function ‘sendkey_completion’:
../ui/ui-hmp-cmds.c:427:9: warning: assignment discards ‘const’ qualifier from pointer target type [-Wdiscarded-qualifiers]
  427 |     sep = strrchr(str, '-');
      |         ^
[1512/2842] Compiling C object libcommon.a.p/hw_9pfs_9p-xattr-user.c.o
[1513/2842] Compiling C object libcommon.a.p/ui_ui-qmp-cmds.c.o
[1514/2842] Compiling C object libcommon.a.p/ui_input-linux.c.o
[1515/2842] Compiling C object libblockdev.a.p/nbd_server.c.o
[1516/2842] Compiling C object libcommon.a.p/ui_input.c.o
[1517/2842] Compiling C object libblock.a.p/block_vvfat.c.o
../block/vvfat.c: In function ‘get_basename’:
../block/vvfat.c:1830:22: warning: initialization discards ‘const’ qualifier from pointer target type [-Wdiscarded-qualifiers]
 1830 |     char* basename = strrchr(path, '/');
      |                      ^~~~~~~
[1518/2842] Compiling C object libcommon.a.p/hw_9pfs_9p-xattr.c.o
[1519/2842] Compiling C object libcommon.a.p/hw_9pfs_coth.c.o
[1520/2842] Compiling C object libcommon.a.p/hw_9pfs_9p-util-linux.c.o
[1521/2842] Compiling C object libcommon.a.p/hw_acpi_ghes-stub.c.o
[1522/2842] Compiling C object libcommon.a.p/hw_9pfs_9p-synth.c.o
[1523/2842] Compiling C object libcommon.a.p/hw_9pfs_codir.c.o
[1524/2842] Compiling C object libcommon.a.p/hw_acpi_acpi_interface.c.o
[1525/2842] Compiling C object libcommon.a.p/hw_9pfs_cofile.c.o
[1526/2842] Compiling C object libcommon.a.p/hw_9pfs_cofs.c.o
[1527/2842] Compiling C object libcommon.a.p/hw_9pfs_coxattr.c.o
[1528/2842] Compiling C object libcommon.a.p/ui_console-vc.c.o
[1529/2842] Compiling C object libcommon.a.p/hw_acpi_utils.c.o
[1530/2842] Compiling C object libcommon.a.p/hw_acpi_bios-linker-loader.c.o
[1531/2842] Compiling C object libcommon.a.p/hw_acpi_cpu_hotplug.c.o
[1532/2842] Compiling C object libcommon.a.p/ui_console.c.o
[1533/2842] Compiling C object libcommon.a.p/hw_acpi_hmat.c.o
[1534/2842] Compiling C object libcommon.a.p/hw_9pfs_xen-9p-backend.c.o
[1535/2842] Compiling C object libcommon.a.p/hw_acpi_pci-bridge.c.o
[1536/2842] Compiling C object libcommon.a.p/hw_9pfs_9p-local.c.o
[1537/2842] Compiling C object libcommon.a.p/hw_acpi_pci.c.o
[1538/2842] Compiling C object libcommon.a.p/hw_acpi_vmgenid.c.o
[1539/2842] Compiling C object libcommon.a.p/hw_acpi_cxl.c.o
[1540/2842] Compiling C object libcommon.a.p/hw_acpi_core.c.o
[1541/2842] Compiling C object libcommon.a.p/hw_acpi_generic_event_device.c.o
[1542/2842] Compiling C object libcommon.a.p/hw_acpi_viot.c.o
[1543/2842] Compiling C object libcommon.a.p/hw_acpi_cpu.c.o
[1544/2842] Compiling C object libcommon.a.p/hw_acpi_memory_hotplug.c.o
[1545/2842] Compiling C object libcommon.a.p/hw_acpi_piix4.c.o
[1546/2842] Compiling C object libcommon.a.p/hw_acpi_acpi-qmp-cmds.c.o
[1547/2842] Compiling C object libcommon.a.p/hw_acpi_ich9_timer.c.o
[1548/2842] Compiling C object libcommon.a.p/hw_acpi_ipmi.c.o
[1549/2842] Compiling C object libcommon.a.p/hw_acpi_ich9.c.o
[1550/2842] Compiling C object libcommon.a.p/hw_acpi_nvdimm.c.o
[1551/2842] Compiling C object libcommon.a.p/hw_acpi_tpm.c.o
[1552/2842] Compiling C object libcommon.a.p/hw_acpi_pcihp.c.o
[1553/2842] Compiling C object libcommon.a.p/hw_audio_adlib.c.o
[1554/2842] Compiling C object libcommon.a.p/hw_audio_soundhw.c.o
[1555/2842] Compiling C object libcommon.a.p/hw_acpi_ich9_tco.c.o
[1556/2842] Compiling C object libcommon.a.p/hw_audio_gusemu_hal.c.o
[1557/2842] Compiling C object libcommon.a.p/hw_audio_gusemu_mixer.c.o
[1558/2842] Compiling C object libcommon.a.p/hw_audio_gus.c.o
[1559/2842] Compiling C object libcommon.a.p/hw_audio_cs4231a.c.o
[1560/2842] Compiling C object libcommon.a.p/hw_audio_pcspk.c.o
[1561/2842] Compiling C object libcommon.a.p/hw_acpi_erst.c.o
[1562/2842] Compiling C object libcommon.a.p/hw_block_cdrom.c.o
[1563/2842] Compiling C object libcommon.a.p/hw_block_block.c.o
[1564/2842] Compiling C object libcommon.a.p/hw_audio_virtio-snd-pci.c.o
[1565/2842] Compiling C object libcommon.a.p/hw_block_hd-geometry.c.o
[1566/2842] Compiling C object libcommon.a.p/hw_audio_es1370.c.o
[1567/2842] Compiling C object libcommon.a.p/hw_char_parallel-isa.c.o
[1568/2842] Compiling C object libcommon.a.p/hw_audio_ac97.c.o
[1569/2842] Compiling C object libcommon.a.p/hw_char_debugcon.c.o
[1570/2842] Compiling C object libcommon.a.p/hw_char_ipoctal232.c.o
[1571/2842] Compiling C object libcommon.a.p/hw_block_fdc-isa.c.o
[1572/2842] Compiling C object libcommon.a.p/hw_audio_fmopl.c.o
[1573/2842] Compiling C object libcommon.a.p/hw_audio_sb16.c.o
[1574/2842] Compiling C object libcommon.a.p/hw_char_serial-isa.c.o
[1575/2842] Compiling C object libcommon.a.p/hw_audio_hda-codec.c.o
[1576/2842] Compiling C object libcommon.a.p/hw_audio_intel-hda.c.o
[1577/2842] Compiling C object libcommon.a.p/hw_char_parallel.c.o
[1578/2842] Compiling C object libcommon.a.p/hw_char_serial-pci.c.o
[1579/2842] Compiling C object libcommon.a.p/hw_core_fw-path-provider.c.o
[1580/2842] Compiling C object libcommon.a.p/hw_core_hotplug.c.o
[1581/2842] Compiling C object libcommon.a.p/hw_core_cpu-sysemu.c.o
[1582/2842] Compiling C object libcommon.a.p/hw_core_generic-loader.c.o
[1583/2842] Compiling C object libcommon.a.p/hw_char_serial.c.o
[1584/2842] Compiling C object libcommon.a.p/hw_char_serial-pci-multi.c.o
[1585/2842] Compiling C object libcommon.a.p/hw_char_virtio-console.c.o
[1586/2842] Compiling C object libcommon.a.p/hw_core_guest-loader.c.o
[1587/2842] Compiling C object libcommon.a.p/hw_core_gpio.c.o
[1588/2842] Compiling C object libcommon.a.p/hw_audio_virtio-snd.c.o
[1589/2842] Compiling C object libcommon.a.p/hw_core_nmi.c.o
[1590/2842] Compiling C object libcommon.a.p/hw_char_xen_console.c.o
[1591/2842] Compiling C object libcommon.a.p/hw_acpi_aml-build.c.o
[1592/2842] Compiling C object libcommon.a.p/hw_core_qdev-fw.c.o
[1593/2842] Compiling C object libcommon.a.p/hw_block_xen-block.c.o
[1594/2842] Compiling C object libcommon.a.p/hw_block_fdc.c.o
[1595/2842] Compiling C object libcommon.a.p/hw_core_clock-vmstate.c.o
[1596/2842] Compiling C object libcommon.a.p/hw_core_machine-hmp-cmds.c.o
[1597/2842] Compiling C object libcommon.a.p/hw_block_pflash_cfi01.c.o
[1598/2842] Compiling C object libcommon.a.p/hw_core_reset.c.o
[1599/2842] Compiling C object libcommon.a.p/hw_core_vm-change-state-handler.c.o
[1600/2842] Compiling C object libcommon.a.p/hw_core_null-machine.c.o
[1601/2842] Compiling C object libcommon.a.p/hw_core_qdev-hotplug.c.o
[1602/2842] Compiling C object libcommon.a.p/hw_core_machine-qmp-cmds.c.o
[1603/2842] Compiling C object libcommon.a.p/hw_cpu_core.c.o
[1604/2842] Compiling C object libcommon.a.p/hw_core_sysbus.c.o
[1605/2842] Compiling C object libcommon.a.p/hw_9pfs_9p.c.o
[1606/2842] Compiling C object libcommon.a.p/hw_display_edid-region.c.o
[1607/2842] Compiling C object libcommon.a.p/hw_display_i2c-ddc.c.o
[1608/2842] Compiling C object libcommon.a.p/hw_cxl_cxl-component-utils.c.o
[1609/2842] Compiling C object libcommon.a.p/hw_cxl_cxl-device-utils.c.o
[1610/2842] Compiling C object libcommon.a.p/hw_core_numa.c.o
[1611/2842] Compiling C object libcommon.a.p/hw_cxl_switch-mailbox-cci.c.o
[1612/2842] Compiling C object libcommon.a.p/hw_cxl_cxl-cdat.c.o
[1613/2842] Compiling C object libcommon.a.p/hw_cxl_cxl-host.c.o
[1614/2842] Compiling C object libcommon.a.p/hw_cxl_cxl-events.c.o
[1615/2842] Compiling C object libcommon.a.p/hw_display_edid-generate.c.o
[1616/2842] Compiling C object libcommon.a.p/hw_display_ramfb-standalone.c.o
[1617/2842] Compiling C object libcommon.a.p/hw_display_cirrus_vga_isa.c.o
[1618/2842] Compiling C object libcommon.a.p/hw_display_ramfb.c.o
[1619/2842] Compiling C object libcommon.a.p/hw_core_qdev-properties-system.c.o
[1620/2842] Compiling C object libcommon.a.p/hw_display_virtio-dmabuf.c.o
[1621/2842] Compiling C object libcommon.a.p/hw_core_machine.c.o
[1622/2842] Compiling C object libcommon.a.p/hw_display_vga-pci.c.o
[1623/2842] Compiling C object libcommon.a.p/hw_display_vga-isa.c.o
[1624/2842] Compiling C object libcommon.a.p/hw_i2c_smbus_master.c.o
[1625/2842] Compiling C object libcommon.a.p/hw_i2c_smbus_slave.c.o
[1626/2842] Compiling C object libcommon.a.p/hw_display_acpi-vga.c.o
[1627/2842] Compiling C object libcommon.a.p/hw_i2c_core.c.o
[1628/2842] Compiling C object libcommon.a.p/hw_display_ati_dbg.c.o
[1629/2842] Compiling C object libcommon.a.p/hw_display_bochs-display.c.o
[1630/2842] Compiling C object libcommon.a.p/hw_dma_i8257.c.o
[1631/2842] Compiling C object libcommon.a.p/hw_i2c_smbus_ich9.c.o
[1632/2842] Compiling C object libcommon.a.p/hw_display_xenfb.c.o
[1633/2842] Compiling C object libcommon.a.p/hw_i2c_bitbang_i2c.c.o
[1634/2842] Compiling C object libcommon.a.p/hw_i2c_pm_smbus.c.o
[1635/2842] Compiling C object libcommon.a.p/hw_i2c_smbus_eeprom.c.o
[1636/2842] Compiling C object libcommon.a.p/hw_ide_ich.c.o
[1637/2842] Compiling C object libcommon.a.p/hw_display_ati_2d.c.o
[1638/2842] Compiling C object libcommon.a.p/hw_ide_cf.c.o
[1639/2842] Compiling C object libcommon.a.p/hw_ide_ide-bus.c.o
[1640/2842] Compiling C object libcommon.a.p/hw_core_loader.c.o
[1641/2842] Compiling C object libcommon.a.p/hw_ide_isa.c.o
[1642/2842] Compiling C object libcommon.a.p/hw_intc_intc.c.o
[1643/2842] Compiling C object libcommon.a.p/hw_ide_ide-dev.c.o
[1644/2842] Compiling C object libcommon.a.p/hw_cxl_cxl-mailbox-utils.c.o
[1645/2842] Compiling C object libcommon.a.p/hw_ide_ioport.c.o
[1646/2842] Compiling C object libcommon.a.p/hw_ide_piix.c.o
[1647/2842] Compiling C object libcommon.a.p/hw_display_ati.c.o
[1648/2842] Compiling C object libcommon.a.p/hw_intc_i8259_common.c.o
[1649/2842] Compiling C object libcommon.a.p/hw_display_vmware_vga.c.o
[1650/2842] Compiling C object libcommon.a.p/hw_input_hid.c.o
[1651/2842] Compiling C object libcommon.a.p/hw_input_virtio-input-host.c.o
[1652/2842] Compiling C object libcommon.a.p/hw_input_virtio-input.c.o
[1653/2842] Compiling C object libcommon.a.p/hw_ipack_ipack.c.o
[1654/2842] Compiling C object libcommon.a.p/hw_ide_pci.c.o
[1655/2842] Compiling C object libcommon.a.p/hw_intc_kvm_irqcount.c.o
[1656/2842] Compiling C object libcommon.a.p/hw_input_pckbd.c.o
[1657/2842] Compiling C object libcommon.a.p/hw_input_virtio-input-hid.c.o
[1658/2842] Compiling C object libcommon.a.p/hw_intc_i8259.c.o
[1659/2842] Compiling C object libcommon.a.p/hw_intc_ioapic_common.c.o
[1660/2842] Compiling C object libcommon.a.p/hw_ide_atapi.c.o
[1661/2842] Compiling C object libcommon.a.p/hw_ipmi_ipmi.c.o
[1662/2842] Compiling C object libcommon.a.p/hw_ipmi_isa_ipmi_kcs.c.o
[1663/2842] Compiling C object libcommon.a.p/hw_ipmi_ipmi_bt.c.o
[1664/2842] Compiling C object libcommon.a.p/hw_ipmi_ipmi_kcs.c.o
[1665/2842] Compiling C object libcommon.a.p/hw_ipmi_isa_ipmi_bt.c.o
[1666/2842] Compiling C object libcommon.a.p/hw_ipmi_pci_ipmi_kcs.c.o
[1667/2842] Compiling C object libcommon.a.p/hw_ipack_tpci200.c.o
[1668/2842] Compiling C object libcommon.a.p/hw_ipmi_ipmi_bmc_extern.c.o
[1669/2842] Compiling C object libcommon.a.p/hw_input_ps2.c.o
[1670/2842] Compiling C object libcommon.a.p/hw_ipmi_pci_ipmi_bt.c.o
[1671/2842] Compiling C object libcommon.a.p/hw_ipmi_smbus_ipmi.c.o
[1672/2842] Compiling C object libcommon.a.p/hw_isa_isa-bus.c.o
[1673/2842] Compiling C object libcommon.a.p/hw_isa_apm.c.o
[1674/2842] Compiling C object libcommon.a.p/hw_mem_nvdimm.c.o
[1675/2842] Compiling C object libcommon.a.p/hw_misc_debugexit.c.o
[1676/2842] Compiling C object libcommon.a.p/hw_misc_pc-testdev.c.o
[1677/2842] Compiling C object libcommon.a.p/hw_mem_pc-dimm.c.o
[1678/2842] Compiling C object libcommon.a.p/hw_misc_vmcoreinfo.c.o
[1679/2842] Compiling C object libcommon.a.p/hw_isa_piix.c.o
[1680/2842] Compiling C object libcommon.a.p/hw_display_vga.c.o
[1681/2842] Compiling C object libcommon.a.p/hw_misc_i2c-echo.c.o
[1682/2842] Compiling C object libcommon.a.p/hw_misc_edu.c.o
[1683/2842] Compiling C object libcommon.a.p/hw_misc_applesmc.c.o
[1684/2842] Compiling C object libcommon.a.p/hw_misc_pvpanic.c.o
[1685/2842] Compiling C object libcommon.a.p/hw_mem_memory-device.c.o
[1686/2842] Compiling C object libcommon.a.p/hw_misc_pvpanic-pci.c.o
[1687/2842] Compiling C object libcommon.a.p/hw_ide_ahci.c.o
[1688/2842] Compiling C object libcommon.a.p/hw_misc_pvpanic-isa.c.o
[1689/2842] Compiling C object libcommon.a.p/hw_misc_pci-testdev.c.o
[1690/2842] Compiling C object libcommon.a.p/hw_misc_virtio_nvgpu_pci.c.o
[1691/2842] Compiling C object libcommon.a.p/hw_ide_core.c.o
[1692/2842] Compiling C object libcommon.a.p/hw_misc_nvkvm_handle.c.o
[1693/2842] Compiling C object libcommon.a.p/hw_misc_nvkvm_dispatch.c.o
[1694/2842] Compiling C object libcommon.a.p/hw_misc_nvkvm_objects.c.o
[1695/2842] Compiling C object libcommon.a.p/hw_ipmi_ipmi_bmc_sim.c.o
[1696/2842] Compiling C object libcommon.a.p/hw_misc_ivshmem.c.o
[1697/2842] Compiling C object libcommon.a.p/hw_net_ne2000-pci.c.o
[1698/2842] Compiling C object libcommon.a.p/hw_misc_nvkvm_tables.c.o
[1699/2842] Compiling C object libcommon.a.p/hw_misc_nvkvm_frontend.c.o
[1700/2842] Compiling C object libcommon.a.p/meson-generated_.._ui_dbus-display1.c.o
[1701/2842] Compiling C object libcommon.a.p/hw_misc_nvkvm_mmap_host.c.o
[1702/2842] Compiling C object libcommon.a.p/hw_net_ne2000.c.o
[1703/2842] Compiling C object libcommon.a.p/hw_mem_cxl_type3.c.o
[1704/2842] Compiling C object libcommon.a.p/hw_net_pcnet-pci.c.o
[1705/2842] Compiling C object libcommon.a.p/hw_net_xen_nic.c.o
[1706/2842] Compiling C object libcommon.a.p/hw_misc_virtio_nvgpu.c.o
[1707/2842] Compiling C object libcommon.a.p/hw_net_e1000x_common.c.o
[1708/2842] Compiling C object libcommon.a.p/hw_net_ne2000-isa.c.o
[1709/2842] Compiling C object libcommon.a.p/hw_net_net_tx_pkt.c.o
[1710/2842] Compiling C object libcommon.a.p/hw_misc_nvkvm_present_egl.c.o
[1711/2842] Compiling C object libcommon.a.p/hw_net_igbvf.c.o
[1712/2842] Compiling C object libcommon.a.p/hw_net_e1000e.c.o
[1713/2842] Compiling C object libcommon.a.p/hw_net_eepro100.c.o
[1714/2842] Compiling C object libcommon.a.p/hw_net_rocker_rocker_fp.c.o
[1715/2842] Compiling C object libcommon.a.p/hw_net_igb.c.o
[1716/2842] Compiling C object libcommon.a.p/hw_net_net_rx_pkt.c.o
[1717/2842] Compiling C object libcommon.a.p/hw_net_rocker_rocker_world.c.o
[1718/2842] Compiling C object libcommon.a.p/hw_net_pcnet.c.o
[1719/2842] Compiling C object libcommon.a.p/hw_net_vhost_net.c.o
[1720/2842] Compiling C object libcommon.a.p/hw_net_rocker_rocker_desc.c.o
[1721/2842] Compiling C object libcommon.a.p/hw_net_e1000.c.o
[1722/2842] Compiling C object libcommon.a.p/hw_net_rocker_rocker-hmp-cmds.c.o
[1723/2842] Compiling C object libcommon.a.p/hw_net_can_can_pcm3680_pci.c.o
[1724/2842] Compiling C object libcommon.a.p/hw_net_can_can_mioe3680_pci.c.o
[1725/2842] Compiling C object libcommon.a.p/hw_net_can_can_kvaser_pci.c.o
[1726/2842] Compiling C object libcommon.a.p/hw_net_tulip.c.o
[1727/2842] Compiling C object libcommon.a.p/hw_net_can_ctucan_pci.c.o
[1728/2842] Compiling C object libcommon.a.p/hw_net_can_can_sja1000.c.o
[1729/2842] Compiling C object libcommon.a.p/hw_net_can_ctucan_core.c.o
[1730/2842] Compiling C object libcommon.a.p/hw_nvram_fw_cfg-interface.c.o
[1731/2842] Compiling C object libcommon.a.p/hw_nvme_subsys.c.o
[1732/2842] Compiling C object libcommon.a.p/hw_nvram_eeprom93xx.c.o
[1733/2842] Compiling C object libcommon.a.p/hw_net_rtl8139.c.o
[1734/2842] Compiling C object libcommon.a.p/hw_net_rocker_rocker_of_dpa.c.o
[1735/2842] Compiling C object libcommon.a.p/hw_nvme_nguid.c.o
[1736/2842] Compiling C object libcommon.a.p/hw_net_rocker_rocker.c.o
[1737/2842] Compiling C object libcommon.a.p/hw_pci_pcie_host.c.o
[1738/2842] Compiling C object libcommon.a.p/hw_misc_nvkvm_isolate_handlers.c.o
[1739/2842] Compiling C object libcommon.a.p/hw_net_vmxnet3.c.o
[1740/2842] Compiling C object libcommon.a.p/hw_misc_nvkvm_isolate.c.o
[1741/2842] Compiling C object libcommon.a.p/hw_pci_pcie_port.c.o
[1742/2842] Compiling C object libcommon.a.p/hw_nvme_ns.c.o
[1743/2842] Compiling C object libcommon.a.p/hw_pci_msi.c.o
[1744/2842] Compiling C object libcommon.a.p/hw_nvme_dif.c.o
[1745/2842] Compiling C object libcommon.a.p/hw_pci_slotid_cap.c.o
[1746/2842] Compiling C object libcommon.a.p/hw_pci_pci-qmp-cmds.c.o
[1747/2842] Compiling C object libcommon.a.p/hw_pci_pci_bridge.c.o
[1748/2842] Compiling C object libcommon.a.p/hw_pci_pci_host.c.o
[1749/2842] Compiling C object libcommon.a.p/hw_pci_pci-hmp-cmds.c.o
[1750/2842] Compiling C object libcommon.a.p/hw_pci_pcie_sriov.c.o
[1751/2842] Compiling C object libcommon.a.p/hw_pci_msix.c.o
[1752/2842] Compiling C object libcommon.a.p/hw_pci-bridge_i82801b11.c.o
[1753/2842] Compiling C object libcommon.a.p/hw_pci-bridge_ioh3420.c.o
[1754/2842] Compiling C object libcommon.a.p/hw_pci-bridge_gen_pcie_root_port.c.o
[1755/2842] Compiling C object libcommon.a.p/hw_pci_pcie_doe.c.o
[1756/2842] Compiling C object libcommon.a.p/hw_nvram_fw_cfg.c.o
[1757/2842] Compiling C object libcommon.a.p/hw_pci-bridge_pci_bridge_dev.c.o
[1758/2842] Compiling C object libcommon.a.p/hw_pci-bridge_pcie_root_port.c.o
[1759/2842] Compiling C object libcommon.a.p/hw_pci_shpc.c.o
[1760/2842] Compiling C object libcommon.a.p/hw_pci-bridge_pcie_pci_bridge.c.o
[1761/2842] Compiling C object libcommon.a.p/hw_pci-bridge_xio3130_upstream.c.o
[1762/2842] Compiling C object libcommon.a.p/hw_pci-bridge_xio3130_downstream.c.o
[1763/2842] Compiling C object libcommon.a.p/hw_pci-host_pam.c.o
[1764/2842] Compiling C object libcommon.a.p/hw_pci-bridge_cxl_root_port.c.o
[1765/2842] Compiling C object libcommon.a.p/hw_scsi_emulation.c.o
[1766/2842] Compiling C object libcommon.a.p/hw_pci_pcie_aer.c.o
[1767/2842] Compiling C object libcommon.a.p/hw_pci_pcie.c.o
[1768/2842] Compiling C object libcommon.a.p/hw_pci-bridge_cxl_downstream.c.o
[1769/2842] Compiling C object libcommon.a.p/hw_pci-bridge_pci_expander_bridge.c.o
[1770/2842] Compiling C object libcommon.a.p/hw_pci-host_gpex.c.o
[1771/2842] Compiling C object libcommon.a.p/hw_pci-bridge_cxl_upstream.c.o
[1772/2842] Compiling C object libcommon.a.p/hw_pci-host_remote.c.o
[1773/2842] Compiling C object libcommon.a.p/hw_pci-host_gpex-acpi.c.o
[1774/2842] Compiling C object libcommon.a.p/hw_pci-host_i440fx.c.o
[1775/2842] Compiling C object libcommon.a.p/hw_pci-host_q35.c.o
[1776/2842] Compiling C object libcommon.a.p/hw_scsi_virtio-scsi-dataplane.c.o
[1777/2842] Compiling C object libcommon.a.p/hw_scsi_mptendian.c.o
[1778/2842] Compiling C object libcommon.a.p/hw_scsi_esp-pci.c.o
[1779/2842] Compiling C object libcommon.a.p/hw_scsi_vhost-scsi.c.o
[1780/2842] Compiling C object libcommon.a.p/hw_rtc_mc146818rtc.c.o
[1781/2842] Compiling C object libcommon.a.p/hw_scsi_scsi-generic.c.o
[1782/2842] Compiling C object libcommon.a.p/hw_scsi_vhost-user-scsi.c.o
[1783/2842] Compiling C object libcommon.a.p/hw_net_igb_core.c.o
[1784/2842] Compiling C object libcommon.a.p/hw_sd_core.c.o
[1785/2842] Compiling C object libcommon.a.p/hw_pci_pci.c.o
[1786/2842] Compiling C object libcommon.a.p/hw_sd_sdhci-pci.c.o
[1787/2842] Compiling C object libcommon.a.p/hw_net_e1000e_core.c.o
[1788/2842] Compiling C object libcommon.a.p/hw_scsi_mptconfig.c.o
[1789/2842] Compiling C object libcommon.a.p/hw_smbios_smbios_type_38.c.o
[1790/2842] Compiling C object libcommon.a.p/hw_smbios_smbios_legacy.c.o
[1791/2842] Compiling C object libcommon.a.p/hw_timer_i8254_common.c.o
[1792/2842] Compiling C object libcommon.a.p/hw_tpm_tpm_tis_isa.c.o
[1793/2842] Compiling C object libcommon.a.p/hw_scsi_mptsas.c.o
[1794/2842] Compiling C object libcommon.a.p/hw_tpm_tpm_ppi.c.o
[1795/2842] Compiling C object libcommon.a.p/hw_timer_i8254.c.o
[1796/2842] Compiling C object libcommon.a.p/hw_tpm_tpm_crb.c.o
[1797/2842] Compiling C object libcommon.a.p/hw_scsi_esp.c.o
[1798/2842] Compiling C object libcommon.a.p/hw_scsi_scsi-bus.c.o
[1799/2842] Compiling C object libcommon.a.p/hw_usb_combined-packet.c.o
[1800/2842] Compiling C object libcommon.a.p/hw_usb_desc-msos.c.o
[1801/2842] Compiling C object libcommon.a.p/hw_timer_hpet.c.o
[1802/2842] Compiling C object libcommon.a.p/hw_ufs_lu.c.o
[1803/2842] Compiling C object libcommon.a.p/hw_usb_libhw.c.o
[1804/2842] Compiling C object libcommon.a.p/hw_usb_pcap.c.o
[1805/2842] Compiling C object libcommon.a.p/hw_tpm_tpm_tis_common.c.o
[1806/2842] Compiling C object libcommon.a.p/hw_scsi_scsi-disk.c.o
[1807/2842] Compiling C object libcommon.a.p/hw_usb_bus.c.o
[1808/2842] Compiling C object libcommon.a.p/hw_scsi_vmw_pvscsi.c.o
[1809/2842] Compiling C object libcommon.a.p/hw_sd_sd.c.o
[1810/2842] Compiling C object libcommon.a.p/hw_usb_core.c.o
[1811/2842] Compiling C object libcommon.a.p/hw_usb_hcd-ohci-pci.c.o
[1812/2842] Compiling C object libcommon.a.p/hw_sd_sdhci.c.o
[1813/2842] Compiling C object libcommon.a.p/hw_usb_hcd-ehci-pci.c.o
[1814/2842] Compiling C object libcommon.a.p/hw_usb_imx-usb-phy.c.o
[1815/2842] Compiling C object libcommon.a.p/hw_usb_desc.c.o
[1816/2842] Compiling C object libcommon.a.p/hw_usb_hcd-xhci-sysbus.c.o
[1817/2842] Compiling C object libcommon.a.p/hw_usb_hcd-xhci-nec.c.o
[1818/2842] Compiling C object libcommon.a.p/hw_usb_hcd-xhci-pci.c.o
[1819/2842] Compiling C object libcommon.a.p/hw_scsi_lsi53c895a.c.o
[1820/2842] Compiling C object libcommon.a.p/hw_smbios_smbios.c.o
[1821/2842] Compiling C object libcommon.a.p/hw_usb_dev-hid.c.o
[1822/2842] Compiling C object libcommon.a.p/hw_usb_dev-storage-bot.c.o
[1823/2842] Compiling C object libcommon.a.p/hw_usb_dev-storage-classic.c.o
[1824/2842] Compiling C object libcommon.a.p/hw_usb_dev-wacom.c.o
[1825/2842] Compiling C object libcommon.a.p/hw_usb_dev-audio.c.o
[1826/2842] Compiling C object libcommon.a.p/hw_ufs_ufs.c.o
[1827/2842] Compiling C object libcommon.a.p/hw_usb_u2f.c.o
[1828/2842] Compiling C object libcommon.a.p/hw_usb_dev-hub.c.o
[1829/2842] Compiling C object libcommon.a.p/hw_usb_hcd-uhci.c.o
[1830/2842] Compiling C object libcommon.a.p/hw_scsi_megasas.c.o
[1831/2842] Compiling C object libcommon.a.p/hw_usb_dev-storage.c.o
[1832/2842] Compiling C object libcommon.a.p/hw_usb_dev-network.c.o
[1833/2842] Compiling C object libcommon.a.p/hw_usb_u2f-passthru.c.o
[1834/2842] Compiling C object libcommon.a.p/hw_usb_dev-serial.c.o
[1835/2842] Compiling C object libcommon.a.p/hw_virtio_virtio-bus.c.o
[1836/2842] Compiling C object libcommon.a.p/hw_usb_dev-uas.c.o
[1837/2842] Compiling C object libcommon.a.p/hw_usb_dev-smartcard-reader.c.o
[1838/2842] Compiling C object libcommon.a.p/hw_virtio_vhost-user-device.c.o
[1839/2842] Compiling C object libcommon.a.p/hw_virtio_vhost-vsock-common.c.o
[1840/2842] Compiling C object libcommon.a.p/hw_virtio_vhost-user-gpio.c.o
[1841/2842] Compiling C object libcommon.a.p/hw_virtio_vhost-user-i2c.c.o
[1842/2842] Compiling C object libcommon.a.p/hw_virtio_vdpa-dev.c.o
[1843/2842] Compiling C object libcommon.a.p/hw_virtio_vhost-user-rng.c.o
[1844/2842] Compiling C object libcommon.a.p/hw_virtio_vhost-user-base.c.o
[1845/2842] Compiling C object libcommon.a.p/hw_virtio_vhost-user-snd.c.o
[1846/2842] Compiling C object libcommon.a.p/hw_virtio_virtio-mmio.c.o
[1847/2842] Compiling C object libcommon.a.p/hw_virtio_vhost-user-input.c.o
[1848/2842] Compiling C object libcommon.a.p/hw_usb_hcd-ohci.c.o
[1849/2842] Compiling C object libcommon.a.p/hw_virtio_vhost-user-device-pci.c.o
[1850/2842] Compiling C object libcommon.a.p/hw_virtio_virtio-acpi.c.o
[1851/2842] Compiling C object libcommon.a.p/hw_virtio_vhost-user-gpio-pci.c.o
[1852/2842] Compiling C object libcommon.a.p/hw_watchdog_watchdog.c.o
[1853/2842] Compiling C object libcommon.a.p/hw_virtio_vhost-user-i2c-pci.c.o
[1854/2842] Compiling C object libcommon.a.p/hw_virtio_virtio-crypto.c.o
[1855/2842] Compiling C object libcommon.a.p/hw_virtio_vhost-user-snd-pci.c.o
[1856/2842] Compiling C object libcommon.a.p/hw_virtio_vhost-user-rng-pci.c.o
[1857/2842] Compiling C object libcommon.a.p/hw_watchdog_wdt_ib700.c.o
[1858/2842] Compiling C object libcommon.a.p/hw_virtio_vhost-user-input-pci.c.o
[1859/2842] Compiling C object libcommon.a.p/hw_virtio_virtio-hmp-cmds.c.o
[1860/2842] Compiling C object libcommon.a.p/hw_xen_xen-backend.c.o
[1861/2842] Compiling C object libcommon.a.p/hw_watchdog_wdt_i6300esb.c.o
[1862/2842] Compiling C object libcommon.a.p/hw_xen_xen-bus-helper.c.o
[1863/2842] Compiling C object libcommon.a.p/hw_xen_xen_devconfig.c.o
[1864/2842] Compiling C object libcommon.a.p/hw_xen_xen_pvdev.c.o
[1865/2842] Compiling C object libcommon.a.p/hw_usb_dev-mtp.c.o
[1866/2842] Compiling C object libcommon.a.p/hw_remote_vfio-user-obj-stub.c.o
[1867/2842] Compiling C object libcommon.a.p/hw_remote_machine.c.o
[1868/2842] Compiling C object libcommon.a.p/hw_remote_iommu.c.o
[1869/2842] Compiling C object libcommon.a.p/hw_remote_iohub.c.o
[1870/2842] Compiling C object libcommon.a.p/hw_remote_mpqemu-link.c.o
[1871/2842] Compiling C object libcommon.a.p/hw_virtio_virtio-pci.c.o
[1872/2842] Compiling C object libcommon.a.p/hw_remote_message.c.o
[1873/2842] Compiling C object libcommon.a.p/hw_remote_remote-obj.c.o
[1874/2842] Compiling C object libcommon.a.p/hw_xen_xen-legacy-backend.c.o
[1875/2842] Compiling C object libcommon.a.p/hw_remote_proxy.c.o
[1876/2842] Compiling C object libcommon.a.p/audio_audio-hmp-cmds.c.o
[1877/2842] Compiling C object libcommon.a.p/hw_virtio_virtio-iommu.c.o
[1878/2842] Compiling C object libcommon.a.p/audio_wavcapture.c.o
[1879/2842] Compiling C object libcommon.a.p/hw_usb_hcd-ehci.c.o
[1880/2842] Compiling C object libcommon.a.p/audio_noaudio.c.o
[1881/2842] Compiling C object libcommon.a.p/fsdev_qemu-fsdev-opts.c.o
[1882/2842] Compiling C object libcommon.a.p/audio_wavaudio.c.o
[1883/2842] Compiling C object libcommon.a.p/hw_usb_hcd-xhci.c.o
[1884/2842] Compiling C object libcommon.a.p/chardev_char-hmp-cmds.c.o
[1885/2842] Compiling C object libcommon.a.p/fsdev_9p-marshal.c.o
[1886/2842] Compiling C object libcommon.a.p/chardev_testdev.c.o
[1887/2842] Compiling C object libcommon.a.p/fsdev_qemu-fsdev-throttle.c.o
[1888/2842] Compiling C object libcommon.a.p/hw_xen_xen-bus.c.o
[1889/2842] Compiling C object libcommon.a.p/fsdev_9p-iov-marshal.c.o
[1890/2842] Compiling C object libcommon.a.p/hw_virtio_vhost.c.o
[1891/2842] Compiling C object libcommon.a.p/fsdev_qemu-fsdev.c.o
[1892/2842] Compiling C object libcommon.a.p/chardev_msmouse.c.o
[1893/2842] Compiling C object libcommon.a.p/dump_dump-hmp-cmds.c.o
[1894/2842] Compiling C object libcommon.a.p/block_block-ram-registrar.c.o
[1895/2842] Compiling C object libcommon.a.p/block_blkreplay.c.o
[1896/2842] Compiling C object libcommon.a.p/system_datadir.c.o
[1897/2842] Compiling C object libcommon.a.p/hw_virtio_vhost-vdpa.c.o
[1898/2842] Compiling C object libcommon.a.p/chardev_wctablet.c.o
[1899/2842] Compiling C object libcommon.a.p/system_balloon.c.o
[1900/2842] Compiling C object libcommon.a.p/system_cpu-timers.c.o
[1901/2842] Compiling C object libcommon.a.p/system_globals.c.o
[1902/2842] Compiling C object libcommon.a.p/system_runstate-action.c.o
[1903/2842] Compiling C object libcommon.a.p/block_qapi-sysemu.c.o
[1904/2842] Compiling C object libcommon.a.p/system_memory_mapping.c.o
[1905/2842] Compiling C object libcommon.a.p/audio_mixeng.c.o
[1906/2842] Compiling C object libcommon.a.p/system_bootdevice.c.o
[1907/2842] Compiling C object libcommon.a.p/system_rtc.c.o
[1908/2842] Compiling C object libcommon.a.p/system_tpm.c.o
[1909/2842] Compiling C object libcommon.a.p/system_qemu-seccomp.c.o
[1910/2842] Compiling C object libcommon.a.p/system_dma-helpers.c.o
[1911/2842] Compiling C object libcommon.a.p/system_tpm-hmp-cmds.c.o
[1912/2842] Compiling C object libcommon.a.p/system_async-teardown.c.o
[1913/2842] Compiling C object libcommon.a.p/system_runstate-hmp-cmds.c.o
[1914/2842] Compiling C object libcommon.a.p/system_dirtylimit.c.o
[1915/2842] Compiling C object libcommon.a.p/system_cpus.c.o
[1916/2842] Compiling C object libcommon.a.p/block_monitor_block-hmp-cmds.c.o
[1917/2842] Compiling C object libcommon.a.p/backends_cryptodev-hmp-cmds.c.o
[1918/2842] Compiling C object libcommon.a.p/backends_confidential-guest-support.c.o
[1919/2842] Compiling C object libcommon.a.p/backends_rng-builtin.c.o
[1920/2842] Compiling C object libcommon.a.p/backends_hostmem-ram.c.o
[1921/2842] Compiling C object libcommon.a.p/backends_rng-random.c.o
[1922/2842] Compiling C object libcommon.a.p/backends_rng-egd.c.o
[1923/2842] Compiling C object libcommon.a.p/backends_cryptodev-builtin.c.o
[1924/2842] Compiling C object libcommon.a.p/backends_rng.c.o
[1925/2842] Compiling C object libcommon.a.p/backends_hostmem-shm.c.o
[1926/2842] Compiling C object libcommon.a.p/system_runstate.c.o
[1927/2842] Compiling C object libcommon.a.p/backends_host_iommu_device.c.o
[1928/2842] Compiling C object libcommon.a.p/hw_nvme_ctrl.c.o
[1929/2842] Compiling C object libcommon.a.p/system_qdev-monitor.c.o
[1930/2842] Compiling C object libcommon.a.p/backends_hostmem.c.o
[1931/2842] Compiling C object libcommon.a.p/system_device_tree.c.o
[1932/2842] Compiling C object libcommon.a.p/backends_cryptodev.c.o
[1933/2842] Compiling C object libcommon.a.p/backends_hostmem-file.c.o
[1934/2842] Compiling C object libcommon.a.p/backends_hostmem-memfd.c.o
[1935/2842] Compiling C object libcommon.a.p/system_qtest.c.o
[1936/2842] Compiling C object libcommon.a.p/dump_dump.c.o
[1937/2842] Compiling C object libcommon.a.p/audio_audio.c.o
[1938/2842] Compiling C object libcommon.a.p/backends_spdm-socket.c.o
[1939/2842] Compiling C object libcommon.a.p/backends_vhost-user.c.o
[1940/2842] Compiling C object libcommon.a.p/backends_tpm_tpm_backend.c.o
[1941/2842] Compiling C object libcommon.a.p/backends_cryptodev-vhost.c.o
[1942/2842] Compiling C object libcommon.a.p/backends_hostmem-epc.c.o
[1943/2842] Compiling C object libcommon.a.p/backends_tpm_tpm_passthrough.c.o
../backends/tpm/tpm_passthrough.c: In function ‘tpm_passthrough_open_sysfs_cancel’:
../backends/tpm/tpm_passthrough.c:226:9: warning: assignment discards ‘const’ qualifier from pointer target type [-Wdiscarded-qualifiers]
  226 |     dev = strrchr(tpm_pt->tpm_dev, '/');
      |         ^
[1944/2842] Compiling C object libcommon.a.p/backends_cryptodev-vhost-user.c.o
[1945/2842] Compiling C object libcommon.a.p/backends_tpm_tpm_util.c.o
[1946/2842] Compiling C object libcommon.a.p/disas_disas-mon.c.o
[1947/2842] Compiling C object libcommon.a.p/migration_channel.c.o
[1948/2842] Compiling C object libcommon.a.p/migration_channel-block.c.o
[1949/2842] Compiling C object libcommon.a.p/migration_exec.c.o
[1950/2842] Compiling C object libcommon.a.p/migration_cpu-throttle.c.o
[1951/2842] Compiling C object libcommon.a.p/backends_dbus-vmstate.c.o
[1952/2842] Compiling C object libcommon.a.p/migration_global_state.c.o
[1953/2842] Compiling C object libcommon.a.p/migration_file.c.o
[1954/2842] Compiling C object libcommon.a.p/backends_iommufd.c.o
[1955/2842] Compiling C object libcommon.a.p/migration_multifd-zero-page.c.o
[1956/2842] Compiling C object libcommon.a.p/migration_fd.c.o
[1957/2842] Compiling C object libcommon.a.p/backends_tpm_tpm_emulator.c.o
[1958/2842] Compiling C object libcommon.a.p/migration_threadinfo.c.o
[1959/2842] Compiling C object libcommon.a.p/migration_multifd-zlib.c.o
[1960/2842] Compiling C object libcommon.a.p/migration_multifd-nocomp.c.o
[1961/2842] Compiling C object libcommon.a.p/migration_socket.c.o
[1962/2842] Compiling C object libcommon.a.p/migration_colo-failover.c.o
[1963/2842] Compiling C object libcommon.a.p/migration_migration-hmp-cmds.c.o
[1964/2842] Compiling C object libcommon.a.p/migration_block-dirty-bitmap.c.o
[1965/2842] Compiling C object libcommon.a.p/migration_dirtyrate.c.o
[1966/2842] Compiling C object libcommon.a.p/migration_tls.c.o
[1967/2842] Compiling C object libcommon.a.p/migration_options.c.o
[1968/2842] Compiling C object libcommon.a.p/net_announce.c.o
[1969/2842] Compiling C object libcommon.a.p/net_checksum.c.o
[1970/2842] Compiling C object libcommon.a.p/monitor_qmp-cmds.c.o
[1971/2842] Compiling C object libcommon.a.p/net_dump.c.o
[1972/2842] Compiling C object libcommon.a.p/net_filter-buffer.c.o
[1973/2842] Compiling C object libcommon.a.p/monitor_qemu-config-qmp.c.o
[1974/2842] Compiling C object libcommon.a.p/monitor_fds.c.o
[1975/2842] Compiling C object libcommon.a.p/monitor_hmp-cmds.c.o
[1976/2842] Compiling C object libcommon.a.p/migration_multifd.c.o
[1977/2842] Compiling C object libcommon.a.p/net_eth.c.o
[1978/2842] Compiling C object libcommon.a.p/net_util.c.o
[1979/2842] Compiling C object libcommon.a.p/net_filter-mirror.c.o
[1980/2842] Compiling C object libcommon.a.p/net_hub.c.o
[1981/2842] Compiling C object libcommon.a.p/net_queue.c.o
[1982/2842] Compiling C object libcommon.a.p/migration_colo.c.o
[1983/2842] Compiling C object libcommon.a.p/net_net-hmp-cmds.c.o
[1984/2842] Compiling C object libcommon.a.p/net_filter-replay.c.o
[1985/2842] Compiling C object libcommon.a.p/net_filter.c.o
[1986/2842] Compiling C object libcommon.a.p/system_vl.c.o
[1987/2842] Compiling C object libcommon.a.p/net_stream.c.o
[1988/2842] Compiling C object libcommon.a.p/net_colo.c.o
[1989/2842] Compiling C object libcommon.a.p/net_filter-rewriter.c.o
[1990/2842] Compiling C object libcommon.a.p/migration_postcopy-ram.c.o
[1991/2842] Compiling C object libcommon.a.p/net_socket.c.o
[1992/2842] Compiling C object libcommon.a.p/net_dgram.c.o
[1993/2842] Compiling C object libcommon.a.p/net_l2tpv3.c.o
[1994/2842] Compiling C object libcommon.a.p/net_can_can_core.c.o
[1995/2842] Compiling C object libcommon.a.p/net_can_can_host.c.o
[1996/2842] Compiling C object libcommon.a.p/net_tap-linux.c.o
[1997/2842] Compiling C object libcommon.a.p/monitor_hmp.c.o
../monitor/hmp.c: In function ‘key_get_info’:
../monitor/hmp.c:589:7: warning: assignment discards ‘const’ qualifier from pointer target type [-Wdiscarded-qualifiers]
  589 |     p = strchr(type, ':');
      |       ^
[1998/2842] Compiling C object libcommon.a.p/net_can_can_socketcan.c.o
[1999/2842] Compiling C object libcommon.a.p/net_vhost-user.c.o
[2000/2842] Compiling C object libcommon.a.p/replay_replay-time.c.o
[2001/2842] Compiling C object libcommon.a.p/replay_replay-input.c.o
[2002/2842] Compiling C object libcommon.a.p/replay_replay-audio.c.o
[2003/2842] Compiling C object libcommon.a.p/replay_replay-char.c.o
[2004/2842] Compiling C object libcommon.a.p/replay_replay-events.c.o
[2005/2842] Compiling C object libcommon.a.p/replay_replay-net.c.o
[2006/2842] Compiling C object libcommon.a.p/replay_replay.c.o
[2007/2842] Compiling C object libcommon.a.p/replay_replay-random.c.o
[2008/2842] Compiling C object libcommon.a.p/replay_replay-snapshot.c.o
[2009/2842] Compiling C object libcommon.a.p/replay_replay-internal.c.o
[2010/2842] Compiling C object libcommon.a.p/semihosting_stubs-system.c.o
[2011/2842] Compiling C object libcommon.a.p/stats_stats-qmp-cmds.c.o
[2012/2842] Compiling C object libcommon.a.p/accel_accel-blocker.c.o
[2013/2842] Compiling C object libcommon.a.p/ebpf_ebpf_rss-stub.c.o
[2014/2842] Compiling C object libcommon.a.p/replay_replay-debugging.c.o
[2015/2842] Compiling C object libcommon.a.p/net_colo-compare.c.o
[2016/2842] Compiling C object libcommon.a.p/net_slirp.c.o
../net/slirp.c: In function ‘net_slirp_poll_notify’:
../net/slirp.c:366:9: warning: ‘slirp_pollfds_fill’ is deprecated [-Wdeprecated-declarations]
  366 |         slirp_pollfds_fill(s->slirp, &poll->timeout,
      |         ^~~~~~~~~~~~~~~~~~
In file included from ../net/slirp.c:41:
/usr/include/slirp/libslirp.h:273:6: note: declared here
  273 | void slirp_pollfds_fill(Slirp *slirp, uint32_t *timeout,
      |      ^~~~~~~~~~~~~~~~~~
[2017/2842] Compiling C object libcommon.a.p/accel_accel-system.c.o
[2018/2842] Compiling C object libcommon.a.p/accel_dummy-cpus.c.o
[2019/2842] Compiling C object libcommon.a.p/net_tap.c.o
[2020/2842] Compiling C object libcommon.a.p/stats_stats-hmp-cmds.c.o
[2021/2842] Compiling C object libcommon.a.p/net_net.c.o
[2022/2842] Compiling C object libcommon.a.p/accel_tcg_icount-common.c.o
[2023/2842] Compiling C object libcommon.a.p/accel_tcg_monitor.c.o
[2024/2842] Compiling C object libcommon.a.p/ui_shader.c.o
[2025/2842] Compiling C object libcommon.a.p/ui_egl-context.c.o
[2026/2842] Compiling C object libcommon.a.p/migration_migration.c.o
[2027/2842] Compiling C object libcommon.a.p/ui_console-gl.c.o
[2028/2842] Compiling C object libcommon.a.p/net_vhost-vdpa.c.o
[2029/2842] Compiling C object libcommon.a.p/ui_egl-headless.c.o
[2030/2842] Compiling C object libcommon.a.p/migration_savevm.c.o
[2031/2842] Compiling C object libcommon.a.p/ui_egl-helpers.c.o
[2032/2842] Compiling C object libcommon.a.p/ui_x_keymap.c.o
[2033/2842] Compiling C object libcommon.a.p/ui_dbus-chardev.c.o
[2034/2842] Compiling C object libcommon.a.p/ui_dbus-error.c.o
[2035/2842] Compiling C object libcommon.a.p/ui_dbus-clipboard.c.o
[2036/2842] Compiling C object libcommon.a.p/ui_dbus-console.c.o
[2037/2842] Compiling C object libcommon.a.p/hw_display_virtio-gpu-udmabuf.c.o
[2038/2842] Compiling C object libcommon.a.p/hw_display_virtio-gpu-base.c.o
[2039/2842] Compiling C object libcommon.a.p/ui_dbus.c.o
[2040/2842] Compiling C object libcommon.a.p/hw_display_virtio-gpu-pci.c.o
[2041/2842] Compiling C object libcommon.a.p/ui_dbus-listener.c.o
[2042/2842] Compiling C object libcommon.a.p/hw_display_vhost-user-gpu-pci.c.o
[2043/2842] Compiling C object libcommon.a.p/hw_display_vhost-user-gpu.c.o
[2044/2842] Compiling C object libcommon.a.p/hw_display_vhost-user-vga.c.o
[2045/2842] Compiling C object libcommon.a.p/hw_display_virtio-vga.c.o
[2046/2842] Compiling C object libqemu-x86_64-softmmu.a.p/meson-generated_.._x86_64-softmmu-gdbstub-xml.c.o
[2047/2842] Compiling C object libqemu-x86_64-softmmu.a.p/meson-generated_.._qapi_qapi-types-machine-target.c.o
[2048/2842] Compiling C object libqemu-x86_64-softmmu.a.p/meson-generated_.._qapi_qapi-events-machine-target.c.o
[2049/2842] Compiling C object libcommon.a.p/audio_ossaudio.c.o
[2050/2842] Compiling C object libqemu-x86_64-softmmu.a.p/meson-generated_.._qapi_qapi-visit-machine-target.c.o
[2051/2842] Compiling C object libqemu-x86_64-softmmu.a.p/meson-generated_.._qapi_qapi-types-misc-target.c.o
[2052/2842] Compiling C object libqemu-x86_64-softmmu.a.p/meson-generated_.._qapi_qapi-events-misc-target.c.o
[2053/2842] Compiling C object libqemu-x86_64-softmmu.a.p/meson-generated_.._qapi_qapi-commands-machine-target.c.o
[2054/2842] Compiling C object libcommon.a.p/audio_alsaaudio.c.o
[2055/2842] Compiling C object libcommon.a.p/audio_sndioaudio.c.o
[2056/2842] Compiling C object libcommon.a.p/ui_gtk-gl-area.c.o
[2057/2842] Compiling C object libcommon.a.p/audio_paaudio.c.o
[2058/2842] Compiling C object libcommon.a.p/ui_gtk-egl.c.o
[2059/2842] Compiling C object libcommon.a.p/ui_sdl2-2d.c.o
[2060/2842] Compiling C object libqemu-x86_64-softmmu.a.p/meson-generated_.._qapi_qapi-visit-misc-target.c.o
[2061/2842] Compiling C object libqemu-x86_64-softmmu.a.p/meson-generated_.._qapi_qapi-emit-events.c.o
[2062/2842] Compiling C object libcommon.a.p/ui_sdl2-input.c.o
[2063/2842] Compiling C object libqemu-x86_64-softmmu.a.p/meson-generated_.._qapi_qapi-types.c.o
[2064/2842] Compiling C object libqemu-x86_64-softmmu.a.p/meson-generated_.._qapi_qapi-visit.c.o
[2065/2842] Compiling C object libcommon.a.p/ui_sdl2-gl.c.o
[2066/2842] Compiling C object libqemu-x86_64-softmmu.a.p/meson-generated_.._qapi_qapi-commands.c.o
[2067/2842] Compiling C object libcommon.a.p/audio_dbusaudio.c.o
[2068/2842] Compiling C object libqemu-x86_64-softmmu.a.p/meson-generated_.._qapi_qapi-events.c.o
[2069/2842] Compiling C object libqemu-x86_64-softmmu.a.p/meson-generated_.._qapi_qapi-commands-misc-target.c.o
[2070/2842] Compiling C object libqemu-x86_64-softmmu.a.p/target_i386_arch_memory_mapping.c.o
[2071/2842] Compiling C object libqemu-x86_64-softmmu.a.p/target_i386_arch_dump.c.o
[2072/2842] Compiling C object libqemu-x86_64-softmmu.a.p/target_i386_cpu-apic.c.o
[2073/2842] Compiling C object libqemu-x86_64-softmmu.a.p/target_i386_cpu-sysemu.c.o
[2074/2842] Compiling C object libqemu-x86_64-softmmu.a.p/meson-generated_.._qapi_qapi-init-commands.c.o
[2075/2842] Compiling C object libcommon.a.p/hw_display_virtio-gpu.c.o
[2076/2842] Compiling C object libqemu-x86_64-softmmu.a.p/target_i386_kvm_hyperv.c.o
[2077/2842] Compiling C object libcommon.a.p/hw_display_cirrus_vga.c.o
[2078/2842] Compiling C object libqemu-x86_64-softmmu.a.p/target_i386_tcg_sysemu_tcg-cpu.c.o
[2079/2842] Compiling C object libcommon.a.p/ui_sdl2.c.o
[2080/2842] Compiling C object libqemu-x86_64-softmmu.a.p/target_i386_kvm_kvm-cpu.c.o
[2081/2842] Compiling C object libqemu-x86_64-softmmu.a.p/target_i386_machine.c.o
[2082/2842] Compiling C object libqemu-x86_64-softmmu.a.p/meson-generated_.._qapi_qapi-introspect.c.o
[2083/2842] Compiling C object libqemu-x86_64-softmmu.a.p/hw_i386_e820_memory_layout.c.o
[2084/2842] Compiling C object libcommon.a.p/ui_gtk.c.o
[2085/2842] Compiling C object libqemu-x86_64-softmmu.a.p/target_i386_tcg_sysemu_fpu_helper.c.o
[2086/2842] Compiling C object libcommon.a.p/audio_sdlaudio.c.o
[2087/2842] Compiling C object libqemu-x86_64-softmmu.a.p/target_i386_kvm_vmsr_energy.c.o
[2088/2842] Compiling C object libqemu-x86_64-softmmu.a.p/target_i386_monitor.c.o
[2089/2842] Compiling C object libqemu-x86_64-softmmu.a.p/hw_i386_monitor.c.o
[2090/2842] Compiling C object libqemu-x86_64-softmmu.a.p/hw_i386_fw_cfg.c.o
[2091/2842] Compiling C object libqemu-x86_64-softmmu.a.p/target_i386_tcg_sysemu_excp_helper.c.o
[2092/2842] Compiling C object libqemu-x86_64-softmmu.a.p/hw_i386_x86-cpu.c.o
[2093/2842] Compiling C object libqemu-x86_64-softmmu.a.p/hw_i386_multiboot.c.o
[2094/2842] Compiling C object libqemu-x86_64-softmmu.a.p/hw_i386_x86-iommu.c.o
[2095/2842] Compiling C object libqemu-x86_64-softmmu.a.p/hw_i386_vapic.c.o
[2096/2842] Compiling C object libqemu-x86_64-softmmu.a.p/hw_i386_x86.c.o
[2097/2842] Compiling C object libqemu-x86_64-softmmu.a.p/hw_i386_acpi-microvm.c.o
[2098/2842] Compiling C object libqemu-x86_64-softmmu.a.p/hw_i386_microvm-dt.c.o
[2099/2842] Compiling C object libqemu-x86_64-softmmu.a.p/target_i386_kvm_xen-emu.c.o
[2100/2842] Compiling C object libqemu-x86_64-softmmu.a.p/hw_i386_vmport.c.o
[2101/2842] Compiling C object libqemu-x86_64-softmmu.a.p/hw_i386_vmmouse.c.o
[2102/2842] Compiling C object libqemu-x86_64-softmmu.a.p/hw_i386_sgx-epc.c.o
[2103/2842] Compiling C object libqemu-x86_64-softmmu.a.p/hw_i386_microvm.c.o
[2104/2842] Compiling C object libqemu-x86_64-softmmu.a.p/target_i386_tcg_sysemu_smm_helper.c.o
[2105/2842] Compiling C object libqemu-x86_64-softmmu.a.p/target_i386_tcg_sysemu_bpt_helper.c.o
[2106/2842] Compiling C object libqemu-x86_64-softmmu.a.p/hw_i386_acpi-common.c.o
[2107/2842] Compiling C object libqemu-x86_64-softmmu.a.p/hw_i386_x86-common.c.o
../hw/i386/x86-common.c: In function ‘x86_load_linux’:
../hw/i386/x86-common.c:809:11: warning: assignment discards ‘const’ qualifier from pointer target type [-Wdiscarded-qualifiers]
  809 |     vmode = strstr(kernel_cmdline, "vga=");
      |           ^
[2108/2842] Compiling C object libqemu-x86_64-softmmu.a.p/target_i386_sev.c.o
[2109/2842] Compiling C object libqemu-x86_64-softmmu.a.p/target_i386_tcg_sysemu_seg_helper.c.o
[2110/2842] Compiling C object libqemu-x86_64-softmmu.a.p/hw_i386_sgx.c.o
[2111/2842] Compiling C object libqemu-x86_64-softmmu.a.p/hw_i386_port92.c.o
[2112/2842] Compiling C object libqemu-x86_64-softmmu.a.p/target_i386_tcg_sysemu_misc_helper.c.o
[2113/2842] Compiling C object libqemu-x86_64-softmmu.a.p/hw_i386_pc_sysfw_ovmf.c.o
[2114/2842] Compiling C object libqemu-x86_64-softmmu.a.p/hw_i386_kvm_clock.c.o
[2115/2842] Compiling C object libqemu-x86_64-softmmu.a.p/hw_i386_pc_sysfw.c.o
[2116/2842] Compiling C object libqemu-x86_64-softmmu.a.p/hw_i386_kvm_i8259.c.o
[2117/2842] Compiling C object libqemu-x86_64-softmmu.a.p/hw_i386_kvm_i8254.c.o
[2118/2842] Compiling C object libqemu-x86_64-softmmu.a.p/target_i386_tcg_sysemu_svm_helper.c.o
[2119/2842] Compiling C object libqemu-x86_64-softmmu.a.p/hw_i386_kvm_apic.c.o
[2120/2842] Compiling C object libqemu-x86_64-softmmu.a.p/hw_i386_kvm_xen_overlay.c.o
[2121/2842] Compiling C object libqemu-x86_64-softmmu.a.p/hw_i386_kvm_ioapic.c.o
[2122/2842] Compiling C object libqemu-x86_64-softmmu.a.p/hw_i386_amd_iommu.c.o
[2123/2842] Compiling C object libqemu-x86_64-softmmu.a.p/hw_i386_kvm_xen_primary_console.c.o
[2124/2842] Compiling C object libqemu-x86_64-softmmu.a.p/hw_i386_pc_piix.c.o
[2125/2842] Compiling C object libqemu-x86_64-softmmu.a.p/hw_i386_kvm_xen_gnttab.c.o
[2126/2842] Compiling C object libqemu-x86_64-softmmu.a.p/target_i386_confidential-guest.c.o
[2127/2842] Compiling C object libqemu-x86_64-softmmu.a.p/hw_i386_pc_q35.c.o
[2128/2842] Compiling C object libqemu-x86_64-softmmu.a.p/target_i386_gdbstub.c.o
[2129/2842] Compiling C object libqemu-x86_64-softmmu.a.p/target_i386_host-cpu.c.o
[2130/2842] Compiling C object libqemu-x86_64-softmmu.a.p/target_i386_xsave_helper.c.o
[2131/2842] Compiling C object libqemu-x86_64-softmmu.a.p/hw_i386_xen_xen_platform.c.o
[2132/2842] Compiling C object libqemu-x86_64-softmmu.a.p/hw_i386_pc.c.o
[2133/2842] Compiling C object libqemu-x86_64-softmmu.a.p/target_i386_tcg_access.c.o
[2134/2842] Compiling C object libqemu-x86_64-softmmu.a.p/target_i386_cpu-dump.c.o
[2135/2842] Compiling C object libqemu-x86_64-softmmu.a.p/target_i386_helper.c.o
[2136/2842] Compiling C object libqemu-x86_64-softmmu.a.p/target_i386_tcg_tcg-cpu.c.o
[2137/2842] Compiling C object libqemu-x86_64-softmmu.a.p/trace_control-target.c.o
[2138/2842] Compiling C object libqemu-x86_64-softmmu.a.p/hw_i386_kvm_xen_xenstore.c.o
[2139/2842] Compiling C object libqemu-x86_64-softmmu.a.p/hw_block_virtio-blk-common.c.o
[2140/2842] Compiling C object libqemu-x86_64-softmmu.a.p/hw_i386_kvm_xenstore_impl.c.o
[2141/2842] Compiling C object libqemu-x86_64-softmmu.a.p/hw_9pfs_virtio-9p-device.c.o
[2142/2842] Compiling C object libqemu-x86_64-softmmu.a.p/hw_i386_acpi-build.c.o
[2143/2842] Compiling C object libqemu-x86_64-softmmu.a.p/hw_i386_kvm_xen_evtchn.c.o
[2144/2842] Compiling C object libqemu-x86_64-softmmu.a.p/hw_block_vhost-user-blk.c.o
[2145/2842] Compiling C object libqemu-x86_64-softmmu.a.p/target_i386_tcg_bpt_helper.c.o
[2146/2842] Compiling C object libqemu-x86_64-softmmu.a.p/hw_hyperv_hv-balloon-page_range_tree.c.o
[2147/2842] Compiling C object libqemu-x86_64-softmmu.a.p/hw_hyperv_hyperv_testdev.c.o
[2148/2842] Compiling C object libqemu-x86_64-softmmu.a.p/target_i386_tcg_excp_helper.c.o
[2149/2842] Compiling C object libqemu-x86_64-softmmu.a.p/hw_hyperv_hyperv.c.o
[2150/2842] Compiling C object libqemu-x86_64-softmmu.a.p/target_i386_tcg_misc_helper.c.o
[2151/2842] Compiling C object libqemu-x86_64-softmmu.a.p/target_i386_tcg_mem_helper.c.o
[2152/2842] Compiling C object libqemu-x86_64-softmmu.a.p/hw_hyperv_hv-balloon-our_range_memslots.c.o
[2153/2842] Compiling C object libqemu-x86_64-softmmu.a.p/hw_hyperv_syndbg.c.o
[2154/2842] Compiling C object libqemu-x86_64-softmmu.a.p/target_i386_tcg_mpx_helper.c.o
[2155/2842] Compiling C object libqemu-x86_64-softmmu.a.p/hw_block_dataplane_xen-block.c.o
[2156/2842] Compiling C object libqemu-x86_64-softmmu.a.p/target_i386_tcg_int_helper.c.o
[2157/2842] Compiling C object libqemu-x86_64-softmmu.a.p/target_i386_kvm_kvm.c.o
[2158/2842] Compiling C object libqemu-x86_64-softmmu.a.p/hw_char_virtio-serial-bus.c.o
[2159/2842] Compiling C object libqemu-x86_64-softmmu.a.p/target_i386_tcg_cc_helper.c.o
[2160/2842] Compiling C object libqemu-x86_64-softmmu.a.p/hw_nvram_fw_cfg-acpi.c.o
[2161/2842] Compiling C object libqemu-x86_64-softmmu.a.p/hw_i386_intel_iommu.c.o
[2162/2842] Compiling C object libqemu-x86_64-softmmu.a.p/hw_scsi_vhost-scsi-common.c.o
[2163/2842] Compiling C object libqemu-x86_64-softmmu.a.p/hw_intc_apic_common.c.o
[2164/2842] Compiling C object libqemu-x86_64-softmmu.a.p/hw_vfio_container-base.c.o
[2165/2842] Compiling C object libqemu-x86_64-softmmu.a.p/hw_block_virtio-blk.c.o
[2166/2842] Compiling C object libqemu-x86_64-softmmu.a.p/target_i386_cpu.c.o
[2167/2842] Compiling C object libqemu-x86_64-softmmu.a.p/hw_vfio_cpr.c.o
[2168/2842] Compiling C object libqemu-x86_64-softmmu.a.p/hw_intc_ioapic.c.o
[2169/2842] Compiling C object libqemu-x86_64-softmmu.a.p/hw_isa_lpc_ich9.c.o
[2170/2842] Compiling C object libqemu-x86_64-softmmu.a.p/hw_hyperv_hv-balloon.c.o
[2171/2842] Compiling C object libqemu-x86_64-softmmu.a.p/hw_intc_apic.c.o
[2172/2842] Compiling C object libqemu-x86_64-softmmu.a.p/hw_virtio_virtio-config-io.c.o
[2173/2842] Compiling C object libqemu-x86_64-softmmu.a.p/hw_virtio_vhost-iova-tree.c.o
[2174/2842] Compiling C object libqemu-x86_64-softmmu.a.p/hw_hyperv_vmbus.c.o
[2175/2842] Compiling C object libqemu-x86_64-softmmu.a.p/hw_vfio_helpers.c.o
[2176/2842] Compiling C object libqemu-x86_64-softmmu.a.p/hw_scsi_virtio-scsi.c.o
[2177/2842] Compiling C object libqemu-x86_64-softmmu.a.p/hw_vfio_display.c.o
[2178/2842] Compiling C object libqemu-x86_64-softmmu.a.p/hw_vfio_migration.c.o
[2179/2842] Compiling C object libqemu-x86_64-softmmu.a.p/hw_virtio_vhost-backend.c.o
[2180/2842] Compiling C object libqemu-x86_64-softmmu.a.p/hw_vfio_iommufd.c.o
[2181/2842] Compiling C object libqemu-x86_64-softmmu.a.p/hw_virtio_virtio-qmp.c.o
[2182/2842] Compiling C object libqemu-x86_64-softmmu.a.p/hw_virtio_virtio-pmem.c.o
[2183/2842] Compiling C object libqemu-x86_64-softmmu.a.p/hw_vfio_igd.c.o
[2184/2842] Compiling C object libqemu-x86_64-softmmu.a.p/hw_virtio_vhost-shadow-virtqueue.c.o
[2185/2842] Compiling C object libqemu-x86_64-softmmu.a.p/hw_vfio_container.c.o
[2186/2842] Compiling C object libqemu-x86_64-softmmu.a.p/hw_virtio_vhost-user-vsock.c.o
[2187/2842] Compiling C object libqemu-x86_64-softmmu.a.p/hw_virtio_vhost-user-fs.c.o
[2188/2842] Compiling C object libqemu-x86_64-softmmu.a.p/hw_virtio_vhost-vsock.c.o
[2189/2842] Compiling C object libqemu-x86_64-softmmu.a.p/hw_vfio_common.c.o
[2190/2842] Compiling C object libqemu-x86_64-softmmu.a.p/hw_virtio_vhost-vsock-pci.c.o
[2191/2842] Compiling C object libqemu-x86_64-softmmu.a.p/hw_virtio_vhost-user-vsock-pci.c.o
[2192/2842] Compiling C object libqemu-x86_64-softmmu.a.p/hw_virtio_vhost-user-blk-pci.c.o
[2193/2842] Compiling C object libqemu-x86_64-softmmu.a.p/hw_virtio_vhost-scsi-pci.c.o
[2194/2842] Compiling C object libqemu-x86_64-softmmu.a.p/hw_vfio_pci-quirks.c.o
[2195/2842] Compiling C object libqemu-x86_64-softmmu.a.p/hw_virtio_virtio-rng.c.o
[2196/2842] Compiling C object libqemu-x86_64-softmmu.a.p/hw_virtio_vhost-user-scsi-pci.c.o
[2197/2842] Compiling C object libqemu-x86_64-softmmu.a.p/hw_virtio_virtio-crypto-pci.c.o
[2198/2842] Compiling C object libqemu-x86_64-softmmu.a.p/hw_virtio_virtio-input-host-pci.c.o
[2199/2842] Compiling C object libqemu-x86_64-softmmu.a.p/hw_virtio_vhost-user-fs-pci.c.o
[2200/2842] Compiling C object libqemu-x86_64-softmmu.a.p/target_i386_tcg_seg_helper.c.o
[2201/2842] Compiling C object libqemu-x86_64-softmmu.a.p/hw_virtio_virtio-input-pci.c.o
[2202/2842] Compiling C object libqemu-x86_64-softmmu.a.p/hw_virtio_virtio-balloon.c.o
[2203/2842] Compiling C object libqemu-x86_64-softmmu.a.p/hw_virtio_virtio-balloon-pci.c.o
[2204/2842] Compiling C object libqemu-x86_64-softmmu.a.p/hw_virtio_virtio-rng-pci.c.o
[2205/2842] Compiling C object libqemu-x86_64-softmmu.a.p/hw_virtio_virtio-9p-pci.c.o
[2206/2842] Compiling C object libqemu-x86_64-softmmu.a.p/hw_virtio_virtio-scsi-pci.c.o
[2207/2842] Compiling C object libqemu-x86_64-softmmu.a.p/hw_virtio_virtio-net-pci.c.o
[2208/2842] Compiling C object libqemu-x86_64-softmmu.a.p/system_arch_init.c.o
[2209/2842] Compiling C object libqemu-x86_64-softmmu.a.p/hw_virtio_virtio-blk-pci.c.o
[2210/2842] Compiling C object libqemu-x86_64-softmmu.a.p/hw_virtio_virtio-pmem-pci.c.o
[2211/2842] Compiling C object libqemu-x86_64-softmmu.a.p/hw_virtio_virtio-serial-pci.c.o
[2212/2842] Compiling C object libqemu-x86_64-softmmu.a.p/hw_net_virtio-net.c.o
[2213/2842] Compiling C object libqemu-x86_64-softmmu.a.p/hw_virtio_virtio-iommu-pci.c.o
[2214/2842] Compiling C object libqemu-x86_64-softmmu.a.p/hw_remote_memory.c.o
[2215/2842] Compiling C object libqemu-x86_64-softmmu.a.p/hw_virtio_vhost-user.c.o
[2216/2842] Compiling C object libqemu-x86_64-softmmu.a.p/hw_virtio_virtio-md-pci.c.o
[2217/2842] Compiling C object libqemu-x86_64-softmmu.a.p/hw_remote_proxy-memory-listener.c.o
[2218/2842] Compiling C object libqemu-x86_64-softmmu.a.p/cpu-target.c.o
[2219/2842] Compiling C object libqemu-x86_64-softmmu.a.p/hw_virtio_virtio-mem-pci.c.o
[2220/2842] Compiling C object libqemu-x86_64-softmmu.a.p/hw_virtio_vdpa-dev-pci.c.o
[2221/2842] Compiling C object libqemu-x86_64-softmmu.a.p/page-target.c.o
[2222/2842] Compiling C object libqemu-x86_64-softmmu.a.p/page-vary-target.c.o
[2223/2842] Compiling C object libqemu-x86_64-softmmu.a.p/hw_virtio_virtio-mem.c.o
[2224/2842] Compiling C object libqemu-x86_64-softmmu.a.p/dump_win_dump.c.o
[2225/2842] Compiling C object libqemu-x86_64-softmmu.a.p/system_watchpoint.c.o
[2226/2842] Compiling C object libqemu-x86_64-softmmu.a.p/system_ioport.c.o
[2227/2842] Compiling C object libqemu-x86_64-softmmu.a.p/accel_accel-target.c.o
[2228/2842] Compiling C object libqemu-x86_64-softmmu.a.p/migration_target.c.o
[2229/2842] Compiling C object libqemu-x86_64-softmmu.a.p/monitor_hmp-target.c.o
[2230/2842] Compiling C object libqemu-x86_64-softmmu.a.p/accel_tcg_tcg-all.c.o
[2231/2842] Compiling C object libqemu-x86_64-softmmu.a.p/hw_vfio_pci.c.o
[2232/2842] Compiling C object libqemu-x86_64-softmmu.a.p/accel_stubs_xen-stub.c.o
[2233/2842] Compiling C object libqemu-x86_64-softmmu.a.p/accel_tcg_watchpoint.c.o
[2234/2842] Compiling C object libqemu-x86_64-softmmu.a.p/accel_tcg_translate-all.c.o
[2235/2842] Compiling C object libqemu-x86_64-softmmu.a.p/monitor_hmp-cmds-target.c.o
[2236/2842] Compiling C object libqemu-x86_64-softmmu.a.p/accel_kvm_kvm-accel-ops.c.o
[2237/2842] Compiling C object libqemu-x86_64-softmmu.a.p/accel_qtest_qtest.c.o
[2238/2842] Compiling C object libqemu-x86_64-softmmu.a.p/accel_tcg_tb-maint.c.o
[2239/2842] Compiling C object libqemu-x86_64-softmmu.a.p/hw_virtio_virtio.c.o
[2240/2842] Compiling C object libqemu-x86_64-softmmu.a.p/plugins_loader.c.o
[2241/2842] Compiling C object libqemu-x86_64-softmmu.a.p/accel_tcg_tcg-accel-ops-icount.c.o
[2242/2842] Compiling C object qga/qemu-ga.p/meson-generated_.._qga-qapi-emit-events.c.o
[2243/2842] Compiling C object libqemu-x86_64-softmmu.a.p/plugins_api.c.o
[2244/2842] Compiling C object libqemu-x86_64-softmmu.a.p/accel_tcg_tcg-accel-ops.c.o
[2245/2842] Compiling C object qga/qemu-ga.p/meson-generated_.._qga-qapi-events.c.o
[2246/2842] Compiling C object libqemu-x86_64-softmmu.a.p/accel_tcg_tcg-accel-ops-mttcg.c.o
[2247/2842] Compiling C object libqemu-x86_64-softmmu.a.p/accel_tcg_tcg-accel-ops-rr.c.o
[2248/2842] Compiling C object qga/qemu-ga.p/meson-generated_.._qga-qapi-init-commands.c.o
[2249/2842] Compiling C object libqemu-x86_64-softmmu.a.p/accel_tcg_tcg-runtime.c.o
[2250/2842] Compiling C object qga/qemu-ga.p/meson-generated_.._qga-qapi-introspect.c.o
[2251/2842] Compiling C object qga/qemu-ga.p/meson-generated_.._qga-qapi-types.c.o
[2252/2842] Compiling C object qga/qemu-ga.p/guest-agent-command-state.c.o
[2253/2842] Compiling C object qga/qemu-ga.p/cutils.c.o
[2254/2842] Compiling C object libqemu-x86_64-softmmu.a.p/accel_tcg_translator.c.o
[2255/2842] Compiling C object libqemu-x86_64-softmmu.a.p/accel_tcg_plugin-gen.c.o
[2256/2842] Compiling C object qga/qemu-ga.p/commands-common-ssh.c.o
[2257/2842] Compiling C object libqemu-x86_64-softmmu.a.p/accel_tcg_cpu-exec.c.o
[2258/2842] Compiling C object qga/qemu-ga.p/commands.c.o
[2259/2842] Compiling C object qga/qemu-ga.p/channel-posix.c.o
[2260/2842] Compiling C object qga/qemu-ga.p/meson-generated_.._qga-qapi-commands.c.o
[2261/2842] Linking target qemu-keymap
[2262/2842] Compiling C object qga/qga-ssh-test.p/commands-common-ssh.c.o
[2263/2842] Compiling C object qga/qemu-ga.p/commands-posix-ssh.c.o
[2264/2842] Compiling C object qemu-system-x86_64.p/system_main.c.o
[2265/2842] Compiling C object qga/qga-ssh-test.p/meson-generated_.._qga-qapi-types.c.o
[2266/2842] Compiling C object libqemu-x86_64-softmmu.a.p/plugins_core.c.o
[2267/2842] Compiling C object qga/qemu-ga.p/main.c.o
[2268/2842] Compiling C object qga/qga-ssh-test.p/commands-posix-ssh.c.o
[2269/2842] Compiling C object storage-daemon/qemu-storage-daemon.p/meson-generated_.._qapi_qapi-types.c.o
[2270/2842] Compiling C object storage-daemon/qemu-storage-daemon.p/meson-generated_.._qapi_qapi-visit.c.o
[2271/2842] Compiling C object storage-daemon/qemu-storage-daemon.p/meson-generated_.._qapi_qapi-emit-events.c.o
[2272/2842] Compiling C object qemu-io.p/qemu-io.c.o
[2273/2842] Compiling C object qga/qemu-ga.p/commands-posix.c.o
[2274/2842] Compiling C object storage-daemon/qemu-storage-daemon.p/meson-generated_.._qapi_qapi-commands.c.o
[2275/2842] Compiling C object storage-daemon/qemu-storage-daemon.p/meson-generated_.._qapi_qapi-events.c.o
[2276/2842] Compiling C object storage-daemon/qemu-storage-daemon.p/meson-generated_.._qapi_qapi-init-commands.c.o
[2277/2842] Compiling C object storage-daemon/qemu-storage-daemon.p/meson-generated_.._qapi_qapi-introspect.c.o
[2278/2842] Compiling C object qemu-edid.p/qemu-edid.c.o
[2279/2842] Compiling C object libqemu-x86_64-softmmu.a.p/system_memory.c.o
[2280/2842] Compiling C object libqemu-x86_64-softmmu.a.p/migration_ram.c.o
[2281/2842] Compiling C object qga/qemu-ga.p/meson-generated_.._qga-qapi-visit.c.o
[2282/2842] Compiling C object storage-daemon/qemu-storage-daemon.p/qemu-storage-daemon.c.o
[2283/2842] Compiling C object qemu-nbd.p/qemu-nbd.c.o
[2284/2842] Compiling C object qemu-edid.p/hw_display_edid-generate.c.o
[2285/2842] Compiling C object contrib/vhost-user-blk/vhost-user-blk.p/vhost-user-blk.c.o
[2286/2842] Compiling C object qemu-bridge-helper.p/qemu-bridge-helper.c.o
[2287/2842] Compiling C object qemu-pr-helper.p/scsi_utils.c.o
[2288/2842] Compiling C object contrib/vhost-user-input/vhost-user-input.p/main.c.o
[2289/2842] Compiling C object contrib/ivshmem-client/ivshmem-client.p/main.c.o
[2290/2842] Linking static target tests/libtestqapi.a
[2291/2842] Compiling C object contrib/ivshmem-server/ivshmem-server.p/main.c.o
[2292/2842] Compiling C object qemu-vmsr-helper.p/tools_i386_qemu-vmsr-helper.c.o
[2293/2842] Linking static target subprojects/berkeley-testfloat-3/libslowfloat.a
[2294/2842] Compiling C object qemu-pr-helper.p/scsi_qemu-pr-helper.c.o
[2295/2842] Compiling C object contrib/ivshmem-client/ivshmem-client.p/ivshmem-client.c.o
[2296/2842] Linking static target subprojects/berkeley-testfloat-3/libtestfloat.a
[2297/2842] Linking static target subprojects/berkeley-softfloat-3/libsoftfloat.a
[2298/2842] Compiling C object qga/qemu-ga.p/commands-linux.c.o
../qga/commands-linux.c: In function ‘build_guest_fsinfo_for_pci_dev’:
../qga/commands-linux.c:384:7: warning: assignment discards ‘const’ qualifier from pointer target type [-Wdiscarded-qualifiers]
  384 |     p = strstr(syspath, "/devices/pci");
      |       ^
../qga/commands-linux.c:415:7: warning: assignment discards ‘const’ qualifier from pointer target type [-Wdiscarded-qualifiers]
  415 |     p = strstr(syspath, "/target");
      |       ^
../qga/commands-linux.c:421:7: warning: assignment discards ‘const’ qualifier from pointer target type [-Wdiscarded-qualifiers]
  421 |     p = strstr(syspath, "/ata");
      |       ^
../qga/commands-linux.c:426:11: warning: assignment discards ‘const’ qualifier from pointer target type [-Wdiscarded-qualifiers]
  426 |         p = strstr(syspath, "/host");
      |           ^
../qga/commands-linux.c: In function ‘build_guest_fsinfo_for_nonpci_virtio’:
../qga/commands-linux.c:528:7: warning: assignment discards ‘const’ qualifier from pointer target type [-Wdiscarded-qualifiers]
  528 |     p = strstr(syspath, "/target");
      |       ^
../qga/commands-linux.c: In function ‘build_guest_fsinfo_for_ccw_dev’:
../qga/commands-linux.c:555:7: warning: assignment discards ‘const’ qualifier from pointer target type [-Wdiscarded-qualifiers]
  555 |     p = strstr(syspath, "/devices/css");
      |       ^
[2299/2842] Compiling C object tests/bench/bufferiszero-bench.p/bufferiszero-bench.c.o
[2300/2842] Compiling C object tests/bench/benchmark-crypto-hmac.p/benchmark-crypto-hmac.c.o
[2301/2842] Compiling C object contrib/ivshmem-server/ivshmem-server.p/ivshmem-server.c.o
[2302/2842] Compiling C object libqemu-x86_64-softmmu.a.p/accel_kvm_kvm-all.c.o
[2303/2842] Compiling C object qga/qga-ssh-test.p/meson-generated_.._qga-qapi-visit.c.o
[2304/2842] Compiling C object tests/bench/qtree-bench.p/qtree-bench.c.o
[2305/2842] Compiling C object tests/bench/benchmark-crypto-hash.p/benchmark-crypto-hash.c.o
[2306/2842] Compiling C object tests/bench/benchmark-crypto-akcipher.p/benchmark-crypto-akcipher.c.o
[2307/2842] Compiling C object tests/bench/qht-bench.p/qht-bench.c.o
[2308/2842] Compiling C object tests/tcg/plugins/libempty.so.p/empty.c.o
[2309/2842] Compiling C object tests/tcg/plugins/libbb.so.p/bb.c.o
[2310/2842] Compiling C object tests/bench/benchmark-crypto-cipher.p/benchmark-crypto-cipher.c.o
[2311/2842] Compiling C object tests/fp/fp-test-log2.p/fp-test-log2.c.o
[2312/2842] Compiling C object tests/tcg/plugins/libinsn.so.p/insn.c.o
[2313/2842] Compiling C object tests/tcg/plugins/libinline.so.p/inline.c.o
[2314/2842] Compiling C object tests/tcg/plugins/libmem.so.p/mem.c.o
[2315/2842] Compiling C object tests/vhost-user-bridge.p/vhost-user-bridge.c.o
../tests/vhost-user-bridge.c: In function ‘vubr_parse_host_port’:
../tests/vhost-user-bridge.c:749:15: warning: initialization discards ‘const’ qualifier from pointer target type [-Wdiscarded-qualifiers]
  749 |     char *p = strchr(buf, ':');
      |               ^~~~~~
[2316/2842] Compiling C object tests/tcg/plugins/libsyscall.so.p/syscall.c.o
[2317/2842] Compiling C object tests/unit/check-qstring.p/check-qstring.c.o
[2318/2842] Compiling C object tests/unit/check-qlist.p/check-qlist.c.o
[2319/2842] Compiling C object tests/unit/check-qnull.p/check-qnull.c.o
[2320/2842] Compiling C object tests/unit/check-qnum.p/check-qnum.c.o
[2321/2842] Compiling C object tests/unit/check-qdict.p/check-qdict.c.o
[2322/2842] Compiling C object tests/unit/test-error-report.p/test-error-report.c.o
[2323/2842] Compiling C object tests/unit/check-qlit.p/check-qlit.c.o
[2324/2842] Compiling C object libqemu-x86_64-softmmu.a.p/system_physmem.c.o
[2325/2842] Compiling C object tests/unit/check-qobject.p/check-qobject.c.o
[2326/2842] Compiling C object tests/unit/test-clone-visitor.p/test-clone-visitor.c.o
[2327/2842] Compiling C object tests/unit/test-forward-visitor.p/test-forward-visitor.c.o
[2328/2842] Compiling C object tests/unit/test-string-output-visitor.p/test-string-output-visitor.c.o
[2329/2842] Compiling C object tests/unit/check-block-qdict.p/check-block-qdict.c.o
[2330/2842] Compiling C object tests/unit/test-bitmap.p/test-bitmap.c.o
[2331/2842] Compiling C object tests/fp/fp-test.p/fp-test.c.o
[2332/2842] Compiling C object tests/unit/test-x86-topo.p/test-x86-topo.c.o
[2333/2842] Compiling C object tests/unit/test-resv-mem.p/test-resv-mem.c.o
[2334/2842] Compiling C object tests/unit/test-string-input-visitor.p/test-string-input-visitor.c.o
[2335/2842] Compiling C object tests/unit/test-visitor-serialization.p/test-visitor-serialization.c.o
[2336/2842] Compiling C object tests/unit/test-mul64.p/test-mul64.c.o
[2337/2842] Compiling C object tests/unit/test-shift128.p/test-shift128.c.o
[2338/2842] Compiling C object tests/unit/test-div128.p/test-div128.c.o
[2339/2842] Compiling C object tests/unit/test-qobject-output-visitor.p/test-qobject-output-visitor.c.o
[2340/2842] Compiling C object tests/unit/check-qjson.p/check-qjson.c.o
[2341/2842] Compiling C object tests/unit/test-rcu-list.p/test-rcu-list.c.o
[2342/2842] Compiling C object tests/unit/test-rcu-simpleq.p/test-rcu-simpleq.c.o
[2343/2842] Compiling C object tests/unit/rcutorture.p/rcutorture.c.o
[2344/2842] Compiling C object qemu-img.p/qemu-img.c.o
[2345/2842] Compiling C object tests/unit/test-int128.p/test-int128.c.o
[2346/2842] Compiling C object tests/unit/test-rcu-tailq.p/test-rcu-tailq.c.o
[2347/2842] Compiling C object tests/unit/test-rcu-slist.p/test-rcu-slist.c.o
[2348/2842] Compiling C object tests/unit/test-bitcnt.p/test-bitcnt.c.o
[2349/2842] Compiling C object tests/unit/test-qobject-input-visitor.p/test-qobject-input-visitor.c.o
[2350/2842] Compiling C object tests/unit/test-qht.p/test-qht.c.o
[2351/2842] Compiling C object tests/unit/test-bitops.p/test-bitops.c.o
[2352/2842] Compiling C object tests/unit/test-qtree.p/test-qtree.c.o
[2353/2842] Compiling C object tests/unit/check-qom-interface.p/check-qom-interface.c.o
[2354/2842] Compiling C object tests/unit/test-qdist.p/test-qdist.c.o
[2355/2842] Compiling C object tests/unit/test-logging.p/test-logging.c.o
[2356/2842] Compiling C object tests/unit/test-qgraph.p/test-qgraph.c.o
[2357/2842] Compiling C object tests/unit/test-qapi-util.p/test-qapi-util.c.o
[2358/2842] Compiling C object tests/unit/test-qmp-event.p/test-qmp-event.c.o
[2359/2842] Compiling C object tests/unit/test-interval-tree.p/test-interval-tree.c.o
[2360/2842] Compiling C object tests/unit/test-qgraph.p/.._qtest_libqos_qgraph.c.o
[2361/2842] Compiling C object tests/unit/test-fifo.p/test-fifo.c.o
[2362/2842] Compiling C object tests/unit/test-seccomp.p/.._.._system_qemu-seccomp.c.o
[2363/2842] Compiling C object tests/unit/test-seccomp.p/test-seccomp.c.o
[2364/2842] Compiling C object tests/unit/test-coroutine.p/iothread.c.o
[2365/2842] Compiling C object tests/unit/check-qom-proplist.p/check-qom-proplist.c.o
[2366/2842] Compiling C object tests/unit/test-aio.p/iothread.c.o
[2367/2842] Compiling C object libqemu-x86_64-softmmu.a.p/target_i386_tcg_fpu_helper.c.o
[2368/2842] Compiling C object tests/unit/test-aio-multithread.p/iothread.c.o
[2369/2842] Compiling C object tests/unit/test-throttle.p/iothread.c.o
[2370/2842] Compiling C object tests/unit/test-coroutine.p/test-coroutine.c.o
[2371/2842] Compiling C object tests/unit/test-aio-multithread.p/test-aio-multithread.c.o
[2372/2842] Compiling C object tests/unit/test-hbitmap.p/iothread.c.o
[2373/2842] Compiling C object tests/unit/test-thread-pool.p/iothread.c.o
[2374/2842] Compiling C object tests/unit/test-bdrv-drain.p/iothread.c.o
[2375/2842] Compiling C object tests/fp/fp-bench.p/fp-bench.c.o
[2376/2842] Compiling C object tests/unit/test-thread-pool.p/test-thread-pool.c.o
[2377/2842] Compiling C object tests/unit/test-qemu-opts.p/test-qemu-opts.c.o
[2378/2842] Compiling C object tests/unit/test-bdrv-graph-mod.p/iothread.c.o
[2379/2842] Compiling C object tests/unit/test-blockjob.p/iothread.c.o
[2380/2842] Compiling C object tests/unit/test-bdrv-graph-mod.p/test-bdrv-graph-mod.c.o
[2381/2842] Compiling C object tests/unit/test-blockjob-txn.p/iothread.c.o
[2382/2842] Compiling C object tests/unit/test-block-backend.p/test-block-backend.c.o
[2383/2842] Compiling C object tests/unit/test-keyval.p/test-keyval.c.o
[2384/2842] Compiling C object tests/unit/test-block-backend.p/iothread.c.o
[2385/2842] Compiling C object tests/unit/test-write-threshold.p/iothread.c.o
[2386/2842] Compiling C object libqemu-x86_64-softmmu.a.p/accel_tcg_tcg-runtime-gvec.c.o
[2387/2842] Compiling C object tests/unit/test-throttle.p/test-throttle.c.o
[2388/2842] Compiling C object tests/unit/test-block-iothread.p/iothread.c.o
[2389/2842] Compiling C object tests/unit/test-blockjob.p/test-blockjob.c.o
[2390/2842] Compiling C object tests/unit/test-blockjob-txn.p/test-blockjob-txn.c.o
[2391/2842] Compiling C object tests/unit/test-aio.p/test-aio.c.o
[2392/2842] Compiling C object libqemu-x86_64-softmmu.a.p/accel_tcg_cputlb.c.o
[2393/2842] Compiling C object tests/unit/test-write-threshold.p/test-write-threshold.c.o
[2394/2842] Compiling C object tests/unit/test-crypto-hash.p/test-crypto-hash.c.o
[2395/2842] Compiling C object tests/unit/test-crypto-akcipher.p/test-crypto-akcipher.c.o
[2396/2842] Compiling C object tests/unit/test-crypto-der.p/test-crypto-der.c.o
[2397/2842] Compiling C object tests/unit/test-crypto-hmac.p/test-crypto-hmac.c.o
[2398/2842] Compiling C object tests/unit/test-authz-simple.p/test-authz-simple.c.o
[2399/2842] Compiling C object tests/unit/test-crypto-cipher.p/test-crypto-cipher.c.o
[2400/2842] Compiling C object tests/unit/test-authz-list.p/test-authz-list.c.o
[2401/2842] Compiling C object tests/unit/test-crypto-secret.p/test-crypto-secret.c.o
[2402/2842] Compiling C object tests/unit/test-io-channel-socket.p/socket-helpers.c.o
[2403/2842] Compiling C object tests/unit/test-io-task.p/test-io-task.c.o
[2404/2842] Compiling C object tests/unit/test-io-task.p/iothread.c.o
[2405/2842] Compiling C object tests/unit/test-authz-listfile.p/test-authz-listfile.c.o
[2406/2842] Compiling C object tests/unit/test-io-channel-socket.p/io-channel-helpers.c.o
[2407/2842] Compiling C object tests/unit/test-hbitmap.p/test-hbitmap.c.o
[2408/2842] Compiling C object tests/unit/test-io-channel-file.p/test-io-channel-file.c.o
[2409/2842] Compiling C object tests/unit/test-io-channel-file.p/io-channel-helpers.c.o
[2410/2842] Compiling C object tests/unit/test-io-channel-buffer.p/test-io-channel-buffer.c.o
[2411/2842] Compiling C object tests/unit/test-io-channel-command.p/test-io-channel-command.c.o
[2412/2842] Compiling C object tests/unit/test-io-channel-command.p/io-channel-helpers.c.o
[2413/2842] Compiling C object tests/unit/test-io-channel-buffer.p/io-channel-helpers.c.o
[2414/2842] Compiling C object tests/unit/test-crypto-ivgen.p/test-crypto-ivgen.c.o
[2415/2842] Compiling C object tests/unit/test-io-channel-null.p/test-io-channel-null.c.o
[2416/2842] Compiling C object tests/unit/test-timed-average.p/test-timed-average.c.o
[2417/2842] Compiling C object tests/unit/test-crypto-afsplit.p/test-crypto-afsplit.c.o
[2418/2842] Compiling C object tests/unit/test-io-channel-socket.p/test-io-channel-socket.c.o
[2419/2842] Compiling C object tests/unit/test-block-iothread.p/test-block-iothread.c.o
[2420/2842] Compiling C object tests/unit/test-crypto-block.p/test-crypto-block.c.o
[2421/2842] Compiling C object tests/unit/test-uuid.p/test-uuid.c.o
[2422/2842] Compiling C object tests/unit/test-bdrv-drain.p/test-bdrv-drain.c.o
[2423/2842] Compiling C object tests/unit/test-image-locking.p/iothread.c.o
[2424/2842] Compiling C object tests/unit/test-replication.p/iothread.c.o
[2425/2842] Compiling C object tests/unit/test-nested-aio-poll.p/test-nested-aio-poll.c.o
[2426/2842] Compiling C object tests/unit/test-image-locking.p/test-image-locking.c.o
[2427/2842] Compiling C object tests/unit/test-crypto-pbkdf.p/test-crypto-pbkdf.c.o
[2428/2842] Compiling C object tests/unit/ptimer-test.p/ptimer-test-stubs.c.o
[2429/2842] Compiling C object tests/unit/test-xbzrle.p/test-xbzrle.c.o
[2430/2842] Compiling C object tests/unit/test-util-sockets.p/socket-helpers.c.o
[2431/2842] Compiling C object tests/unit/test-base64.p/test-base64.c.o
[2432/2842] Compiling C object tests/unit/test-bufferiszero.p/test-bufferiszero.c.o
[2433/2842] Compiling C object tests/unit/test-replication.p/test-replication.c.o
[2434/2842] Compiling C object tests/unit/test-virtio-dmabuf.p/_opt_qemu-src_hw_display_virtio-dmabuf.c.o
[2435/2842] Compiling C object tests/unit/test-opts-visitor.p/test-opts-visitor.c.o
[2436/2842] Compiling C object tests/unit/test-virtio-dmabuf.p/test-virtio-dmabuf.c.o
[2437/2842] Compiling C object tests/unit/ptimer-test.p/_opt_qemu-src_hw_core_ptimer.c.o
[2438/2842] Compiling C object tests/unit/test-yank.p/test-yank.c.o
[2439/2842] Compiling C object tests/unit/test-util-sockets.p/test-util-sockets.c.o
[2440/2842] Compiling C object tests/unit/test-yank.p/socket-helpers.c.o
[2441/2842] Compiling C object tests/unit/test-char.p/socket-helpers.c.o
[2442/2842] Compiling C object tests/unit/test-qmp-cmds.p/test-qmp-cmds.c.o
[2443/2842] Compiling C object tests/qtest/pxe-test.p/pxe-test.c.o
[2444/2842] Compiling C object tests/unit/test-iov.p/test-iov.c.o
[2445/2842] Compiling C object tests/unit/test-smp-parse.p/_opt_qemu-src_hw_core_machine-smp.c.o
[2446/2842] Compiling C object tests/qtest/pxe-test.p/boot-sector.c.o
[2447/2842] Compiling C object tests/unit/test-qdev-global-props.p/test-qdev-global-props.c.o
[2448/2842] Compiling C object tests/unit/ptimer-test.p/ptimer-test.c.o
[2449/2842] Compiling C object tests/unit/test-qga.p/.._qtest_libqmp.c.o
[2450/2842] Compiling C object tests/qtest/test-netfilter.p/test-netfilter.c.o
[2451/2842] Compiling C object tests/qtest/test-filter-mirror.p/test-filter-mirror.c.o
[2452/2842] Compiling C object tests/unit/test-cutils.p/test-cutils.c.o
[2453/2842] Compiling C object tests/unit/test-util-filemonitor.p/test-util-filemonitor.c.o
[2454/2842] Compiling C object tests/qtest/vmgenid-test.p/boot-sector.c.o
[2455/2842] Compiling C object tests/unit/test-smp-parse.p/test-smp-parse.c.o
[2456/2842] Compiling C object tests/qtest/vmgenid-test.p/vmgenid-test.c.o
[2457/2842] Compiling C object tests/qtest/test-filter-redirector.p/test-filter-redirector.c.o
[2458/2842] Compiling C object tests/qtest/vmgenid-test.p/acpi-utils.c.o
[2459/2842] Compiling C object tests/unit/test-vmstate.p/test-vmstate.c.o
[2460/2842] Compiling C object tests/qtest/fw_cfg-test.p/fw_cfg-test.c.o
[2461/2842] Compiling C object tests/qtest/i440fx-test.p/i440fx-test.c.o
[2462/2842] Compiling C object tests/qtest/fdc-test.p/fdc-test.c.o
[2463/2842] Compiling C object tests/qtest/intel-hda-test.p/intel-hda-test.c.o
[2464/2842] Compiling C object tests/qtest/wdt_ib700-test.p/wdt_ib700-test.c.o
[2465/2842] Compiling C object tests/qtest/ipmi-kcs-test.p/ipmi-kcs-test.c.o
[2466/2842] Compiling C object tests/qtest/i82801b11-test.p/i82801b11-test.c.o
[2467/2842] Compiling C object tests/qtest/ioh3420-test.p/ioh3420-test.c.o
[2468/2842] Compiling C object tests/qtest/test-x86-cpuid-compat.p/test-x86-cpuid-compat.c.o
[2469/2842] Compiling C object tests/qtest/pvpanic-test.p/pvpanic-test.c.o
[2470/2842] Compiling C object tests/qtest/pvpanic-pci-test.p/pvpanic-pci-test.c.o
[2471/2842] Compiling C object tests/qtest/ipmi-bt-test.p/ipmi-bt-test.c.o
[2472/2842] Compiling C object tests/qtest/lpc-ich9-test.p/lpc-ich9-test.c.o
[2473/2842] Compiling C object tests/unit/test-char.p/test-char.c.o
[2474/2842] Compiling C object tests/qtest/tco-test.p/tco-test.c.o
[2475/2842] Compiling C object tests/qtest/usb-hcd-uhci-test.p/usb-hcd-uhci-test.c.o
[2476/2842] Compiling C object tests/qtest/numa-test.p/numa-test.c.o
[2477/2842] Compiling C object tests/qtest/usb-hcd-xhci-test.p/usb-hcd-xhci-test.c.o
[2478/2842] Compiling C object tests/unit/test-qga.p/test-qga.c.o
[2479/2842] Compiling C object tests/qtest/usb-hcd-ehci-test.p/usb-hcd-ehci-test.c.o
[2480/2842] Compiling C object tests/qtest/ide-test.p/ide-test.c.o
[2481/2842] Compiling C object tests/qtest/tpm-crb-test.p/tpm-emu.c.o
[2482/2842] Compiling C object tests/qtest/tpm-crb-swtpm-test.p/tpm-crb-swtpm-test.c.o
[2483/2842] Compiling C object tests/qtest/tpm-crb-test.p/tpm-tests.c.o
[2484/2842] Compiling C object tests/qtest/endianness-test.p/endianness-test.c.o
[2485/2842] Compiling C object tests/qtest/tpm-crb-swtpm-test.p/tpm-tests.c.o
[2486/2842] Compiling C object tests/qtest/tpm-crb-test.p/tpm-crb-test.c.o
[2487/2842] Compiling C object tests/qtest/tpm-crb-swtpm-test.p/tpm-emu.c.o
[2488/2842] Compiling C object tests/qtest/tpm-crb-test.p/tpm-util.c.o
[2489/2842] Compiling C object tests/qtest/tpm-tis-test.p/tpm-tis-test.c.o
[2490/2842] Compiling C object tests/unit/test-xs-node.p/test-xs-node.c.o
[2491/2842] Compiling C object tests/qtest/tpm-crb-swtpm-test.p/tpm-util.c.o
[2492/2842] Compiling C object tests/qtest/tpm-tis-test.p/tpm-tests.c.o
[2493/2842] Compiling C object tests/qtest/tpm-tis-swtpm-test.p/tpm-tis-swtpm-test.c.o
[2494/2842] Compiling C object tests/qtest/tpm-tis-test.p/tpm-emu.c.o
[2495/2842] Compiling C object tests/qtest/tpm-tis-test.p/tpm-util.c.o
[2496/2842] Compiling C object tests/qtest/tpm-tis-swtpm-test.p/tpm-tests.c.o
[2497/2842] Compiling C object tests/qtest/fuzz-e1000e-test.p/fuzz-e1000e-test.c.o
[2498/2842] Compiling C object tests/qtest/fuzz-sb16-test.p/fuzz-sb16-test.c.o
[2499/2842] Compiling C object tests/qtest/fuzz-megasas-test.p/fuzz-megasas-test.c.o
[2500/2842] Compiling C object tests/qtest/tpm-tis-swtpm-test.p/tpm-emu.c.o
[2501/2842] Compiling C object tests/qtest/fuzz-lsi53c895a-test.p/fuzz-lsi53c895a-test.c.o
[2502/2842] Compiling C object tests/qtest/virtio-balloon-test.p/virtio-balloon-test.c.o
[2503/2842] Compiling C object tests/qtest/fuzz-virtio-scsi-test.p/fuzz-virtio-scsi-test.c.o
[2504/2842] Compiling C object tests/qtest/tpm-tis-swtpm-test.p/tpm-util.c.o
[2505/2842] Compiling C object tests/qtest/fuzz-sdcard-test.p/fuzz-sdcard-test.c.o
[2506/2842] Compiling C object tests/qtest/tpm-tis-test.p/tpm-tis-util.c.o
[2507/2842] Compiling C object tests/qtest/rtl8139-test.p/rtl8139-test.c.o
[2508/2842] Compiling C object tests/qtest/ahci-test.p/ahci-test.c.o
[2509/2842] Compiling C object libqemu-x86_64-softmmu.a.p/target_i386_tcg_translate.c.o
[2510/2842] Compiling C object tests/qtest/am53c974-test.p/am53c974-test.c.o
[2511/2842] Compiling C object tests/qtest/tpm-tis-swtpm-test.p/tpm-tis-util.c.o
[2512/2842] Compiling C object tests/qtest/bios-tables-test.p/boot-sector.c.o
[2513/2842] Compiling C object tests/qtest/display-vga-test.p/display-vga-test.c.o
[2514/2842] Compiling C object tests/qtest/erst-test.p/erst-test.c.o
[2515/2842] Compiling C object tests/qtest/q35-test.p/q35-test.c.o
[2516/2842] Compiling C object tests/qtest/bios-tables-test.p/acpi-utils.c.o
[2517/2842] Compiling C object tests/qtest/bios-tables-test.p/tpm-emu.c.o
[2518/2842] Compiling C object tests/qtest/cxl-test.p/cxl-test.c.o
[2519/2842] Compiling C object tests/qtest/boot-order-test.p/boot-order-test.c.o
[2520/2842] Compiling C object tests/qtest/device-plug-test.p/device-plug-test.c.o
[2521/2842] Compiling C object tests/qtest/rtc-test.p/rtc-test.c.o
[2522/2842] Compiling C object tests/qtest/virtio-net-failover.p/migration-helpers.c.o
[2523/2842] Compiling C object tests/qtest/ivshmem-test.p/.._.._contrib_ivshmem-server_ivshmem-server.c.o
[2524/2842] Compiling C object tests/qtest/cpu-plug-test.p/cpu-plug-test.c.o
[2525/2842] Compiling C object tests/qtest/ivshmem-test.p/ivshmem-test.c.o
[2526/2842] Compiling C object tests/qtest/drive_del-test.p/drive_del-test.c.o
[2527/2842] Compiling C object tests/qtest/cdrom-test.p/cdrom-test.c.o
[2528/2842] Compiling C object tests/qtest/machine-none-test.p/machine-none-test.c.o
[2529/2842] Compiling C object tests/qtest/cdrom-test.p/boot-sector.c.o
[2530/2842] Compiling C object tests/qtest/migration-test.p/migration-helpers.c.o
[2531/2842] Compiling C object tests/qtest/test-hmp.p/test-hmp.c.o
[2532/2842] Compiling C object tests/qtest/qom-test.p/qom-test.c.o
[2533/2842] Compiling C object tests/qtest/qos-test.p/ac97-test.c.o
[2534/2842] Compiling C object tests/qtest/qmp-test.p/qmp-test.c.o
[2535/2842] Compiling C object tests/qtest/qmp-cmd-test.p/qmp-cmd-test.c.o
[2536/2842] Compiling C object tests/qtest/device-introspect-test.p/device-introspect-test.c.o
[2537/2842] Compiling C object tests/qtest/qos-test.p/es1370-test.c.o
[2538/2842] Compiling C object tests/qtest/qos-test.p/ds1338-test.c.o
[2539/2842] Compiling C object tests/qtest/qos-test.p/eepro100-test.c.o
[2540/2842] Compiling C object tests/qtest/qos-test.p/e1000-test.c.o
[2541/2842] Compiling C object tests/qtest/dbus-display-test.p/dbus-display-test.c.o
[2542/2842] Compiling C object tests/qtest/qos-test.p/ipoctal232-test.c.o
[2543/2842] Compiling C object tests/qtest/qos-test.p/adm1266-test.c.o
[2544/2842] Compiling C object tests/qtest/hd-geo-test.p/hd-geo-test.c.o
[2545/2842] Compiling C object tests/qtest/qos-test.p/qos-test.c.o
[2546/2842] Compiling C object tests/qtest/qos-test.p/ne2000-test.c.o
[2547/2842] Compiling C object tests/qtest/qos-test.p/megasas-test.c.o
[2548/2842] Compiling C object tests/qtest/qos-test.p/lsm303dlhc-mag-test.c.o
[2549/2842] Compiling C object tests/qtest/qos-test.p/pci-test.c.o
[2550/2842] Compiling C object tests/qtest/qos-test.p/tulip-test.c.o
[2551/2842] Compiling C object tests/qtest/qos-test.p/pcnet-test.c.o
[2552/2842] Compiling C object tests/qtest/qos-test.p/pca9552-test.c.o
[2553/2842] Compiling C object tests/qtest/qos-test.p/adm1272-test.c.o
[2554/2842] Compiling C object tests/qtest/qos-test.p/spapr-phb-test.c.o
[2555/2842] Compiling C object tests/qtest/qos-test.p/nvme-test.c.o
[2556/2842] Compiling C object tests/qtest/qos-test.p/virtio-test.c.o
[2557/2842] Compiling C object tests/qtest/qos-test.p/emc141x-test.c.o
[2558/2842] Compiling C object tests/qtest/qos-test.p/usb-hcd-ohci-test.c.o
[2559/2842] Compiling C object tests/qtest/qos-test.p/sdhci-test.c.o
[2560/2842] Compiling C object tests/qtest/qos-test.p/virtio-rng-test.c.o
[2561/2842] Compiling C object tests/qtest/qos-test.p/tmp105-test.c.o
[2562/2842] Compiling C object tests/qtest/qos-test.p/max34451-test.c.o
[2563/2842] Compiling C object tests/qtest/qos-test.p/vmxnet3-test.c.o
[2564/2842] Compiling C object tests/qtest/qos-test.p/isl_pmbus_vr-test.c.o
[2565/2842] Compiling C object tests/qtest/qos-test.p/virtio-serial-test.c.o
[2566/2842] Compiling C object tests/qtest/qos-test.p/virtio-scsi-test.c.o
[2567/2842] Compiling C object tests/qtest/qos-test.p/virtio-net-test.c.o
[2568/2842] Compiling C object tests/qtest/qos-test.p/riscv-iommu-test.c.o
[2569/2842] Compiling C object tests/qtest/qos-test.p/igb-test.c.o
[2570/2842] Linking target subprojects/libvhost-user/link-test
[2571/2842] Linking target contrib/plugins/libcache.so
[2572/2842] Linking target contrib/plugins/libbbv.so
[2573/2842] Linking target contrib/plugins/libcflow.so
[2574/2842] Linking target contrib/plugins/libdrcov.so
[2575/2842] Compiling C object tests/qtest/qos-test.p/e1000e-test.c.o
[2576/2842] Generating subprojects/dtc/version_gen.h with a custom command
[2577/2842] Compiling C object tests/qtest/qos-test.p/virtio-blk-test.c.o
[2578/2842] Compiling C object tests/qtest/netdev-socket.p/.._unit_socket-helpers.c.o
[2579/2842] Compiling C object tests/qtest/migration-test.p/migration-test.c.o
[2580/2842] Linking target contrib/plugins/libexeclog.so
[2581/2842] Linking target contrib/plugins/libhotblocks.so
[2582/2842] Linking target contrib/plugins/libhotpages.so
[2583/2842] Linking target contrib/plugins/libhwprofile.so
[2584/2842] Linking target contrib/plugins/libhowvec.so
[2585/2842] Linking target contrib/plugins/libips.so
[2586/2842] Linking target contrib/plugins/libstoptrigger.so
[2587/2842] Linking target contrib/plugins/liblockstep.so
[2588/2842] Generating trace/trace-events-all with a custom command (wrapped by meson to capture output)
[2589/2842] Compiling C object tests/qtest/qos-test.p/virtio-iommu-test.c.o
[2590/2842] Compiling C object tests/qtest/bios-tables-test.p/bios-tables-test.c.o
[2591/2842] Linking target qga/qga-ssh-test
[2592/2842] Linking target contrib/vhost-user-blk/vhost-user-blk
[2593/2842] Linking target qemu-bridge-helper
[2594/2842] Compiling C object tests/qtest/readconfig-test.p/readconfig-test.c.o
[2595/2842] Linking target contrib/ivshmem-client/ivshmem-client
[2596/2842] Linking target qga/qemu-ga
[2597/2842] Linking target qemu-edid
[2598/2842] Compiling C object tests/qtest/netdev-socket.p/netdev-socket.c.o
[2599/2842] Linking target contrib/vhost-user-input/vhost-user-input
[2600/2842] Compiling C object tests/qtest/qos-test.p/vhost-user-blk-test.c.o
[2601/2842] Linking target qemu-vmsr-helper
[2602/2842] Linking target qemu-pr-helper
[2603/2842] Linking target contrib/ivshmem-server/ivshmem-server
[2604/2842] Compiling C object tests/qtest/qos-test.p/vhost-user-test.c.o
[2605/2842] Generating pc-bios/edk2-i386-vars.fd with a custom command (wrapped by meson to capture output)
[2606/2842] Generating pc-bios/keymaps/ar with a custom command
[2607/2842] Compiling C object tests/qtest/qos-test.p/ufs-test.c.o
[2608/2842] Generating pc-bios/keymaps/cz with a custom command
[2609/2842] Generating pc-bios/keymaps/da with a custom command
[2610/2842] Generating pc-bios/keymaps/bepo with a custom command
[2611/2842] Linking target qemu-io
[2612/2842] Linking target qemu-img
[2613/2842] Generating pc-bios/keymaps/en-gb with a custom command
[2614/2842] Generating pc-bios/keymaps/de with a custom command
[2615/2842] Generating pc-bios/keymaps/de-ch with a custom command
[2616/2842] Generating pc-bios/keymaps/en-us with a custom command
[2617/2842] Generating pc-bios/keymaps/et with a custom command
[2618/2842] Linking target qemu-nbd
[2619/2842] Generating pc-bios/keymaps/fi with a custom command
[2620/2842] Generating pc-bios/keymaps/es with a custom command
[2621/2842] Generating pc-bios/keymaps/fo with a custom command
[2622/2842] Generating pc-bios/keymaps/fr with a custom command
[2623/2842] Generating pc-bios/keymaps/fr-be with a custom command
[2624/2842] Generating pc-bios/keymaps/fr-ca with a custom command
[2625/2842] Generating pc-bios/keymaps/hr with a custom command
[2626/2842] Generating pc-bios/keymaps/fr-ch with a custom command
[2627/2842] Generating pc-bios/keymaps/hu with a custom command
[2628/2842] Generating pc-bios/keymaps/is with a custom command
[2629/2842] Generating pc-bios/keymaps/it with a custom command
[2630/2842] Generating pc-bios/keymaps/ja with a custom command
[2631/2842] Generating pc-bios/keymaps/mk with a custom command
[2632/2842] Generating pc-bios/keymaps/lv with a custom command
[2633/2842] Generating pc-bios/keymaps/nl with a custom command
[2634/2842] Generating pc-bios/keymaps/lt with a custom command
[2635/2842] Generating pc-bios/keymaps/pl with a custom command
[2636/2842] Generating pc-bios/keymaps/no with a custom command
[2637/2842] Generating pc-bios/keymaps/pt with a custom command
[2638/2842] Generating pc-bios/keymaps/pt-br with a custom command
[2639/2842] Generating pc-bios/keymaps/ru with a custom command
[2640/2842] Generating pc-bios/keymaps/th with a custom command
[2641/2842] Generating pc-bios/keymaps/tr with a custom command
[2642/2842] Compiling C object tests/qtest/qos-test.p/virtio-9p-test.c.o
[2643/2842] Linking target storage-daemon/qemu-storage-daemon
[2644/2842] Generating pc-bios/edk2-i386-code.fd with a custom command (wrapped by meson to capture output)
[2645/2842] Generating pc-bios/edk2-i386-secure-code.fd with a custom command (wrapped by meson to capture output)
[2646/2842] Linking target tests/tcg/plugins/libbb.so
[2647/2842] Generating pc-bios/edk2-riscv-vars.fd with a custom command (wrapped by meson to capture output)
[2648/2842] Generating pc-bios/edk2-loongarch64-vars.fd with a custom command (wrapped by meson to capture output)
[2649/2842] Linking target tests/tcg/plugins/libinline.so
[2650/2842] Linking target tests/tcg/plugins/libempty.so
[2651/2842] Linking target tests/bench/qht-bench
[2652/2842] Linking target tests/tcg/plugins/libinsn.so
[2653/2842] Generating pc-bios/edk2-x86_64-code.fd with a custom command (wrapped by meson to capture output)
[2654/2842] Generating pc-bios/edk2-x86_64-secure-code.fd with a custom command (wrapped by meson to capture output)
[2655/2842] Linking target tests/tcg/plugins/libmem.so
[2656/2842] Generating pc-bios/edk2-riscv-code.fd with a custom command (wrapped by meson to capture output)
[2657/2842] Linking target tests/bench/bufferiszero-bench
[2658/2842] Generating pc-bios/edk2-loongarch64-code.fd with a custom command (wrapped by meson to capture output)
[2659/2842] Linking target tests/tcg/plugins/libsyscall.so
[2660/2842] Linking target tests/bench/qtree-bench
[2661/2842] Linking target tests/vhost-user-bridge
[2662/2842] Linking target tests/bench/benchmark-crypto-akcipher
[2663/2842] Linking target tests/bench/benchmark-crypto-hash
[2664/2842] Linking target tests/bench/benchmark-crypto-hmac
[2665/2842] Linking target tests/bench/benchmark-crypto-cipher
[2666/2842] Linking target tests/unit/check-qnum
[2667/2842] Linking target tests/unit/check-qstring
[2668/2842] Linking target tests/unit/check-block-qdict
[2669/2842] Linking target tests/unit/check-qlist
[2670/2842] Linking target tests/unit/check-qdict
[2671/2842] Linking target tests/unit/check-qobject
[2672/2842] Linking target tests/unit/check-qnull
[2673/2842] Linking target tests/unit/check-qjson
[2674/2842] Linking target tests/unit/check-qlit
[2675/2842] Linking target tests/unit/test-clone-visitor
[2676/2842] Generating pc-bios/edk2-arm-vars.fd with a custom command (wrapped by meson to capture output)
[2677/2842] Linking target tests/unit/test-qobject-input-visitor
[2678/2842] Linking target tests/unit/test-error-report
[2679/2842] Linking target tests/unit/test-qobject-output-visitor
[2680/2842] Linking target tests/unit/test-forward-visitor
[2681/2842] Linking target tests/unit/test-string-input-visitor
[2682/2842] Generating pc-bios/edk2-arm-code.fd with a custom command (wrapped by meson to capture output)
[2683/2842] Linking target tests/unit/test-resv-mem
[2684/2842] Linking target tests/unit/test-visitor-serialization
[2685/2842] Linking target tests/unit/test-string-output-visitor
[2686/2842] Linking target tests/unit/test-x86-topo
[2687/2842] Linking target tests/unit/test-bitmap
[2688/2842] Linking target tests/unit/test-shift128
[2689/2842] Generating pc-bios/edk2-aarch64-code.fd with a custom command (wrapped by meson to capture output)
[2690/2842] Linking target tests/unit/test-div128
[2691/2842] Linking target tests/unit/test-cutils
[2692/2842] Linking target tests/unit/test-int128
[2693/2842] Linking target tests/unit/rcutorture
[2694/2842] Linking target tests/unit/test-rcu-list
[2695/2842] Linking target tests/unit/test-rcu-simpleq
[2696/2842] Linking target tests/unit/test-mul64
[2697/2842] Linking target tests/unit/test-rcu-slist
[2698/2842] Linking target tests/unit/test-qdist
[2699/2842] Linking target tests/unit/test-rcu-tailq
[2700/2842] Linking target tests/unit/test-qht
[2701/2842] Linking target tests/unit/test-qtree
[2702/2842] Linking target tests/unit/test-bitops
[2703/2842] Linking target tests/unit/test-bitcnt
[2704/2842] Linking target tests/unit/test-qgraph
[2705/2842] Linking target tests/unit/check-qom-proplist
[2706/2842] Linking target tests/unit/check-qom-interface
[2707/2842] Linking target tests/unit/test-keyval
[2708/2842] Linking target tests/unit/test-qemu-opts
[2709/2842] Linking target tests/unit/test-interval-tree
[2710/2842] Linking target tests/unit/test-fifo
[2711/2842] Linking target tests/unit/test-logging
[2712/2842] Linking target tests/unit/test-qapi-util
[2713/2842] Linking target tests/unit/test-seccomp
[2714/2842] Linking target tests/unit/test-qmp-event
[2715/2842] Compiling C object tests/qtest/virtio-net-failover.p/virtio-net-failover.c.o
[2716/2842] Linking target tests/unit/test-crypto-hash
[2717/2842] Linking target tests/unit/test-crypto-hmac
[2718/2842] Linking target tests/unit/test-crypto-cipher
[2719/2842] Linking target tests/unit/test-crypto-akcipher
[2720/2842] Linking target tests/unit/test-crypto-secret
[2721/2842] Linking target tests/unit/test-coroutine
[2722/2842] Linking target tests/unit/test-aio
[2723/2842] Linking target tests/unit/test-aio-multithread
[2724/2842] Linking target tests/unit/test-throttle
[2725/2842] Linking target tests/unit/test-bdrv-graph-mod
[2726/2842] Linking target tests/unit/test-bdrv-drain
[2727/2842] Linking target tests/unit/test-thread-pool
[2728/2842] Linking target tests/unit/test-hbitmap
[2729/2842] Linking target tests/unit/test-blockjob-txn
[2730/2842] Linking target tests/unit/test-block-iothread
[2731/2842] Linking target tests/unit/test-block-backend
[2732/2842] Linking target tests/unit/test-crypto-der
[2733/2842] Linking target tests/unit/test-authz-simple
[2734/2842] Linking target tests/unit/test-authz-list
[2735/2842] Linking target tests/unit/test-blockjob
[2736/2842] Linking target tests/unit/test-authz-listfile
[2737/2842] Linking target tests/unit/test-write-threshold
[2738/2842] Linking target tests/unit/test-io-channel-socket
[2739/2842] Linking target tests/unit/test-timed-average
[2740/2842] Linking target tests/unit/test-uuid
[2741/2842] Linking target tests/unit/test-io-channel-file
[2742/2842] Linking target tests/unit/test-io-channel-command
[2743/2842] Linking target tests/unit/test-io-channel-buffer
[2744/2842] Linking target tests/unit/test-nested-aio-poll
[2745/2842] Linking target tests/unit/test-crypto-ivgen
[2746/2842] Linking target tests/unit/test-io-channel-null
[2747/2842] Linking target tests/unit/test-crypto-block
[2748/2842] Linking target tests/unit/ptimer-test
[2749/2842] Linking target tests/unit/test-iov
[2750/2842] Linking target tests/unit/test-xs-node
[2751/2842] Linking target tests/unit/test-crypto-afsplit
[2752/2842] Linking target tests/unit/test-crypto-pbkdf
[2753/2842] Linking target tests/unit/test-virtio-dmabuf
[2754/2842] Linking target tests/unit/test-opts-visitor
[2755/2842] Linking target tests/unit/test-base64
[2756/2842] Linking target tests/unit/test-util-sockets
[2757/2842] Linking target tests/unit/test-io-task
[2758/2842] Linking target tests/unit/test-bufferiszero
[2759/2842] Linking target tests/unit/test-smp-parse
[2760/2842] Linking target tests/unit/test-qmp-cmds
[2761/2842] Linking target tests/unit/test-util-filemonitor
[2762/2842] Linking target tests/unit/test-xbzrle
[2763/2842] Linking target tests/unit/test-qga
[2764/2842] Linking target tests/unit/test-qdev-global-props
[2765/2842] Linking target tests/unit/test-image-locking
[2766/2842] Linking target tests/qtest/test-netfilter
[2767/2842] Linking target tests/unit/test-vmstate
[2768/2842] Linking target tests/unit/test-yank
[2769/2842] Linking target tests/qtest/test-filter-mirror
[2770/2842] Linking target tests/qtest/test-filter-redirector
[2771/2842] Linking target tests/qtest/pxe-test
[2772/2842] Linking target tests/unit/test-char
[2773/2842] Linking target tests/qtest/vmgenid-test
[2774/2842] Linking target tests/unit/test-replication
[2775/2842] Linking target tests/qtest/ahci-test
[2776/2842] Linking target tests/qtest/i440fx-test
[2777/2842] Linking target tests/qtest/fdc-test
[2778/2842] Linking target tests/qtest/tco-test
[2779/2842] Linking target tests/qtest/fw_cfg-test
[2780/2842] Linking target tests/qtest/ide-test
[2781/2842] Linking target tests/qtest/numa-test
[2782/2842] Linking target tests/qtest/ipmi-kcs-test
[2783/2842] Linking target tests/qtest/test-x86-cpuid-compat
[2784/2842] Linking target tests/qtest/endianness-test
[2785/2842] Linking target tests/qtest/wdt_ib700-test
[2786/2842] Linking target tests/qtest/ipmi-bt-test
[2787/2842] Linking target tests/qtest/pvpanic-test
[2788/2842] Linking target tests/qtest/i82801b11-test
[2789/2842] Linking target tests/qtest/pvpanic-pci-test
[2790/2842] Linking target tests/qtest/ioh3420-test
[2791/2842] Linking target tests/qtest/intel-hda-test
[2792/2842] Linking target tests/qtest/lpc-ich9-test
[2793/2842] Linking target tests/qtest/rtc-test
[2794/2842] Linking target tests/qtest/usb-hcd-uhci-test
[2795/2842] Linking target tests/qtest/usb-hcd-ehci-test
[2796/2842] Linking target tests/qtest/usb-hcd-xhci-test
[2797/2842] Linking target tests/qtest/tpm-crb-swtpm-test
[2798/2842] Linking target tests/qtest/tpm-crb-test
[2799/2842] Linking target tests/qtest/tpm-tis-test
[2800/2842] Linking target tests/qtest/fuzz-e1000e-test
[2801/2842] Linking target tests/qtest/rtl8139-test
[2802/2842] Linking target tests/qtest/fuzz-megasas-test
[2803/2842] Linking target tests/qtest/fuzz-lsi53c895a-test
[2804/2842] Linking target tests/qtest/q35-test
[2805/2842] Linking target tests/qtest/fuzz-virtio-scsi-test
[2806/2842] Linking target tests/qtest/fuzz-sdcard-test
[2807/2842] Linking target tests/qtest/fuzz-sb16-test
[2808/2842] Linking target tests/qtest/virtio-balloon-test
[2809/2842] Linking target tests/qtest/tpm-tis-swtpm-test
[2810/2842] Linking target tests/qtest/erst-test
[2811/2842] Linking target tests/qtest/virtio-net-failover
[2812/2842] Linking target tests/qtest/display-vga-test
[2813/2842] Linking target tests/qtest/ivshmem-test
[2814/2842] Linking target tests/qtest/am53c974-test
[2815/2842] Linking target tests/qtest/bios-tables-test
[2816/2842] Linking target tests/qtest/boot-order-test
[2817/2842] Linking target tests/qtest/cxl-test
[2818/2842] Linking target tests/qtest/hd-geo-test
[2819/2842] Linking target tests/qtest/device-plug-test
[2820/2842] Linking target tests/qtest/drive_del-test
[2821/2842] Linking target tests/qtest/machine-none-test
[2822/2842] Linking target tests/qtest/migration-test
[2823/2842] Linking target tests/qtest/cdrom-test
[2824/2842] Linking target tests/qtest/qmp-test
[2825/2842] Linking target tests/qtest/cpu-plug-test
[2826/2842] Linking target tests/qtest/qmp-cmd-test
[2827/2842] Linking target tests/qtest/device-introspect-test
[2828/2842] Linking target tests/qtest/test-hmp
[2829/2842] Linking target tests/qtest/qom-test
[2830/2842] Linking target tests/qtest/netdev-socket
[2831/2842] Linking target tests/qtest/readconfig-test
[2832/2842] Linking target tests/qtest/qos-test
[2833/2842] Compiling C object libqemu-x86_64-softmmu.a.p/fpu_softfloat.c.o
[2834/2842] Compiling C object tests/qtest/dbus-display-test.p/meson-generated_.._.._.._ui_dbus-display1.c.o
[2835/2842] Linking target tests/qtest/dbus-display-test
[2836/2842] Compiling C object tests/fp/fp-bench.p/.._.._fpu_softfloat.c.o
[2837/2842] Compiling C object tests/fp/fp-test-log2.p/.._.._fpu_softfloat.c.o
[2838/2842] Compiling C object tests/fp/fp-test.p/.._.._fpu_softfloat.c.o
[2839/2842] Linking target tests/fp/fp-bench
[2840/2842] Linking target tests/fp/fp-test-log2
[2841/2842] Linking target tests/fp/fp-test
[2842/2842] Linking target qemu-system-x86_64
[9/9] Installing to /opt/qemu-nvkvm...
ninja: Entering directory `/opt/qemu-src/build'
[1/20] Generating subprojects/dtc/version_gen.h with a custom command
[2/20] Generating qemu-version.h with a custom command (wrapped by meson to capture output)
[2/3] Installing files
Installing subprojects/dtc/libfdt/libfdt.a to /opt/qemu-nvkvm/lib/x86_64-linux-gnu
Installing trace/trace-events-all to /opt/qemu-nvkvm/share/qemu
Installing qemu-system-x86_64 to /opt/qemu-nvkvm/bin
Installing qga/qemu-ga to /opt/qemu-nvkvm/bin
Installing qemu-keymap to /opt/qemu-nvkvm/bin
Installing qemu-img to /opt/qemu-nvkvm/bin
Installing qemu-io to /opt/qemu-nvkvm/bin
Installing qemu-nbd to /opt/qemu-nvkvm/bin
Installing storage-daemon/qemu-storage-daemon to /opt/qemu-nvkvm/bin
Installing qemu-edid to /opt/qemu-nvkvm/bin
Installing qemu-bridge-helper to /opt/qemu-nvkvm/libexec
Installing qemu-pr-helper to /opt/qemu-nvkvm/bin
Installing qemu-vmsr-helper to /opt/qemu-nvkvm/bin
Installing pc-bios/edk2-aarch64-code.fd to /opt/qemu-nvkvm/share/qemu
Installing pc-bios/edk2-arm-code.fd to /opt/qemu-nvkvm/share/qemu
Installing pc-bios/edk2-arm-vars.fd to /opt/qemu-nvkvm/share/qemu
Installing pc-bios/edk2-riscv-code.fd to /opt/qemu-nvkvm/share/qemu
Installing pc-bios/edk2-riscv-vars.fd to /opt/qemu-nvkvm/share/qemu
Installing pc-bios/edk2-i386-code.fd to /opt/qemu-nvkvm/share/qemu
Installing pc-bios/edk2-i386-secure-code.fd to /opt/qemu-nvkvm/share/qemu
Installing pc-bios/edk2-i386-vars.fd to /opt/qemu-nvkvm/share/qemu
Installing pc-bios/edk2-x86_64-code.fd to /opt/qemu-nvkvm/share/qemu
Installing pc-bios/edk2-x86_64-secure-code.fd to /opt/qemu-nvkvm/share/qemu
Installing pc-bios/edk2-loongarch64-code.fd to /opt/qemu-nvkvm/share/qemu
Installing pc-bios/edk2-loongarch64-vars.fd to /opt/qemu-nvkvm/share/qemu
Installing pc-bios/keymaps/ar to /opt/qemu-nvkvm/share/qemu/keymaps
Installing pc-bios/keymaps/bepo to /opt/qemu-nvkvm/share/qemu/keymaps
Installing pc-bios/keymaps/cz to /opt/qemu-nvkvm/share/qemu/keymaps
Installing pc-bios/keymaps/da to /opt/qemu-nvkvm/share/qemu/keymaps
Installing pc-bios/keymaps/de to /opt/qemu-nvkvm/share/qemu/keymaps
Installing pc-bios/keymaps/de-ch to /opt/qemu-nvkvm/share/qemu/keymaps
Installing pc-bios/keymaps/en-gb to /opt/qemu-nvkvm/share/qemu/keymaps
Installing pc-bios/keymaps/en-us to /opt/qemu-nvkvm/share/qemu/keymaps
Installing pc-bios/keymaps/es to /opt/qemu-nvkvm/share/qemu/keymaps
Installing pc-bios/keymaps/et to /opt/qemu-nvkvm/share/qemu/keymaps
Installing pc-bios/keymaps/fi to /opt/qemu-nvkvm/share/qemu/keymaps
Installing pc-bios/keymaps/fo to /opt/qemu-nvkvm/share/qemu/keymaps
Installing pc-bios/keymaps/fr to /opt/qemu-nvkvm/share/qemu/keymaps
Installing pc-bios/keymaps/fr-be to /opt/qemu-nvkvm/share/qemu/keymaps
Installing pc-bios/keymaps/fr-ca to /opt/qemu-nvkvm/share/qemu/keymaps
Installing pc-bios/keymaps/fr-ch to /opt/qemu-nvkvm/share/qemu/keymaps
Installing pc-bios/keymaps/hr to /opt/qemu-nvkvm/share/qemu/keymaps
Installing pc-bios/keymaps/hu to /opt/qemu-nvkvm/share/qemu/keymaps
Installing pc-bios/keymaps/is to /opt/qemu-nvkvm/share/qemu/keymaps
Installing pc-bios/keymaps/it to /opt/qemu-nvkvm/share/qemu/keymaps
Installing pc-bios/keymaps/ja to /opt/qemu-nvkvm/share/qemu/keymaps
Installing pc-bios/keymaps/lt to /opt/qemu-nvkvm/share/qemu/keymaps
Installing pc-bios/keymaps/lv to /opt/qemu-nvkvm/share/qemu/keymaps
Installing pc-bios/keymaps/mk to /opt/qemu-nvkvm/share/qemu/keymaps
Installing pc-bios/keymaps/nl to /opt/qemu-nvkvm/share/qemu/keymaps
Installing pc-bios/keymaps/no to /opt/qemu-nvkvm/share/qemu/keymaps
Installing pc-bios/keymaps/pl to /opt/qemu-nvkvm/share/qemu/keymaps
Installing pc-bios/keymaps/pt to /opt/qemu-nvkvm/share/qemu/keymaps
Installing pc-bios/keymaps/pt-br to /opt/qemu-nvkvm/share/qemu/keymaps
Installing pc-bios/keymaps/ru to /opt/qemu-nvkvm/share/qemu/keymaps
Installing pc-bios/keymaps/th to /opt/qemu-nvkvm/share/qemu/keymaps
Installing pc-bios/keymaps/tr to /opt/qemu-nvkvm/share/qemu/keymaps
Installing /opt/qemu-src/subprojects/dtc/libfdt/fdt.h to /opt/qemu-nvkvm/include
Installing /opt/qemu-src/subprojects/dtc/libfdt/libfdt.h to /opt/qemu-nvkvm/include
Installing /opt/qemu-src/subprojects/dtc/libfdt/libfdt_env.h to /opt/qemu-nvkvm/include
Installing /opt/qemu-src/include/qemu/qemu-plugin.h to /opt/qemu-nvkvm/include
Installing new directory /opt/qemu-nvkvm/var/run
Installing /opt/qemu-src/build/meson-private/libfdt.pc to /opt/qemu-nvkvm/lib/x86_64-linux-gnu/pkgconfig
Installing /opt/qemu-src/ui/icons/qemu_16x16.png to /opt/qemu-nvkvm/share/icons/hicolor/16x16/apps
Installing /opt/qemu-src/ui/icons/qemu_24x24.png to /opt/qemu-nvkvm/share/icons/hicolor/24x24/apps
Installing /opt/qemu-src/ui/icons/qemu_32x32.png to /opt/qemu-nvkvm/share/icons/hicolor/32x32/apps
Installing /opt/qemu-src/ui/icons/qemu_48x48.png to /opt/qemu-nvkvm/share/icons/hicolor/48x48/apps
Installing /opt/qemu-src/ui/icons/qemu_64x64.png to /opt/qemu-nvkvm/share/icons/hicolor/64x64/apps
Installing /opt/qemu-src/ui/icons/qemu_128x128.png to /opt/qemu-nvkvm/share/icons/hicolor/128x128/apps
Installing /opt/qemu-src/ui/icons/qemu_256x256.png to /opt/qemu-nvkvm/share/icons/hicolor/256x256/apps
Installing /opt/qemu-src/ui/icons/qemu_512x512.png to /opt/qemu-nvkvm/share/icons/hicolor/512x512/apps
Installing /opt/qemu-src/ui/icons/qemu_32x32.bmp to /opt/qemu-nvkvm/share/icons/hicolor/32x32/apps
Installing /opt/qemu-src/ui/icons/qemu.svg to /opt/qemu-nvkvm/share/icons/hicolor/scalable/apps
Installing /opt/qemu-src/ui/qemu.desktop to /opt/qemu-nvkvm/share/applications
Installing /opt/qemu-src/pc-bios/bios.bin to /opt/qemu-nvkvm/share/qemu
Installing /opt/qemu-src/pc-bios/bios-256k.bin to /opt/qemu-nvkvm/share/qemu
Installing /opt/qemu-src/pc-bios/bios-microvm.bin to /opt/qemu-nvkvm/share/qemu
Installing /opt/qemu-src/pc-bios/qboot.rom to /opt/qemu-nvkvm/share/qemu
Installing /opt/qemu-src/pc-bios/vgabios.bin to /opt/qemu-nvkvm/share/qemu
Installing /opt/qemu-src/pc-bios/vgabios-cirrus.bin to /opt/qemu-nvkvm/share/qemu
Installing /opt/qemu-src/pc-bios/vgabios-stdvga.bin to /opt/qemu-nvkvm/share/qemu
Installing /opt/qemu-src/pc-bios/vgabios-vmware.bin to /opt/qemu-nvkvm/share/qemu
Installing /opt/qemu-src/pc-bios/vgabios-qxl.bin to /opt/qemu-nvkvm/share/qemu
Installing /opt/qemu-src/pc-bios/vgabios-virtio.bin to /opt/qemu-nvkvm/share/qemu
Installing /opt/qemu-src/pc-bios/vgabios-ramfb.bin to /opt/qemu-nvkvm/share/qemu
Installing /opt/qemu-src/pc-bios/vgabios-bochs-display.bin to /opt/qemu-nvkvm/share/qemu
Installing /opt/qemu-src/pc-bios/vgabios-ati.bin to /opt/qemu-nvkvm/share/qemu
Installing /opt/qemu-src/pc-bios/openbios-sparc32 to /opt/qemu-nvkvm/share/qemu
Installing /opt/qemu-src/pc-bios/openbios-sparc64 to /opt/qemu-nvkvm/share/qemu
Installing /opt/qemu-src/pc-bios/openbios-ppc to /opt/qemu-nvkvm/share/qemu
Installing /opt/qemu-src/pc-bios/QEMU,tcx.bin to /opt/qemu-nvkvm/share/qemu
Installing /opt/qemu-src/pc-bios/QEMU,cgthree.bin to /opt/qemu-nvkvm/share/qemu
Installing /opt/qemu-src/pc-bios/pxe-e1000.rom to /opt/qemu-nvkvm/share/qemu
Installing /opt/qemu-src/pc-bios/pxe-eepro100.rom to /opt/qemu-nvkvm/share/qemu
Installing /opt/qemu-src/pc-bios/pxe-ne2k_pci.rom to /opt/qemu-nvkvm/share/qemu
Installing /opt/qemu-src/pc-bios/pxe-pcnet.rom to /opt/qemu-nvkvm/share/qemu
Installing /opt/qemu-src/pc-bios/pxe-rtl8139.rom to /opt/qemu-nvkvm/share/qemu
Installing /opt/qemu-src/pc-bios/pxe-virtio.rom to /opt/qemu-nvkvm/share/qemu
Installing /opt/qemu-src/pc-bios/efi-e1000.rom to /opt/qemu-nvkvm/share/qemu
Installing /opt/qemu-src/pc-bios/efi-eepro100.rom to /opt/qemu-nvkvm/share/qemu
Installing /opt/qemu-src/pc-bios/efi-ne2k_pci.rom to /opt/qemu-nvkvm/share/qemu
Installing /opt/qemu-src/pc-bios/efi-pcnet.rom to /opt/qemu-nvkvm/share/qemu
Installing /opt/qemu-src/pc-bios/efi-rtl8139.rom to /opt/qemu-nvkvm/share/qemu
Installing /opt/qemu-src/pc-bios/efi-virtio.rom to /opt/qemu-nvkvm/share/qemu
Installing /opt/qemu-src/pc-bios/efi-e1000e.rom to /opt/qemu-nvkvm/share/qemu
Installing /opt/qemu-src/pc-bios/efi-vmxnet3.rom to /opt/qemu-nvkvm/share/qemu
Installing /opt/qemu-src/pc-bios/qemu-nsis.bmp to /opt/qemu-nvkvm/share/qemu
Installing /opt/qemu-src/pc-bios/multiboot.bin to /opt/qemu-nvkvm/share/qemu
Installing /opt/qemu-src/pc-bios/multiboot_dma.bin to /opt/qemu-nvkvm/share/qemu
Installing /opt/qemu-src/pc-bios/linuxboot.bin to /opt/qemu-nvkvm/share/qemu
Installing /opt/qemu-src/pc-bios/linuxboot_dma.bin to /opt/qemu-nvkvm/share/qemu
Installing /opt/qemu-src/pc-bios/kvmvapic.bin to /opt/qemu-nvkvm/share/qemu
Installing /opt/qemu-src/pc-bios/pvh.bin to /opt/qemu-nvkvm/share/qemu
Installing /opt/qemu-src/pc-bios/s390-ccw.img to /opt/qemu-nvkvm/share/qemu
Installing /opt/qemu-src/pc-bios/slof.bin to /opt/qemu-nvkvm/share/qemu
Installing /opt/qemu-src/pc-bios/skiboot.lid to /opt/qemu-nvkvm/share/qemu
Installing /opt/qemu-src/pc-bios/palcode-clipper to /opt/qemu-nvkvm/share/qemu
Installing /opt/qemu-src/pc-bios/u-boot.e500 to /opt/qemu-nvkvm/share/qemu
Installing /opt/qemu-src/pc-bios/u-boot-sam460-20100605.bin to /opt/qemu-nvkvm/share/qemu
Installing /opt/qemu-src/pc-bios/qemu_vga.ndrv to /opt/qemu-nvkvm/share/qemu
Installing /opt/qemu-src/pc-bios/edk2-licenses.txt to /opt/qemu-nvkvm/share/qemu
Installing /opt/qemu-src/pc-bios/hppa-firmware.img to /opt/qemu-nvkvm/share/qemu
Installing /opt/qemu-src/pc-bios/hppa-firmware64.img to /opt/qemu-nvkvm/share/qemu
Installing /opt/qemu-src/pc-bios/opensbi-riscv32-generic-fw_dynamic.bin to /opt/qemu-nvkvm/share/qemu
Installing /opt/qemu-src/pc-bios/opensbi-riscv64-generic-fw_dynamic.bin to /opt/qemu-nvkvm/share/qemu
Installing /opt/qemu-src/pc-bios/npcm7xx_bootrom.bin to /opt/qemu-nvkvm/share/qemu
Installing /opt/qemu-src/pc-bios/vof.bin to /opt/qemu-nvkvm/share/qemu
Installing /opt/qemu-src/pc-bios/vof-nvram.bin to /opt/qemu-nvkvm/share/qemu
Installing /opt/qemu-src/pc-bios/bamboo.dtb to /opt/qemu-nvkvm/share/qemu
Installing /opt/qemu-src/pc-bios/canyonlands.dtb to /opt/qemu-nvkvm/share/qemu
Installing /opt/qemu-src/pc-bios/petalogix-s3adsp1800.dtb to /opt/qemu-nvkvm/share/qemu
Installing /opt/qemu-src/pc-bios/petalogix-ml605.dtb to /opt/qemu-nvkvm/share/qemu
Installing /opt/qemu-src/build/pc-bios/descriptors/50-edk2-i386-secure.json to /opt/qemu-nvkvm/share/qemu/firmware
Installing /opt/qemu-src/build/pc-bios/descriptors/50-edk2-x86_64-secure.json to /opt/qemu-nvkvm/share/qemu/firmware
Installing /opt/qemu-src/build/pc-bios/descriptors/60-edk2-aarch64.json to /opt/qemu-nvkvm/share/qemu/firmware
Installing /opt/qemu-src/build/pc-bios/descriptors/60-edk2-arm.json to /opt/qemu-nvkvm/share/qemu/firmware
Installing /opt/qemu-src/build/pc-bios/descriptors/60-edk2-i386.json to /opt/qemu-nvkvm/share/qemu/firmware
Installing /opt/qemu-src/build/pc-bios/descriptors/60-edk2-x86_64.json to /opt/qemu-nvkvm/share/qemu/firmware
Installing /opt/qemu-src/build/pc-bios/descriptors/60-edk2-loongarch64.json to /opt/qemu-nvkvm/share/qemu/firmware
Installing /opt/qemu-src/pc-bios/keymaps/sl to /opt/qemu-nvkvm/share/qemu/keymaps
Installing /opt/qemu-src/pc-bios/keymaps/sv to /opt/qemu-nvkvm/share/qemu/keymaps

=== Build complete ===
Binary: /opt/qemu-nvkvm/bin/qemu-system-x86_64
