nvkvm: host driver 595.84 → ABI profile 580
qemu-system-x86_64: -device virtio-nvgpu-pci-non-transitional,id=nvkvm0: info: nvkvm: isolate sandbox: namespace
qemu-system-x86_64: -device virtio-nvgpu-pci-non-transitional,id=nvkvm0: info: nvkvm: isolate mode auto -> namespace (strongest rung; clone(CLONE_NEWUSER|...) succeeded)
qemu-system-x86_64: -device virtio-nvgpu-pci-non-transitional,id=nvkvm0: info: nvkvm: GPA width: host MAXPHYADDR 48 bits, guest MAXPHYADDR 48 bits -> using 48 bits (limit 0x1000000000000, 262144 GiB)
qemu-system-x86_64: -device virtio-nvgpu-pci-non-transitional,id=nvkvm0: info: nvkvm: GPA windows: guest RAM top ~0x300000000 (12 GiB), floor 0x4000000000 -> block base 0xdfdbc0000000 size 145 GiB [shm 0xdfdbc0000000, mmap 0xdfdc00000000 +16 GiB, sparse 0xdfe000000000 +128 GiB]
nvkvm present: registered QemuConsole for guest GPU scanout (window display)
[2J[001;001H[=3h[2J[001;001H[2J[001;001H[8;056;240t[2J[001;001H[2J[001;001H[=3h[2J[001;001H[2J[001;001H[8;042;160t[2J[001;001HBdsDxe: loading Boot0002 "UEFI Misc Device" from PciRoot(0x0)/Pci(0x9,0x0)
BdsDxe: starting Boot0002 "UEFI Misc Device" from PciRoot(0x0)/Pci(0x9,0x0)
dummy warnings x2 follow (logging tests): EFI_UNSUPPORTED (3)
test: გამარჯობა Вітаю こんにちは 你好: EFI_INVALID_LANGUAGE (32)
test: dummy error: EFI_INVALID_PARAMETER (2)
console-ex set_state error: 3 (likely harmless)
ChainLoaderEntryFlags: 0x0000000000000000
Booting : PciRoot(0)/Pci(0x9,0x0)/HD(2,GPT,C1C7E615-F0A6-4F7D-988E-C2F06AFED580) \EFI\steamos\grubx64.efi
args in : ""
args out: ""
setting loader command line ""
Storing chained loader partition uuid in EFI var
ChainedLoaderDevicePartUUID: C1C7E615-F0A6-4F7D-988E-C2F06AFED580
nvkvm present #106: host dma-buf fd=153 1920x1080 pitch=7680 fmt=0x34325241 mod=0x300000000606014 size=8847360 (gem=0x4)
nvkvm present: host EGL ready (dma-buf import)
nvkvm present: import fd=153 1920x1080 stride=7680 fourcc=0x34325241 modifier=0x0300000000606014
nvkvm present: import fd=291 1920x1080 stride=7680 fourcc=0x34325241 modifier=0x0300000000606014
nvkvm disp stats: 0.6 frames/s dropped=0 failed=1 present_mean=5.88ms (total consumed=1 dropped=0 failed=1)
nvkvm: guest display is live -- raised SDL window for console 1
nvkvm present: display mode = GL zero-copy (host UI renders on NVIDIA: native import); host GL renderer: NVIDIA Corporation / NVIDIA GeForce RTX 4070/PCIe/SSE2
nvkvm disp stats: 43.5 frames/s dropped=0 failed=0 present_mean=0.28ms (total consumed=45 dropped=0 failed=1)
nvkvm disp stats: 60.0 frames/s dropped=0 failed=0 present_mean=0.27ms (total consumed=105 dropped=0 failed=1)
nvkvm disp stats: 50.2 frames/s dropped=0 failed=0 present_mean=0.32ms (total consumed=156 dropped=0 failed=1)
nvkvm disp stats: 52.9 frames/s dropped=0 failed=0 present_mean=0.41ms (total consumed=209 dropped=0 failed=1)
nvkvm disp stats: 4.8 frames/s dropped=0 failed=0 present_mean=0.62ms (total consumed=219 dropped=0 failed=1)
nvkvm disp stats: 5.2 frames/s dropped=0 failed=0 present_mean=0.34ms (total consumed=229 dropped=0 failed=1)
nvkvm disp stats: 4.6 frames/s dropped=0 failed=0 present_mean=0.28ms (total consumed=241 dropped=0 failed=1)
nvkvm disp stats: 1.2 frames/s dropped=0 failed=0 present_mean=0.34ms (total consumed=253 dropped=0 failed=1)
nvkvm disp stats: 0.1 frames/s dropped=0 failed=0 present_mean=0.55ms (total consumed=254 dropped=0 failed=1)
nvkvm: DENY ctrl cmd 0x00730102 (not in allowlist / oversize)
nvkvm: DENY ctrl cmd 0x00730102 (not in allowlist / oversize)
nvkvm: DENY ctrl cmd 0x2080220b (not in allowlist / oversize)
nvkvm: DENY ctrl cmd 0x20801115 (not in allowlist / oversize)
nvkvm: DENY ctrl cmd 0xa06f0111 (not in allowlist / oversize)
nvkvm: DENY ctrl cmd 0xa06f0111 (not in allowlist / oversize)
nvkvm: DENY ctrl cmd 0x20801109 (not in allowlist / oversize)
nvkvm: DENY ctrl cmd 0xa06f0109 (not in allowlist / oversize)
nvkvm: DENY ctrl cmd 0xa06c0110 (not in allowlist / oversize)
nvkvm: DENY ctrl cmd 0xa06f0111 (not in allowlist / oversize)
nvkvm: DENY ctrl cmd 0x20801109 (not in allowlist / oversize)
nvkvm: DENY ctrl cmd 0xa06f0109 (not in allowlist / oversize)
nvkvm: DENY ctrl cmd 0xa06f0111 (not in allowlist / oversize)
nvkvm: DENY ctrl cmd 0xa06f0111 (not in allowlist / oversize)
nvkvm: DENY ctrl cmd 0x20801109 (not in allowlist / oversize)
nvkvm: DENY ctrl cmd 0xa06f0109 (not in allowlist / oversize)
nvkvm: DENY ctrl cmd 0xa06c0110 (not in allowlist / oversize)
nvkvm: DENY ctrl cmd 0xa06f0111 (not in allowlist / oversize)
nvkvm: DENY ctrl cmd 0xa06f0111 (not in allowlist / oversize)
nvkvm: DENY ctrl cmd 0xa06f0111 (not in allowlist / oversize)
nvkvm: DENY ctrl cmd 0xa06f0111 (not in allowlist / oversize)
nvkvm: DENY ctrl cmd 0xa06f0111 (not in allowlist / oversize)
nvkvm: DENY ctrl cmd 0x20801109 (not in allowlist / oversize)
nvkvm: DENY ctrl cmd 0xa06f0109 (not in allowlist / oversize)
nvkvm: DENY ctrl cmd 0xa06c0110 (not in allowlist / oversize)
nvkvm: DENY ctrl cmd 0xa06f0111 (not in allowlist / oversize)
nvkvm: DENY ctrl cmd 0xa06f0111 (not in allowlist / oversize)
nvkvm: DENY ctrl cmd 0xa06f0111 (not in allowlist / oversize)
nvkvm: DENY ctrl cmd 0xa06f0111 (not in allowlist / oversize)
nvkvm: DENY ctrl cmd 0xa06f0111 (not in allowlist / oversize)
nvkvm: DENY ctrl cmd 0xa06f0111 (not in allowlist / oversize)
nvkvm: DENY ctrl cmd 0xa06f0111 (not in allowlist / oversize)
nvkvm: DENY ctrl cmd 0xa06f0111 (not in allowlist / oversize)
nvkvm: DENY ctrl cmd 0xa06f0111 (not in allowlist / oversize)
nvkvm: DENY ctrl cmd 0xa06f0111 (not in allowlist / oversize)
nvkvm: DENY ctrl cmd 0xa06f0111 (not in allowlist / oversize)
nvkvm: DENY ctrl cmd 0xa06f0111 (not in allowlist / oversize)
nvkvm: DENY ctrl cmd 0xa06f0111 (not in allowlist / oversize)
nvkvm: DENY ctrl cmd 0xa06f0111 (not in allowlist / oversize)
nvkvm: DENY ctrl cmd 0xa06f0111 (not in allowlist / oversize)
nvkvm: DENY ctrl cmd 0xa06f0111 (not in allowlist / oversize)
nvkvm: DENY ctrl cmd 0xa06f0111 (not in allowlist / oversize)
nvkvm: DENY ctrl cmd 0xa06f0111 (not in allowlist / oversize)
nvkvm: DENY ctrl cmd 0xa06f0111 (not in allowlist / oversize)
nvkvm: DENY ctrl cmd 0xa06f0111 (not in allowlist / oversize)
nvkvm: DENY ctrl cmd 0xa06f0111 (not in allowlist / oversize)
nvkvm: DENY ctrl cmd 0xa06f0111 (not in allowlist / oversize)
nvkvm: DENY ctrl cmd 0xa06f0111 (not in allowlist / oversize)
nvkvm: DENY ctrl cmd 0xa06f0111 (not in allowlist / oversize)
nvkvm: DENY ctrl cmd 0xa06f0111 (not in allowlist / oversize)
nvkvm: DENY ctrl cmd 0xa06f0111 (not in allowlist / oversize)
nvkvm: DENY ctrl cmd 0xa06f0111 (not in allowlist / oversize)
nvkvm: DENY ctrl cmd 0xa06f0111 (not in allowlist / oversize)
nvkvm: DENY ctrl cmd 0xa06f0111 (not in allowlist / oversize)
nvkvm: DENY ctrl cmd 0xa06f0111 (not in allowlist / oversize)
nvkvm: DENY ctrl cmd 0xa06f0111 (not in allowlist / oversize)
nvkvm: DENY ctrl cmd 0xa06f0111 (not in allowlist / oversize)
nvkvm: DENY ctrl cmd 0xa06f0111 (not in allowlist / oversize)
nvkvm: DENY ctrl cmd 0xa06f0111 (not in allowlist / oversize)
nvkvm: DENY ctrl cmd 0xa06f0111 (not in allowlist / oversize)
nvkvm: DENY ctrl cmd 0xa06f0111 (not in allowlist / oversize)
nvkvm: DENY ctrl cmd 0xa06f0111 (not in allowlist / oversize)
nvkvm: DENY ctrl cmd 0xa06f0111 (not in allowlist / oversize)
nvkvm: DENY ctrl cmd 0xa06f0111 (not in allowlist / oversize)
nvkvm: DENY ctrl cmd 0xa06f0111 (not in allowlist / oversize)
nvkvm: DENY ctrl cmd 0xa06f0111 (not in allowlist / oversize)
nvkvm: DENY ctrl cmd 0x2080220b (not in allowlist / oversize)
nvkvm: DENY ctrl cmd 0xa06f0111 (not in allowlist / oversize)
nvkvm: DENY ctrl cmd 0xa06f0111 (not in allowlist / oversize)
nvkvm: DENY ctrl cmd 0xa06f0111 (not in allowlist / oversize)
nvkvm: DENY ctrl cmd 0x2080220b (not in allowlist / oversize)
nvkvm: DENY ctrl cmd 0x2080220b (not in allowlist / oversize)
nvkvm: DENY ctrl cmd 0xa06f0111 (not in allowlist / oversize)
nvkvm: DENY ctrl cmd 0xa06f0111 (not in allowlist / oversize)
nvkvm disp stats: 0.0 frames/s dropped=0 failed=0 present_mean=35.01ms (total consumed=255 dropped=0 failed=1)
nvkvm: DENY ctrl cmd 0xa06f0111 (not in allowlist / oversize)
nvkvm: DENY ctrl cmd 0xa06f0111 (not in allowlist / oversize)
nvkvm: DENY ctrl cmd 0xa06f0111 (not in allowlist / oversize)
nvkvm: DENY ctrl cmd 0xa06f0111 (not in allowlist / oversize)
nvkvm: DENY ctrl cmd 0xa06f0111 (not in allowlist / oversize)
nvkvm: DENY ctrl cmd 0xa06f0111 (not in allowlist / oversize)
nvkvm: DENY ctrl cmd 0xa06f0111 (not in allowlist / oversize)
nvkvm: DENY ctrl cmd 0xa06f0111 (not in allowlist / oversize)
nvkvm: DENY ctrl cmd 0xa06f0111 (not in allowlist / oversize)
nvkvm: DENY ctrl cmd 0xa06f0111 (not in allowlist / oversize)
nvkvm: DENY ctrl cmd 0xa06f0111 (not in allowlist / oversize)
nvkvm: DENY ctrl cmd 0xa06f0111 (not in allowlist / oversize)
nvkvm disp stats: 5.8 frames/s dropped=0 failed=0 present_mean=0.42ms (total consumed=261 dropped=0 failed=1)
nvkvm: DENY ctrl cmd 0xa06f0111 (not in allowlist / oversize)
nvkvm: DENY ctrl cmd 0xa06f0111 (not in allowlist / oversize)
nvkvm: DENY ctrl cmd 0xa06f0111 (not in allowlist / oversize)
nvkvm: DENY ctrl cmd 0xa06f0111 (not in allowlist / oversize)
nvkvm: DENY ctrl cmd 0xa06f0111 (not in allowlist / oversize)
nvkvm: DENY ctrl cmd 0xa06f0111 (not in allowlist / oversize)
nvkvm: DENY ctrl cmd 0xa06f0111 (not in allowlist / oversize)
nvkvm: DENY ctrl cmd 0xa06f0111 (not in allowlist / oversize)
nvkvm: DENY ctrl cmd 0xa06f0111 (not in allowlist / oversize)
nvkvm: DENY ctrl cmd 0xa06f0111 (not in allowlist / oversize)
nvkvm: DENY ctrl cmd 0xa06f0111 (not in allowlist / oversize)
nvkvm: DENY ctrl cmd 0xa06f0111 (not in allowlist / oversize)
nvkvm: DENY ctrl cmd 0xa06f0111 (not in allowlist / oversize)
nvkvm: DENY ctrl cmd 0xa06f0111 (not in allowlist / oversize)
nvkvm: DENY ctrl cmd 0xa06f0111 (not in allowlist / oversize)
nvkvm: DENY ctrl cmd 0xa06f0111 (not in allowlist / oversize)
nvkvm: DENY ctrl cmd 0xa06f0111 (not in allowlist / oversize)
nvkvm: DENY ctrl cmd 0xa06f0111 (not in allowlist / oversize)
nvkvm: DENY ctrl cmd 0xa06f0111 (not in allowlist / oversize)
nvkvm: DENY ctrl cmd 0xa06f0111 (not in allowlist / oversize)
nvkvm: DENY ctrl cmd 0xa06f0111 (not in allowlist / oversize)
nvkvm: DENY ctrl cmd 0xa06f0111 (not in allowlist / oversize)
nvkvm: DENY ctrl cmd 0xa06f0111 (not in allowlist / oversize)
nvkvm: DENY ctrl cmd 0xa06f0111 (not in allowlist / oversize)
nvkvm: DENY ctrl cmd 0xa06f0111 (not in allowlist / oversize)
nvkvm: DENY ctrl cmd 0xa06f0111 (not in allowlist / oversize)
nvkvm: DENY ctrl cmd 0xa06f0111 (not in allowlist / oversize)
nvkvm: DENY ctrl cmd 0xa06f0111 (not in allowlist / oversize)
nvkvm: DENY ctrl cmd 0xa06f0111 (not in allowlist / oversize)
nvkvm: DENY ctrl cmd 0xa06f0111 (not in allowlist / oversize)
nvkvm: DENY ctrl cmd 0xa06f0111 (not in allowlist / oversize)
nvkvm: DENY ctrl cmd 0xa06f0111 (not in allowlist / oversize)
nvkvm: DENY ctrl cmd 0xa06f0111 (not in allowlist / oversize)
nvkvm: DENY ctrl cmd 0xa06f0111 (not in allowlist / oversize)
nvkvm: DENY ctrl cmd 0xa06f0111 (not in allowlist / oversize)
nvkvm: DENY ctrl cmd 0xa06f0111 (not in allowlist / oversize)
nvkvm: DENY ctrl cmd 0xa06f0111 (not in allowlist / oversize)
nvkvm: DENY ctrl cmd 0xa06f0111 (not in allowlist / oversize)
nvkvm: DENY ctrl cmd 0xa06f0111 (not in allowlist / oversize)
nvkvm: DENY ctrl cmd 0xa06f0111 (not in allowlist / oversize)
nvkvm: DENY ctrl cmd 0xa06f0111 (not in allowlist / oversize)
nvkvm: DENY ctrl cmd 0xa06f0111 (not in allowlist / oversize)
nvkvm: DENY ctrl cmd 0xa06f0111 (not in allowlist / oversize)
nvkvm: DENY ctrl cmd 0xa06f0111 (not in allowlist / oversize)
nvkvm: DENY ctrl cmd 0xa06f0111 (not in allowlist / oversize)
nvkvm: DENY ctrl cmd 0xa06f0111 (not in allowlist / oversize)
nvkvm: DENY ctrl cmd 0xa06f0111 (not in allowlist / oversize)
nvkvm: DENY ctrl cmd 0xa06f0111 (not in allowlist / oversize)
nvkvm: DENY ctrl cmd 0xa06f0111 (not in allowlist / oversize)
nvkvm: DENY ctrl cmd 0xa06f0111 (not in allowlist / oversize)
nvkvm: DENY ctrl cmd 0xa06f0111 (not in allowlist / oversize)
nvkvm: DENY ctrl cmd 0xa06f0111 (not in allowlist / oversize)
nvkvm: DENY ctrl cmd 0xa06f0111 (not in allowlist / oversize)
nvkvm: DENY ctrl cmd 0xa06f0111 (not in allowlist / oversize)
nvkvm disp stats: 49.3 frames/s dropped=0 failed=0 present_mean=0.48ms (total consumed=311 dropped=0 failed=1)
nvkvm: DENY ctrl cmd 0xa06f0111 (not in allowlist / oversize)
nvkvm: DENY ctrl cmd 0xa06f0111 (not in allowlist / oversize)
nvkvm: DENY ctrl cmd 0xa06f0111 (not in allowlist / oversize)
nvkvm: DENY ctrl cmd 0xa06f0111 (not in allowlist / oversize)
nvkvm: DENY ctrl cmd 0xa06f0111 (not in allowlist / oversize)
nvkvm: DENY ctrl cmd 0xa06f0111 (not in allowlist / oversize)
nvkvm: DENY ctrl cmd 0xa06f0111 (not in allowlist / oversize)
nvkvm: DENY ctrl cmd 0xa06f0111 (not in allowlist / oversize)
nvkvm: DENY ctrl cmd 0xa06f0111 (not in allowlist / oversize)
nvkvm: DENY ctrl cmd 0xa06f0111 (not in allowlist / oversize)
nvkvm: DENY ctrl cmd 0xa06f0111 (not in allowlist / oversize)
nvkvm: DENY ctrl cmd 0xa06f0111 (not in allowlist / oversize)
nvkvm: DENY ctrl cmd 0xa06f0111 (not in allowlist / oversize)
nvkvm: DENY ctrl cmd 0xa06f0111 (not in allowlist / oversize)
nvkvm: DENY ctrl cmd 0xa06f0111 (not in allowlist / oversize)
nvkvm: DENY ctrl cmd 0xa06f0111 (not in allowlist / oversize)
nvkvm: DENY ctrl cmd 0xa06f0111 (not in allowlist / oversize)
nvkvm: DENY ctrl cmd 0xa06f0111 (not in allowlist / oversize)
nvkvm: DENY ctrl cmd 0xa06f0111 (not in allowlist / oversize)
nvkvm: DENY ctrl cmd 0xa06f0111 (not in allowlist / oversize)
nvkvm: DENY ctrl cmd 0xa06f0111 (not in allowlist / oversize)
nvkvm: DENY ctrl cmd 0xa06f0111 (not in allowlist / oversize)
nvkvm: DENY ctrl cmd 0xa06f0111 (not in allowlist / oversize)
nvkvm: DENY ctrl cmd 0xa06f0111 (not in allowlist / oversize)
nvkvm: DENY ctrl cmd 0xa06f0111 (not in allowlist / oversize)
nvkvm: DENY ctrl cmd 0xa06f0111 (not in allowlist / oversize)
nvkvm: DENY ctrl cmd 0xa06f0111 (not in allowlist / oversize)
nvkvm: DENY ctrl cmd 0xa06f0111 (not in allowlist / oversize)
nvkvm: DENY ctrl cmd 0xa06f0111 (not in allowlist / oversize)
nvkvm: DENY ctrl cmd 0xa06f0111 (not in allowlist / oversize)
nvkvm: DENY ctrl cmd 0xa06f0111 (not in allowlist / oversize)
nvkvm: DENY ctrl cmd 0xa06f0111 (not in allowlist / oversize)
nvkvm: DENY ctrl cmd 0xa06f0111 (not in allowlist / oversize)
nvkvm: DENY ctrl cmd 0xa06f0111 (not in allowlist / oversize)
nvkvm: DENY ctrl cmd 0xa06f0111 (not in allowlist / oversize)
nvkvm: DENY ctrl cmd 0xa06f0111 (not in allowlist / oversize)
nvkvm: DENY ctrl cmd 0xa06f0111 (not in allowlist / oversize)
nvkvm: DENY ctrl cmd 0xa06f0111 (not in allowlist / oversize)
nvkvm: DENY ctrl cmd 0xa06f0111 (not in allowlist / oversize)
nvkvm: DENY ctrl cmd 0xa06f0111 (not in allowlist / oversize)
nvkvm: DENY ctrl cmd 0xa06f0111 (not in allowlist / oversize)
nvkvm: DENY ctrl cmd 0xa06f0111 (not in allowlist / oversize)
nvkvm: DENY ctrl cmd 0xa06f0111 (not in allowlist / oversize)
nvkvm: DENY ctrl cmd 0xa06f0111 (not in allowlist / oversize)
nvkvm: DENY ctrl cmd 0xa06f0111 (not in allowlist / oversize)
nvkvm: DENY ctrl cmd 0xa06f0111 (not in allowlist / oversize)
nvkvm: DENY ctrl cmd 0xa06f0111 (not in allowlist / oversize)
nvkvm: DENY ctrl cmd 0xa06f0111 (not in allowlist / oversize)
nvkvm: DENY ctrl cmd 0xa06f0111 (not in allowlist / oversize)
nvkvm: DENY ctrl cmd 0xa06f0111 (not in allowlist / oversize)
nvkvm: DENY ctrl cmd 0xa06f0111 (not in allowlist / oversize)
nvkvm: DENY ctrl cmd 0xa06f0111 (not in allowlist / oversize)
nvkvm: DENY ctrl cmd 0xa06f0111 (not in allowlist / oversize)
nvkvm: DENY ctrl cmd 0xa06f0111 (not in allowlist / oversize)
nvkvm: DENY ctrl cmd 0xa06f0111 (not in allowlist / oversize)
nvkvm: DENY ctrl cmd 0xa06f0111 (not in allowlist / oversize)
nvkvm: DENY ctrl cmd 0xa06f0111 (not in allowlist / oversize)
nvkvm: DENY ctrl cmd 0xa06f0111 (not in allowlist / oversize)
nvkvm: DENY ctrl cmd 0xa06f0111 (not in allowlist / oversize)
nvkvm: DENY ctrl cmd 0xa06f0111 (not in allowlist / oversize)
nvkvm disp stats: 59.6 frames/s dropped=0 failed=0 present_mean=0.31ms (total consumed=371 dropped=0 failed=1)
nvkvm: DENY ctrl cmd 0xa06f0111 (not in allowlist / oversize)
nvkvm: DENY ctrl cmd 0xa06f0111 (not in allowlist / oversize)
nvkvm: DENY ctrl cmd 0xa06f0111 (not in allowlist / oversize)
nvkvm: DENY ctrl cmd 0xa06f0111 (not in allowlist / oversize)
nvkvm: DENY ctrl cmd 0xa06f0111 (not in allowlist / oversize)
nvkvm: DENY ctrl cmd 0xa06f0111 (not in allowlist / oversize)
nvkvm: DENY ctrl cmd 0xa06f0111 (not in allowlist / oversize)
nvkvm: DENY ctrl cmd 0xa06f0111 (not in allowlist / oversize)
nvkvm: DENY ctrl cmd 0xa06f0111 (not in allowlist / oversize)
nvkvm: DENY ctrl cmd 0xa06f0111 (not in allowlist / oversize)
nvkvm: DENY ctrl cmd 0xa06f0111 (not in allowlist / oversize)
nvkvm: DENY ctrl cmd 0xa06f0111 (not in allowlist / oversize)
nvkvm: DENY ctrl cmd 0xa06f0111 (not in allowlist / oversize)
nvkvm: DENY ctrl cmd 0xa06f0111 (not in allowlist / oversize)
nvkvm: DENY ctrl cmd 0xa06f0111 (not in allowlist / oversize)
nvkvm: DENY ctrl cmd 0xa06f0111 (not in allowlist / oversize)
nvkvm: DENY ctrl cmd 0xa06f0111 (not in allowlist / oversize)
nvkvm: DENY ctrl cmd 0xa06f0111 (not in allowlist / oversize)
nvkvm: DENY ctrl cmd 0xa06f0111 (not in allowlist / oversize)
nvkvm: DENY ctrl cmd 0xa06f0111 (not in allowlist / oversize)
nvkvm: DENY ctrl cmd 0xa06f0111 (not in allowlist / oversize)
nvkvm: DENY ctrl cmd 0xa06f0111 (not in allowlist / oversize)
nvkvm: DENY ctrl cmd 0xa06f0111 (not in allowlist / oversize)
nvkvm: DENY ctrl cmd 0xa06f0111 (not in allowlist / oversize)
nvkvm: DENY ctrl cmd 0xa06f0111 (not in allowlist / oversize)
nvkvm: DENY ctrl cmd 0xa06f0111 (not in allowlist / oversize)
nvkvm: DENY ctrl cmd 0xa06f0111 (not in allowlist / oversize)
nvkvm: DENY ctrl cmd 0xa06f0111 (not in allowlist / oversize)
nvkvm: DENY ctrl cmd 0xa06f0111 (not in allowlist / oversize)
nvkvm: DENY ctrl cmd 0xa06f0111 (not in allowlist / oversize)
nvkvm: DENY ctrl cmd 0xa06f0111 (not in allowlist / oversize)
nvkvm: DENY ctrl cmd 0xa06f0111 (not in allowlist / oversize)
nvkvm: DENY ctrl cmd 0xa06f0111 (not in allowlist / oversize)
nvkvm: DENY ctrl cmd 0xa06f0111 (not in allowlist / oversize)
nvkvm: DENY ctrl cmd 0xa06f0111 (not in allowlist / oversize)
nvkvm: DENY ctrl cmd 0xa06f0111 (not in allowlist / oversize)
nvkvm: DENY ctrl cmd 0xa06f0111 (not in allowlist / oversize)
nvkvm: DENY ctrl cmd 0xa06f0111 (not in allowlist / oversize)
nvkvm: DENY ctrl cmd 0xa06f0111 (not in allowlist / oversize)
nvkvm: DENY ctrl cmd 0xa06f0111 (not in allowlist / oversize)
nvkvm: DENY ctrl cmd 0xa06f0111 (not in allowlist / oversize)
nvkvm: DENY ctrl cmd 0xa06f0111 (not in allowlist / oversize)
nvkvm: DENY ctrl cmd 0xa06f0111 (not in allowlist / oversize)
nvkvm: DENY ctrl cmd 0xa06f0111 (not in allowlist / oversize)
nvkvm: DENY ctrl cmd 0xa06f0111 (not in allowlist / oversize)
nvkvm: DENY ctrl cmd 0xa06f0111 (not in allowlist / oversize)
nvkvm: DENY ctrl cmd 0xa06f0111 (not in allowlist / oversize)
nvkvm: DENY ctrl cmd 0xa06f0111 (not in allowlist / oversize)
nvkvm: DENY ctrl cmd 0xa06f0111 (not in allowlist / oversize)
nvkvm: DENY ctrl cmd 0xa06f0111 (not in allowlist / oversize)
nvkvm: DENY ctrl cmd 0xa06f0111 (not in allowlist / oversize)
nvkvm: DENY ctrl cmd 0xa06f0111 (not in allowlist / oversize)
nvkvm: DENY ctrl cmd 0xa06f0111 (not in allowlist / oversize)
nvkvm: DENY ctrl cmd 0xa06f0111 (not in allowlist / oversize)
nvkvm: DENY ctrl cmd 0xa06f0111 (not in allowlist / oversize)
nvkvm: DENY ctrl cmd 0xa06f0111 (not in allowlist / oversize)
nvkvm: DENY ctrl cmd 0xa06f0111 (not in allowlist / oversize)
nvkvm: DENY ctrl cmd 0xa06f0111 (not in allowlist / oversize)
nvkvm: DENY ctrl cmd 0xa06f0111 (not in allowlist / oversize)
nvkvm: DENY ctrl cmd 0xa06f0111 (not in allowlist / oversize)
nvkvm disp stats: 59.9 frames/s dropped=0 failed=0 present_mean=0.38ms (total consumed=431 dropped=0 failed=1)
nvkvm: DENY ctrl cmd 0xa06f0111 (not in allowlist / oversize)
nvkvm: DENY ctrl cmd 0xa06f0111 (not in allowlist / oversize)
nvkvm: DENY ctrl cmd 0xa06f0111 (not in allowlist / oversize)
nvkvm: DENY ctrl cmd 0xa06f0111 (not in allowlist / oversize)
nvkvm: DENY ctrl cmd 0xa06f0111 (not in allowlist / oversize)
nvkvm: DENY ctrl cmd 0xa06f0111 (not in allowlist / oversize)
nvkvm: DENY ctrl cmd 0xa06f0111 (not in allowlist / oversize)
nvkvm: DENY ctrl cmd 0xa06f0111 (not in allowlist / oversize)
nvkvm: DENY ctrl cmd 0xa06f0111 (not in allowlist / oversize)
nvkvm: DENY ctrl cmd 0xa06f0111 (not in allowlist / oversize)
nvkvm: DENY ctrl cmd 0xa06f0111 (not in allowlist / oversize)
nvkvm: DENY ctrl cmd 0xa06f0111 (not in allowlist / oversize)
nvkvm: DENY ctrl cmd 0xa06f0111 (not in allowlist / oversize)
nvkvm: DENY ctrl cmd 0xa06f0111 (not in allowlist / oversize)
nvkvm: DENY ctrl cmd 0xa06f0111 (not in allowlist / oversize)
nvkvm: DENY ctrl cmd 0xa06f0111 (not in allowlist / oversize)
nvkvm: DENY ctrl cmd 0xa06f0111 (not in allowlist / oversize)
nvkvm: DENY ctrl cmd 0xa06f0111 (not in allowlist / oversize)
nvkvm: DENY ctrl cmd 0xa06f0111 (not in allowlist / oversize)
nvkvm: DENY ctrl cmd 0xa06f0111 (not in allowlist / oversize)
nvkvm: DENY ctrl cmd 0xa06f0111 (not in allowlist / oversize)
nvkvm: DENY ctrl cmd 0xa06f0111 (not in allowlist / oversize)
nvkvm: DENY ctrl cmd 0xa06f0111 (not in allowlist / oversize)
nvkvm: DENY ctrl cmd 0xa06f0111 (not in allowlist / oversize)
nvkvm: DENY ctrl cmd 0xa06f0111 (not in allowlist / oversize)
nvkvm: DENY ctrl cmd 0xa06f0111 (not in allowlist / oversize)
nvkvm: DENY ctrl cmd 0xa06f0111 (not in allowlist / oversize)
nvkvm: DENY ctrl cmd 0xa06f0111 (not in allowlist / oversize)
nvkvm: DENY ctrl cmd 0xa06f0111 (not in allowlist / oversize)
nvkvm: DENY ctrl cmd 0xa06f0111 (not in allowlist / oversize)
nvkvm: DENY ctrl cmd 0xa06f0111 (not in allowlist / oversize)
nvkvm: DENY ctrl cmd 0xa06f0111 (not in allowlist / oversize)
nvkvm: DENY ctrl cmd 0xa06f0111 (not in allowlist / oversize)
nvkvm: DENY ctrl cmd 0xa06f0111 (not in allowlist / oversize)
nvkvm: DENY ctrl cmd 0xa06f0111 (not in allowlist / oversize)
nvkvm: DENY ctrl cmd 0xa06f0111 (not in allowlist / oversize)
nvkvm: DENY ctrl cmd 0xa06f0111 (not in allowlist / oversize)
nvkvm: DENY ctrl cmd 0xa06f0111 (not in allowlist / oversize)
nvkvm: DENY ctrl cmd 0xa06f0111 (not in allowlist / oversize)
nvkvm: DENY ctrl cmd 0xa06f0111 (not in allowlist / oversize)
nvkvm: DENY ctrl cmd 0xa06f0111 (not in allowlist / oversize)
nvkvm: DENY ctrl cmd 0xa06f0111 (not in allowlist / oversize)
nvkvm: DENY ctrl cmd 0xa06f0111 (not in allowlist / oversize)
nvkvm: DENY ctrl cmd 0xa06f0111 (not in allowlist / oversize)
nvkvm: DENY ctrl cmd 0xa06f0111 (not in allowlist / oversize)
nvkvm: DENY ctrl cmd 0xa06f0111 (not in allowlist / oversize)
nvkvm: DENY ctrl cmd 0xa06f0111 (not in allowlist / oversize)
nvkvm: DENY ctrl cmd 0xa06f0111 (not in allowlist / oversize)
nvkvm: DENY ctrl cmd 0xa06f0111 (not in allowlist / oversize)
nvkvm: DENY ctrl cmd 0xa06f0111 (not in allowlist / oversize)
nvkvm: DENY ctrl cmd 0xa06f0111 (not in allowlist / oversize)
nvkvm: DENY ctrl cmd 0xa06f0111 (not in allowlist / oversize)
nvkvm: DENY ctrl cmd 0xa06f0111 (not in allowlist / oversize)
nvkvm: DENY ctrl cmd 0xa06f0111 (not in allowlist / oversize)
nvkvm: DENY ctrl cmd 0xa06f0111 (not in allowlist / oversize)
nvkvm: DENY ctrl cmd 0xa06f0111 (not in allowlist / oversize)
nvkvm: DENY ctrl cmd 0xa06f0111 (not in allowlist / oversize)
nvkvm: DENY ctrl cmd 0xa06f0111 (not in allowlist / oversize)
nvkvm disp stats: 57.5 frames/s dropped=0 failed=0 present_mean=0.54ms (total consumed=489 dropped=0 failed=1)
nvkvm: DENY ctrl cmd 0xa06f0111 (not in allowlist / oversize)
nvkvm: DENY ctrl cmd 0xa06f0111 (not in allowlist / oversize)
nvkvm: DENY ctrl cmd 0xa06f0111 (not in allowlist / oversize)
nvkvm: DENY ctrl cmd 0xa06f0111 (not in allowlist / oversize)
nvkvm: DENY ctrl cmd 0xa06f0111 (not in allowlist / oversize)
nvkvm: DENY ctrl cmd 0xa06f0111 (not in allowlist / oversize)
nvkvm: DENY ctrl cmd 0xa06f0111 (not in allowlist / oversize)
nvkvm: DENY ctrl cmd 0xa06f0111 (not in allowlist / oversize)
nvkvm: DENY ctrl cmd 0xa06f0111 (not in allowlist / oversize)
nvkvm: DENY ctrl cmd 0xa06f0111 (not in allowlist / oversize)
nvkvm: DENY ctrl cmd 0xa06f0111 (not in allowlist / oversize)
nvkvm: DENY ctrl cmd 0xa06f0111 (not in allowlist / oversize)
nvkvm: DENY ctrl cmd 0xa06f0111 (not in allowlist / oversize)
nvkvm: DENY ctrl cmd 0xa06f0111 (not in allowlist / oversize)
nvkvm: DENY ctrl cmd 0xa06f0111 (not in allowlist / oversize)
nvkvm: DENY ctrl cmd 0xa06f0111 (not in allowlist / oversize)
nvkvm: DENY ctrl cmd 0xa06f0111 (not in allowlist / oversize)
nvkvm: DENY ctrl cmd 0xa06f0111 (not in allowlist / oversize)
nvkvm: DENY ctrl cmd 0xa06f0111 (not in allowlist / oversize)
nvkvm: DENY ctrl cmd 0xa06f0111 (not in allowlist / oversize)
nvkvm: DENY ctrl cmd 0xa06f0111 (not in allowlist / oversize)
nvkvm: DENY ctrl cmd 0xa06f0111 (not in allowlist / oversize)
nvkvm: DENY ctrl cmd 0xa06f0111 (not in allowlist / oversize)
nvkvm: DENY ctrl cmd 0xa06f0111 (not in allowlist / oversize)
nvkvm: DENY ctrl cmd 0xa06f0111 (not in allowlist / oversize)
nvkvm: DENY ctrl cmd 0xa06f0111 (not in allowlist / oversize)
nvkvm: DENY ctrl cmd 0xa06f0111 (not in allowlist / oversize)
nvkvm: DENY ctrl cmd 0xa06f0111 (not in allowlist / oversize)
nvkvm: DENY ctrl cmd 0xa06f0111 (not in allowlist / oversize)
nvkvm: DENY ctrl cmd 0xa06f0111 (not in allowlist / oversize)
nvkvm: DENY ctrl cmd 0xa06f0111 (not in allowlist / oversize)
nvkvm: DENY ctrl cmd 0xa06f0111 (not in allowlist / oversize)
nvkvm: DENY ctrl cmd 0xa06f0111 (not in allowlist / oversize)
nvkvm: DENY ctrl cmd 0xa06f0111 (not in allowlist / oversize)
nvkvm: DENY ctrl cmd 0xa06f0111 (not in allowlist / oversize)
nvkvm: DENY ctrl cmd 0xa06f0111 (not in allowlist / oversize)
nvkvm: DENY ctrl cmd 0xa06f0111 (not in allowlist / oversize)
nvkvm: DENY ctrl cmd 0xa06f0111 (not in allowlist / oversize)
nvkvm: DENY ctrl cmd 0xa06f0111 (not in allowlist / oversize)
nvkvm: DENY ctrl cmd 0xa06f0111 (not in allowlist / oversize)
nvkvm: DENY ctrl cmd 0xa06f0111 (not in allowlist / oversize)
nvkvm: DENY ctrl cmd 0xa06f0111 (not in allowlist / oversize)
nvkvm: DENY ctrl cmd 0xa06f0111 (not in allowlist / oversize)
nvkvm: DENY ctrl cmd 0xa06f0111 (not in allowlist / oversize)
nvkvm: DENY ctrl cmd 0xa06f0111 (not in allowlist / oversize)
nvkvm: DENY ctrl cmd 0xa06f0111 (not in allowlist / oversize)
nvkvm: DENY ctrl cmd 0xa06f0111 (not in allowlist / oversize)
nvkvm: DENY ctrl cmd 0xa06f0111 (not in allowlist / oversize)
nvkvm: DENY ctrl cmd 0xa06f0111 (not in allowlist / oversize)
nvkvm: DENY ctrl cmd 0xa06f0111 (not in allowlist / oversize)
nvkvm: DENY ctrl cmd 0xa06f0111 (not in allowlist / oversize)
nvkvm: DENY ctrl cmd 0xa06f0111 (not in allowlist / oversize)
nvkvm: DENY ctrl cmd 0xa06f0111 (not in allowlist / oversize)
nvkvm: DENY ctrl cmd 0xa06f0111 (not in allowlist / oversize)
nvkvm: DENY ctrl cmd 0xa06f0111 (not in allowlist / oversize)
nvkvm: DENY ctrl cmd 0xa06f0111 (not in allowlist / oversize)
nvkvm: DENY ctrl cmd 0xa06f0111 (not in allowlist / oversize)
nvkvm: DENY ctrl cmd 0xa06f0111 (not in allowlist / oversize)
nvkvm: DENY ctrl cmd 0xa06f0111 (not in allowlist / oversize)
nvkvm disp stats: 58.6 frames/s dropped=0 failed=0 present_mean=0.69ms (total consumed=548 dropped=0 failed=1)
nvkvm: DENY ctrl cmd 0xa06f0111 (not in allowlist / oversize)
nvkvm: DENY ctrl cmd 0xa06f0111 (not in allowlist / oversize)
nvkvm: DENY ctrl cmd 0xa06f0111 (not in allowlist / oversize)
nvkvm: DENY ctrl cmd 0xa06f0111 (not in allowlist / oversize)
nvkvm: DENY ctrl cmd 0xa06f0111 (not in allowlist / oversize)
nvkvm: DENY ctrl cmd 0xa06f0111 (not in allowlist / oversize)
nvkvm: DENY ctrl cmd 0xa06f0111 (not in allowlist / oversize)
nvkvm: DENY ctrl cmd 0xa06f0111 (not in allowlist / oversize)
nvkvm: DENY ctrl cmd 0xa06f0111 (not in allowlist / oversize)
nvkvm: DENY ctrl cmd 0xa06f0111 (not in allowlist / oversize)
nvkvm: DENY ctrl cmd 0xa06f0111 (not in allowlist / oversize)
nvkvm: DENY ctrl cmd 0xa06f0111 (not in allowlist / oversize)
nvkvm: DENY ctrl cmd 0xa06f0111 (not in allowlist / oversize)
nvkvm: DENY ctrl cmd 0xa06f0111 (not in allowlist / oversize)
nvkvm: DENY ctrl cmd 0xa06f0111 (not in allowlist / oversize)
nvkvm: DENY ctrl cmd 0xa06f0111 (not in allowlist / oversize)
nvkvm: DENY ctrl cmd 0xa06f0111 (not in allowlist / oversize)
nvkvm: DENY ctrl cmd 0xa06f0111 (not in allowlist / oversize)
nvkvm: DENY ctrl cmd 0xa06f0111 (not in allowlist / oversize)
nvkvm: DENY ctrl cmd 0xa06f0111 (not in allowlist / oversize)
nvkvm: DENY ctrl cmd 0xa06f0111 (not in allowlist / oversize)
nvkvm: DENY ctrl cmd 0xa06f0111 (not in allowlist / oversize)
nvkvm: DENY ctrl cmd 0xa06f0111 (not in allowlist / oversize)
nvkvm: DENY ctrl cmd 0xa06f0111 (not in allowlist / oversize)
nvkvm: DENY ctrl cmd 0xa06f0111 (not in allowlist / oversize)
nvkvm: DENY ctrl cmd 0xa06f0111 (not in allowlist / oversize)
nvkvm: DENY ctrl cmd 0xa06f0111 (not in allowlist / oversize)
nvkvm: DENY ctrl cmd 0xa06f0111 (not in allowlist / oversize)
nvkvm: DENY ctrl cmd 0xa06f0111 (not in allowlist / oversize)
nvkvm: DENY ctrl cmd 0xa06f0111 (not in allowlist / oversize)
nvkvm: DENY ctrl cmd 0xa06f0111 (not in allowlist / oversize)
nvkvm: DENY ctrl cmd 0xa06f0111 (not in allowlist / oversize)
nvkvm: DENY ctrl cmd 0xa06f0111 (not in allowlist / oversize)
nvkvm: DENY ctrl cmd 0xa06f0111 (not in allowlist / oversize)
nvkvm: DENY ctrl cmd 0xa06f0111 (not in allowlist / oversize)
nvkvm: DENY ctrl cmd 0xa06f0111 (not in allowlist / oversize)
nvkvm: DENY ctrl cmd 0xa06f0111 (not in allowlist / oversize)
nvkvm: DENY ctrl cmd 0xa06f0111 (not in allowlist / oversize)
nvkvm: DENY ctrl cmd 0xa06f0111 (not in allowlist / oversize)
nvkvm: DENY ctrl cmd 0xa06f0111 (not in allowlist / oversize)
nvkvm: DENY ctrl cmd 0xa06f0111 (not in allowlist / oversize)
nvkvm: DENY ctrl cmd 0xa06f0111 (not in allowlist / oversize)
nvkvm: DENY ctrl cmd 0xa06f0111 (not in allowlist / oversize)
nvkvm: DENY ctrl cmd 0xa06f0111 (not in allowlist / oversize)
nvkvm: DENY ctrl cmd 0xa06f0111 (not in allowlist / oversize)
nvkvm: DENY ctrl cmd 0xa06f0111 (not in allowlist / oversize)
nvkvm: DENY ctrl cmd 0xa06f0111 (not in allowlist / oversize)
nvkvm: DENY ctrl cmd 0xa06f0111 (not in allowlist / oversize)
nvkvm: DENY ctrl cmd 0xa06f0111 (not in allowlist / oversize)
nvkvm: DENY ctrl cmd 0xa06f0111 (not in allowlist / oversize)
nvkvm: DENY ctrl cmd 0xa06f0111 (not in allowlist / oversize)
nvkvm: DENY ctrl cmd 0xa06f0111 (not in allowlist / oversize)
nvkvm: DENY ctrl cmd 0xa06f0111 (not in allowlist / oversize)
nvkvm: DENY ctrl cmd 0xa06f0111 (not in allowlist / oversize)
nvkvm: DENY ctrl cmd 0xa06f0111 (not in allowlist / oversize)
nvkvm disp stats: 50.7 frames/s dropped=0 failed=0 present_mean=0.60ms (total consumed=599 dropped=0 failed=1)
nvkvm: DENY ctrl cmd 0xa06f0111 (not in allowlist / oversize)
nvkvm: DENY ctrl cmd 0xa06f0111 (not in allowlist / oversize)
nvkvm: DENY ctrl cmd 0xa06f0111 (not in allowlist / oversize)
nvkvm: DENY ctrl cmd 0xa06f0111 (not in allowlist / oversize)
nvkvm: DENY ctrl cmd 0xa06f0111 (not in allowlist / oversize)
nvkvm: DENY ctrl cmd 0xa06f0111 (not in allowlist / oversize)
nvkvm: DENY ctrl cmd 0xa06f0111 (not in allowlist / oversize)
nvkvm: DENY ctrl cmd 0xa06f0111 (not in allowlist / oversize)
nvkvm: DENY ctrl cmd 0xa06f0111 (not in allowlist / oversize)
nvkvm: DENY ctrl cmd 0xa06f0111 (not in allowlist / oversize)
nvkvm: DENY ctrl cmd 0xa06f0111 (not in allowlist / oversize)
nvkvm: DENY ctrl cmd 0xa06f0111 (not in allowlist / oversize)
nvkvm: DENY ctrl cmd 0xa06f0111 (not in allowlist / oversize)
nvkvm: DENY ctrl cmd 0xa06f0111 (not in allowlist / oversize)
nvkvm: DENY ctrl cmd 0xa06f0111 (not in allowlist / oversize)
nvkvm: DENY ctrl cmd 0xa06f0111 (not in allowlist / oversize)
nvkvm: DENY ctrl cmd 0xa06f0111 (not in allowlist / oversize)
nvkvm: DENY ctrl cmd 0xa06f0111 (not in allowlist / oversize)
nvkvm: DENY ctrl cmd 0xa06f0111 (not in allowlist / oversize)
nvkvm: DENY ctrl cmd 0xa06f0111 (not in allowlist / oversize)
nvkvm: DENY ctrl cmd 0xa06f0111 (not in allowlist / oversize)
nvkvm: DENY ctrl cmd 0xa06f0111 (not in allowlist / oversize)
nvkvm: DENY ctrl cmd 0xa06f0111 (not in allowlist / oversize)
nvkvm: DENY ctrl cmd 0xa06f0111 (not in allowlist / oversize)
nvkvm: DENY ctrl cmd 0xa06f0111 (not in allowlist / oversize)
nvkvm: DENY ctrl cmd 0xa06f0111 (not in allowlist / oversize)
nvkvm: DENY ctrl cmd 0xa06f0111 (not in allowlist / oversize)
nvkvm: DENY ctrl cmd 0xa06f0111 (not in allowlist / oversize)
nvkvm: DENY ctrl cmd 0xa06f0111 (not in allowlist / oversize)
nvkvm: DENY ctrl cmd 0xa06f0111 (not in allowlist / oversize)
nvkvm: DENY ctrl cmd 0xa06f0111 (not in allowlist / oversize)
nvkvm: DENY ctrl cmd 0xa06f0111 (not in allowlist / oversize)
nvkvm: DENY ctrl cmd 0xa06f0111 (not in allowlist / oversize)
nvkvm: DENY ctrl cmd 0xa06f0111 (not in allowlist / oversize)
nvkvm: DENY ctrl cmd 0xa06f0111 (not in allowlist / oversize)
nvkvm: DENY ctrl cmd 0xa06f0111 (not in allowlist / oversize)
nvkvm: DENY ctrl cmd 0xa06f0111 (not in allowlist / oversize)
nvkvm: DENY ctrl cmd 0xa06f0111 (not in allowlist / oversize)
nvkvm: DENY ctrl cmd 0xa06f0111 (not in allowlist / oversize)
nvkvm: DENY ctrl cmd 0xa06f0111 (not in allowlist / oversize)
nvkvm: DENY ctrl cmd 0xa06f0111 (not in allowlist / oversize)
nvkvm: DENY ctrl cmd 0xa06f0111 (not in allowlist / oversize)
nvkvm: DENY ctrl cmd 0xa06f0111 (not in allowlist / oversize)
nvkvm: DENY ctrl cmd 0xa06f0111 (not in allowlist / oversize)
nvkvm: DENY ctrl cmd 0xa06f0111 (not in allowlist / oversize)
nvkvm: DENY ctrl cmd 0xa06f0111 (not in allowlist / oversize)
nvkvm: DENY ctrl cmd 0xa06f0111 (not in allowlist / oversize)
nvkvm: DENY ctrl cmd 0xa06f0111 (not in allowlist / oversize)
nvkvm: DENY ctrl cmd 0xa06f0111 (not in allowlist / oversize)
nvkvm: DENY ctrl cmd 0xa06f0111 (not in allowlist / oversize)
nvkvm: DENY ctrl cmd 0xa06f0111 (not in allowlist / oversize)
nvkvm: DENY ctrl cmd 0xa06f0111 (not in allowlist / oversize)
nvkvm: DENY ctrl cmd 0xa06f0111 (not in allowlist / oversize)
nvkvm: DENY ctrl cmd 0xa06f0111 (not in allowlist / oversize)
nvkvm: DENY ctrl cmd 0xa06f0111 (not in allowlist / oversize)
nvkvm: DENY ctrl cmd 0xa06f0111 (not in allowlist / oversize)
nvkvm: DENY ctrl cmd 0xa06f0111 (not in allowlist / oversize)
nvkvm: DENY ctrl cmd 0xa06f0111 (not in allowlist / oversize)
nvkvm: DENY ctrl cmd 0xa06f0111 (not in allowlist / oversize)
nvkvm: DENY ctrl cmd 0xa06f0111 (not in allowlist / oversize)
nvkvm disp stats: 59.3 frames/s dropped=0 failed=0 present_mean=0.69ms (total consumed=659 dropped=0 failed=1)
nvkvm: DENY ctrl cmd 0xa06f0111 (not in allowlist / oversize)
nvkvm: DENY ctrl cmd 0xa06f0111 (not in allowlist / oversize)
nvkvm: DENY ctrl cmd 0xa06f0111 (not in allowlist / oversize)
nvkvm: DENY ctrl cmd 0xa06f0111 (not in allowlist / oversize)
nvkvm: DENY ctrl cmd 0xa06f0111 (not in allowlist / oversize)
nvkvm: DENY ctrl cmd 0xa06f0111 (not in allowlist / oversize)
nvkvm: DENY ctrl cmd 0xa06f0111 (not in allowlist / oversize)
nvkvm: DENY ctrl cmd 0xa06f0111 (not in allowlist / oversize)
nvkvm: DENY ctrl cmd 0xa06f0111 (not in allowlist / oversize)
nvkvm: DENY ctrl cmd 0xa06f0111 (not in allowlist / oversize)
nvkvm: DENY ctrl cmd 0xa06f0111 (not in allowlist / oversize)
nvkvm: DENY ctrl cmd 0xa06f0111 (not in allowlist / oversize)
nvkvm: DENY ctrl cmd 0xa06f0111 (not in allowlist / oversize)
nvkvm: DENY ctrl cmd 0xa06f0111 (not in allowlist / oversize)
nvkvm: DENY ctrl cmd 0xa06f0111 (not in allowlist / oversize)
nvkvm: DENY ctrl cmd 0xa06f0111 (not in allowlist / oversize)
nvkvm: DENY ctrl cmd 0xa06f0111 (not in allowlist / oversize)
nvkvm: DENY ctrl cmd 0xa06f0111 (not in allowlist / oversize)
nvkvm: DENY ctrl cmd 0xa06f0111 (not in allowlist / oversize)
nvkvm: DENY ctrl cmd 0xa06f0111 (not in allowlist / oversize)
nvkvm: DENY ctrl cmd 0xa06f0111 (not in allowlist / oversize)
nvkvm: DENY ctrl cmd 0xa06f0111 (not in allowlist / oversize)
nvkvm: DENY ctrl cmd 0xa06f0111 (not in allowlist / oversize)
nvkvm: DENY ctrl cmd 0xa06f0111 (not in allowlist / oversize)
nvkvm: DENY ctrl cmd 0xa06f0111 (not in allowlist / oversize)
nvkvm: DENY ctrl cmd 0xa06f0111 (not in allowlist / oversize)
nvkvm: DENY ctrl cmd 0xa06f0111 (not in allowlist / oversize)
nvkvm: DENY ctrl cmd 0xa06f0111 (not in allowlist / oversize)
nvkvm: DENY ctrl cmd 0xa06f0111 (not in allowlist / oversize)
nvkvm: DENY ctrl cmd 0xa06f0111 (not in allowlist / oversize)
nvkvm: DENY ctrl cmd 0xa06f0111 (not in allowlist / oversize)
nvkvm: DENY ctrl cmd 0xa06f0111 (not in allowlist / oversize)
nvkvm: DENY ctrl cmd 0xa06f0111 (not in allowlist / oversize)
nvkvm: DENY ctrl cmd 0xa06f0111 (not in allowlist / oversize)
nvkvm: DENY ctrl cmd 0xa06f0111 (not in allowlist / oversize)
nvkvm: DENY ctrl cmd 0xa06f0111 (not in allowlist / oversize)
nvkvm: DENY ctrl cmd 0xa06f0111 (not in allowlist / oversize)
nvkvm: DENY ctrl cmd 0xa06f0111 (not in allowlist / oversize)
nvkvm: DENY ctrl cmd 0xa06f0111 (not in allowlist / oversize)
nvkvm: DENY ctrl cmd 0xa06f0111 (not in allowlist / oversize)
nvkvm: DENY ctrl cmd 0xa06f0111 (not in allowlist / oversize)
nvkvm: DENY ctrl cmd 0xa06f0111 (not in allowlist / oversize)
nvkvm: DENY ctrl cmd 0xa06f0111 (not in allowlist / oversize)
nvkvm: DENY ctrl cmd 0xa06f0111 (not in allowlist / oversize)
nvkvm: DENY ctrl cmd 0xa06f0111 (not in allowlist / oversize)
nvkvm: DENY ctrl cmd 0xa06f0111 (not in allowlist / oversize)
nvkvm: DENY ctrl cmd 0xa06f0111 (not in allowlist / oversize)
nvkvm: DENY ctrl cmd 0xa06f0111 (not in allowlist / oversize)
nvkvm: DENY ctrl cmd 0xa06f0111 (not in allowlist / oversize)
nvkvm: DENY ctrl cmd 0xa06f0111 (not in allowlist / oversize)
nvkvm: DENY ctrl cmd 0xa06f0111 (not in allowlist / oversize)
nvkvm: DENY ctrl cmd 0xa06f0111 (not in allowlist / oversize)
nvkvm: DENY ctrl cmd 0xa06f0111 (not in allowlist / oversize)
nvkvm: DENY ctrl cmd 0xa06f0111 (not in allowlist / oversize)
nvkvm: DENY ctrl cmd 0xa06f0111 (not in allowlist / oversize)
nvkvm: DENY ctrl cmd 0xa06f0111 (not in allowlist / oversize)
nvkvm: DENY ctrl cmd 0xa06f0111 (not in allowlist / oversize)
nvkvm: DENY ctrl cmd 0xa06f0111 (not in allowlist / oversize)
nvkvm: DENY ctrl cmd 0xa06f0111 (not in allowlist / oversize)
nvkvm: DENY ctrl cmd 0xa06f0111 (not in allowlist / oversize)
nvkvm disp stats: 59.9 frames/s dropped=0 failed=0 present_mean=0.63ms (total consumed=719 dropped=0 failed=1)
nvkvm: DENY ctrl cmd 0xa06f0111 (not in allowlist / oversize)
nvkvm: DENY ctrl cmd 0xa06f0111 (not in allowlist / oversize)
nvkvm: DENY ctrl cmd 0xa06f0111 (not in allowlist / oversize)
nvkvm: DENY ctrl cmd 0xa06f0111 (not in allowlist / oversize)
nvkvm: DENY ctrl cmd 0xa06f0111 (not in allowlist / oversize)
nvkvm: DENY ctrl cmd 0xa06f0111 (not in allowlist / oversize)
nvkvm: DENY ctrl cmd 0xa06f0111 (not in allowlist / oversize)
nvkvm: DENY ctrl cmd 0xa06f0111 (not in allowlist / oversize)
nvkvm: DENY ctrl cmd 0xa06f0111 (not in allowlist / oversize)
nvkvm: DENY ctrl cmd 0xa06f0111 (not in allowlist / oversize)
nvkvm: DENY ctrl cmd 0xa06f0111 (not in allowlist / oversize)
nvkvm: DENY ctrl cmd 0xa06f0111 (not in allowlist / oversize)
nvkvm: DENY ctrl cmd 0xa06f0111 (not in allowlist / oversize)
nvkvm: DENY ctrl cmd 0xa06f0111 (not in allowlist / oversize)
nvkvm: DENY ctrl cmd 0xa06f0111 (not in allowlist / oversize)
nvkvm: DENY ctrl cmd 0xa06f0111 (not in allowlist / oversize)
nvkvm: DENY ctrl cmd 0xa06f0111 (not in allowlist / oversize)
nvkvm: DENY ctrl cmd 0xa06f0111 (not in allowlist / oversize)
nvkvm: DENY ctrl cmd 0xa06f0111 (not in allowlist / oversize)
nvkvm: DENY ctrl cmd 0xa06f0111 (not in allowlist / oversize)
nvkvm: DENY ctrl cmd 0xa06f0111 (not in allowlist / oversize)
nvkvm: DENY ctrl cmd 0xa06f0111 (not in allowlist / oversize)
nvkvm: DENY ctrl cmd 0xa06f0111 (not in allowlist / oversize)
nvkvm: DENY ctrl cmd 0xa06f0111 (not in allowlist / oversize)
nvkvm: DENY ctrl cmd 0xa06f0111 (not in allowlist / oversize)
nvkvm: DENY ctrl cmd 0xa06f0111 (not in allowlist / oversize)
nvkvm: DENY ctrl cmd 0xa06f0111 (not in allowlist / oversize)
nvkvm: DENY ctrl cmd 0xa06f0111 (not in allowlist / oversize)
nvkvm: DENY ctrl cmd 0xa06f0111 (not in allowlist / oversize)
nvkvm: DENY ctrl cmd 0xa06f0111 (not in allowlist / oversize)
nvkvm: DENY ctrl cmd 0xa06f0111 (not in allowlist / oversize)
nvkvm: DENY ctrl cmd 0xa06f0111 (not in allowlist / oversize)
nvkvm: DENY ctrl cmd 0xa06f0111 (not in allowlist / oversize)
nvkvm: DENY ctrl cmd 0xa06f0111 (not in allowlist / oversize)
nvkvm: DENY ctrl cmd 0xa06f0111 (not in allowlist / oversize)
nvkvm: DENY ctrl cmd 0xa06f0111 (not in allowlist / oversize)
nvkvm: DENY ctrl cmd 0xa06f0111 (not in allowlist / oversize)
nvkvm: DENY ctrl cmd 0xa06f0111 (not in allowlist / oversize)
nvkvm: DENY ctrl cmd 0xa06f0111 (not in allowlist / oversize)
nvkvm: DENY ctrl cmd 0xa06f0111 (not in allowlist / oversize)
nvkvm: DENY ctrl cmd 0xa06f0111 (not in allowlist / oversize)
nvkvm: DENY ctrl cmd 0xa06f0111 (not in allowlist / oversize)
nvkvm: DENY ctrl cmd 0xa06f0111 (not in allowlist / oversize)
nvkvm: DENY ctrl cmd 0xa06f0111 (not in allowlist / oversize)
nvkvm: DENY ctrl cmd 0xa06f0111 (not in allowlist / oversize)
nvkvm: DENY ctrl cmd 0xa06f0111 (not in allowlist / oversize)
nvkvm: DENY ctrl cmd 0xa06f0111 (not in allowlist / oversize)
nvkvm: DENY ctrl cmd 0xa06f0111 (not in allowlist / oversize)
nvkvm: DENY ctrl cmd 0xa06f0111 (not in allowlist / oversize)
nvkvm: DENY ctrl cmd 0xa06f0111 (not in allowlist / oversize)
nvkvm: DENY ctrl cmd 0xa06f0111 (not in allowlist / oversize)
nvkvm: DENY ctrl cmd 0xa06f0111 (not in allowlist / oversize)
nvkvm: DENY ctrl cmd 0xa06f0111 (not in allowlist / oversize)
nvkvm: DENY ctrl cmd 0xa06f0111 (not in allowlist / oversize)
nvkvm: DENY ctrl cmd 0xa06f0111 (not in allowlist / oversize)
nvkvm: DENY ctrl cmd 0xa06f0111 (not in allowlist / oversize)
nvkvm disp stats: 55.2 frames/s dropped=0 failed=0 present_mean=0.51ms (total consumed=775 dropped=0 failed=1)
nvkvm: DENY ctrl cmd 0xa06f0111 (not in allowlist / oversize)
nvkvm: DENY ctrl cmd 0xa06f0111 (not in allowlist / oversize)
nvkvm: DENY ctrl cmd 0xa06f0111 (not in allowlist / oversize)
nvkvm: DENY ctrl cmd 0xa06f0111 (not in allowlist / oversize)
nvkvm: DENY ctrl cmd 0xa06f0111 (not in allowlist / oversize)
nvkvm: DENY ctrl cmd 0xa06f0111 (not in allowlist / oversize)
nvkvm: DENY ctrl cmd 0xa06f0111 (not in allowlist / oversize)
nvkvm: DENY ctrl cmd 0xa06f0111 (not in allowlist / oversize)
nvkvm: DENY ctrl cmd 0xa06f0111 (not in allowlist / oversize)
nvkvm: DENY ctrl cmd 0xa06f0111 (not in allowlist / oversize)
nvkvm: DENY ctrl cmd 0xa06f0111 (not in allowlist / oversize)
nvkvm: DENY ctrl cmd 0xa06f0111 (not in allowlist / oversize)
nvkvm: DENY ctrl cmd 0xa06f0111 (not in allowlist / oversize)
nvkvm: DENY ctrl cmd 0xa06f0111 (not in allowlist / oversize)
nvkvm: DENY ctrl cmd 0xa06f0111 (not in allowlist / oversize)
nvkvm: DENY ctrl cmd 0xa06f0111 (not in allowlist / oversize)
nvkvm: DENY ctrl cmd 0xa06f0111 (not in allowlist / oversize)
nvkvm: DENY ctrl cmd 0xa06f0111 (not in allowlist / oversize)
nvkvm: DENY ctrl cmd 0xa06f0111 (not in allowlist / oversize)
nvkvm: DENY ctrl cmd 0xa06f0111 (not in allowlist / oversize)
nvkvm: DENY ctrl cmd 0xa06f0111 (not in allowlist / oversize)
nvkvm: DENY ctrl cmd 0xa06f0111 (not in allowlist / oversize)
nvkvm: DENY ctrl cmd 0xa06f0111 (not in allowlist / oversize)
nvkvm: DENY ctrl cmd 0xa06f0111 (not in allowlist / oversize)
nvkvm: DENY ctrl cmd 0xa06f0111 (not in allowlist / oversize)
nvkvm: DENY ctrl cmd 0xa06f0111 (not in allowlist / oversize)
nvkvm: DENY ctrl cmd 0xa06f0111 (not in allowlist / oversize)
nvkvm: DENY ctrl cmd 0xa06f0111 (not in allowlist / oversize)
nvkvm: DENY ctrl cmd 0xa06f0111 (not in allowlist / oversize)
nvkvm: DENY ctrl cmd 0xa06f0111 (not in allowlist / oversize)
nvkvm: DENY ctrl cmd 0xa06f0111 (not in allowlist / oversize)
nvkvm: DENY ctrl cmd 0xa06f0111 (not in allowlist / oversize)
nvkvm: DENY ctrl cmd 0xa06f0111 (not in allowlist / oversize)
nvkvm: DENY ctrl cmd 0xa06f0111 (not in allowlist / oversize)
nvkvm: DENY ctrl cmd 0xa06f0111 (not in allowlist / oversize)
nvkvm: DENY ctrl cmd 0xa06f0111 (not in allowlist / oversize)
nvkvm: DENY ctrl cmd 0xa06f0111 (not in allowlist / oversize)
nvkvm: DENY ctrl cmd 0xa06f0111 (not in allowlist / oversize)
nvkvm: DENY ctrl cmd 0xa06f0111 (not in allowlist / oversize)
nvkvm: DENY ctrl cmd 0xa06f0111 (not in allowlist / oversize)
nvkvm: DENY ctrl cmd 0xa06f0111 (not in allowlist / oversize)
nvkvm: DENY ctrl cmd 0xa06f0111 (not in allowlist / oversize)
nvkvm: DENY ctrl cmd 0xa06f0111 (not in allowlist / oversize)
nvkvm: DENY ctrl cmd 0xa06f0111 (not in allowlist / oversize)
nvkvm: DENY ctrl cmd 0xa06f0111 (not in allowlist / oversize)
nvkvm: DENY ctrl cmd 0xa06f0111 (not in allowlist / oversize)
nvkvm: DENY ctrl cmd 0xa06f0111 (not in allowlist / oversize)
nvkvm: DENY ctrl cmd 0xa06f0111 (not in allowlist / oversize)
nvkvm: DENY ctrl cmd 0xa06f0111 (not in allowlist / oversize)
nvkvm: DENY ctrl cmd 0xa06f0111 (not in allowlist / oversize)
nvkvm: DENY ctrl cmd 0xa06f0111 (not in allowlist / oversize)
nvkvm: DENY ctrl cmd 0xa06f0111 (not in allowlist / oversize)
nvkvm: DENY ctrl cmd 0xa06f0111 (not in allowlist / oversize)
nvkvm: DENY ctrl cmd 0xa06f0111 (not in allowlist / oversize)
nvkvm: DENY ctrl cmd 0xa06f0111 (not in allowlist / oversize)
nvkvm: DENY ctrl cmd 0xa06f0111 (not in allowlist / oversize)
nvkvm: DENY ctrl cmd 0xa06f0111 (not in allowlist / oversize)
nvkvm: DENY ctrl cmd 0xa06f0111 (not in allowlist / oversize)
nvkvm: DENY ctrl cmd 0xa06f0111 (not in allowlist / oversize)
nvkvm: DENY ctrl cmd 0xa06f0111 (not in allowlist / oversize)
nvkvm disp stats: 59.8 frames/s dropped=0 failed=0 present_mean=0.60ms (total consumed=835 dropped=0 failed=1)
nvkvm: DENY ctrl cmd 0xa06f0111 (not in allowlist / oversize)
nvkvm: DENY ctrl cmd 0xa06f0111 (not in allowlist / oversize)
nvkvm: DENY ctrl cmd 0xa06f0111 (not in allowlist / oversize)
nvkvm: DENY ctrl cmd 0xa06f0111 (not in allowlist / oversize)
nvkvm: DENY ctrl cmd 0xa06f0111 (not in allowlist / oversize)
nvkvm: DENY ctrl cmd 0xa06f0111 (not in allowlist / oversize)
nvkvm: DENY ctrl cmd 0xa06f0111 (not in allowlist / oversize)
nvkvm: DENY ctrl cmd 0xa06f0111 (not in allowlist / oversize)
nvkvm: DENY ctrl cmd 0xa06f0111 (not in allowlist / oversize)
nvkvm: DENY ctrl cmd 0xa06f0111 (not in allowlist / oversize)
nvkvm: DENY ctrl cmd 0xa06f0111 (not in allowlist / oversize)
nvkvm: DENY ctrl cmd 0xa06f0111 (not in allowlist / oversize)
nvkvm: DENY ctrl cmd 0xa06f0111 (not in allowlist / oversize)
nvkvm: DENY ctrl cmd 0xa06f0111 (not in allowlist / oversize)
nvkvm: DENY ctrl cmd 0xa06f0111 (not in allowlist / oversize)
nvkvm: DENY ctrl cmd 0xa06f0111 (not in allowlist / oversize)
nvkvm: DENY ctrl cmd 0xa06f0111 (not in allowlist / oversize)
nvkvm: DENY ctrl cmd 0xa06f0111 (not in allowlist / oversize)
nvkvm: DENY ctrl cmd 0xa06f0111 (not in allowlist / oversize)
nvkvm: DENY ctrl cmd 0xa06f0111 (not in allowlist / oversize)
nvkvm: DENY ctrl cmd 0xa06f0111 (not in allowlist / oversize)
nvkvm: DENY ctrl cmd 0xa06f0111 (not in allowlist / oversize)
nvkvm: DENY ctrl cmd 0xa06f0111 (not in allowlist / oversize)
nvkvm: DENY ctrl cmd 0xa06f0111 (not in allowlist / oversize)
nvkvm: DENY ctrl cmd 0xa06f0111 (not in allowlist / oversize)
nvkvm: DENY ctrl cmd 0xa06f0111 (not in allowlist / oversize)
nvkvm: DENY ctrl cmd 0xa06f0111 (not in allowlist / oversize)
nvkvm: DENY ctrl cmd 0xa06f0111 (not in allowlist / oversize)
nvkvm: DENY ctrl cmd 0xa06f0111 (not in allowlist / oversize)
nvkvm: DENY ctrl cmd 0xa06f0111 (not in allowlist / oversize)
nvkvm: DENY ctrl cmd 0xa06f0111 (not in allowlist / oversize)
nvkvm: DENY ctrl cmd 0xa06f0111 (not in allowlist / oversize)
nvkvm: DENY ctrl cmd 0xa06f0111 (not in allowlist / oversize)
nvkvm: DENY ctrl cmd 0xa06f0111 (not in allowlist / oversize)
nvkvm: DENY ctrl cmd 0xa06f0111 (not in allowlist / oversize)
nvkvm: DENY ctrl cmd 0xa06f0111 (not in allowlist / oversize)
nvkvm: DENY ctrl cmd 0xa06f0111 (not in allowlist / oversize)
nvkvm: DENY ctrl cmd 0xa06f0111 (not in allowlist / oversize)
nvkvm: DENY ctrl cmd 0xa06f0111 (not in allowlist / oversize)
nvkvm: DENY ctrl cmd 0xa06f0111 (not in allowlist / oversize)
nvkvm: DENY ctrl cmd 0xa06f0111 (not in allowlist / oversize)
nvkvm: DENY ctrl cmd 0xa06f0111 (not in allowlist / oversize)
nvkvm: DENY ctrl cmd 0xa06f0111 (not in allowlist / oversize)
nvkvm: DENY ctrl cmd 0xa06f0111 (not in allowlist / oversize)
nvkvm: DENY ctrl cmd 0xa06f0111 (not in allowlist / oversize)
nvkvm: DENY ctrl cmd 0xa06f0111 (not in allowlist / oversize)
nvkvm: DENY ctrl cmd 0xa06f0111 (not in allowlist / oversize)
nvkvm: DENY ctrl cmd 0xa06f0111 (not in allowlist / oversize)
nvkvm: DENY ctrl cmd 0xa06f0111 (not in allowlist / oversize)
nvkvm: DENY ctrl cmd 0xa06f0111 (not in allowlist / oversize)
nvkvm: DENY ctrl cmd 0xa06f0111 (not in allowlist / oversize)
nvkvm: DENY ctrl cmd 0xa06f0111 (not in allowlist / oversize)
nvkvm: DENY ctrl cmd 0xa06f0111 (not in allowlist / oversize)
nvkvm: DENY ctrl cmd 0xa06f0111 (not in allowlist / oversize)
nvkvm: DENY ctrl cmd 0xa06f0111 (not in allowlist / oversize)
nvkvm: DENY ctrl cmd 0xa06f0111 (not in allowlist / oversize)
nvkvm: DENY ctrl cmd 0xa06f0111 (not in allowlist / oversize)
nvkvm: DENY ctrl cmd 0xa06f0111 (not in allowlist / oversize)
nvkvm: DENY ctrl cmd 0xa06f0111 (not in allowlist / oversize)
nvkvm disp stats: 59.0 frames/s dropped=0 failed=0 present_mean=0.64ms (total consumed=894 dropped=0 failed=1)
nvkvm: DENY ctrl cmd 0xa06f0111 (not in allowlist / oversize)
nvkvm: DENY ctrl cmd 0xa06f0111 (not in allowlist / oversize)
nvkvm: DENY ctrl cmd 0xa06f0111 (not in allowlist / oversize)
nvkvm: DENY ctrl cmd 0xa06f0111 (not in allowlist / oversize)
nvkvm: DENY ctrl cmd 0xa06f0111 (not in allowlist / oversize)
nvkvm: DENY ctrl cmd 0xa06f0111 (not in allowlist / oversize)
nvkvm: DENY ctrl cmd 0xa06f0111 (not in allowlist / oversize)
nvkvm: DENY ctrl cmd 0xa06f0111 (not in allowlist / oversize)
nvkvm: DENY ctrl cmd 0xa06f0111 (not in allowlist / oversize)
nvkvm: DENY ctrl cmd 0xa06f0111 (not in allowlist / oversize)
nvkvm: DENY ctrl cmd 0xa06f0111 (not in allowlist / oversize)
nvkvm: DENY ctrl cmd 0xa06f0111 (not in allowlist / oversize)
nvkvm: DENY ctrl cmd 0xa06f0111 (not in allowlist / oversize)
nvkvm: DENY ctrl cmd 0xa06f0111 (not in allowlist / oversize)
nvkvm: DENY ctrl cmd 0xa06f0111 (not in allowlist / oversize)
nvkvm: DENY ctrl cmd 0xa06f0111 (not in allowlist / oversize)
nvkvm: DENY ctrl cmd 0xa06f0111 (not in allowlist / oversize)
nvkvm: DENY ctrl cmd 0xa06f0111 (not in allowlist / oversize)
nvkvm: DENY ctrl cmd 0xa06f0111 (not in allowlist / oversize)
nvkvm: DENY ctrl cmd 0xa06f0111 (not in allowlist / oversize)
nvkvm: DENY ctrl cmd 0xa06f0111 (not in allowlist / oversize)
nvkvm: DENY ctrl cmd 0xa06f0111 (not in allowlist / oversize)
nvkvm: DENY ctrl cmd 0xa06f0111 (not in allowlist / oversize)
nvkvm: DENY ctrl cmd 0xa06f0111 (not in allowlist / oversize)
nvkvm: DENY ctrl cmd 0xa06f0111 (not in allowlist / oversize)
nvkvm: DENY ctrl cmd 0xa06f0111 (not in allowlist / oversize)
nvkvm: DENY ctrl cmd 0xa06f0111 (not in allowlist / oversize)
nvkvm: DENY ctrl cmd 0xa06f0111 (not in allowlist / oversize)
nvkvm: DENY ctrl cmd 0xa06f0111 (not in allowlist / oversize)
nvkvm: DENY ctrl cmd 0xa06f0111 (not in allowlist / oversize)
nvkvm: DENY ctrl cmd 0xa06f0111 (not in allowlist / oversize)
nvkvm: DENY ctrl cmd 0xa06f0111 (not in allowlist / oversize)
nvkvm: DENY ctrl cmd 0xa06f0111 (not in allowlist / oversize)
nvkvm: DENY ctrl cmd 0xa06f0111 (not in allowlist / oversize)
nvkvm: DENY ctrl cmd 0xa06f0111 (not in allowlist / oversize)
nvkvm: DENY ctrl cmd 0xa06f0111 (not in allowlist / oversize)
nvkvm: DENY ctrl cmd 0xa06f0111 (not in allowlist / oversize)
nvkvm: DENY ctrl cmd 0xa06f0111 (not in allowlist / oversize)
nvkvm: DENY ctrl cmd 0xa06f0111 (not in allowlist / oversize)
nvkvm: DENY ctrl cmd 0xa06f0111 (not in allowlist / oversize)
nvkvm: DENY ctrl cmd 0xa06f0111 (not in allowlist / oversize)
nvkvm: DENY ctrl cmd 0xa06f0111 (not in allowlist / oversize)
nvkvm: DENY ctrl cmd 0xa06f0111 (not in allowlist / oversize)
nvkvm: DENY ctrl cmd 0xa06f0111 (not in allowlist / oversize)
nvkvm: DENY ctrl cmd 0xa06f0111 (not in allowlist / oversize)
nvkvm: DENY ctrl cmd 0xa06f0111 (not in allowlist / oversize)
nvkvm: DENY ctrl cmd 0xa06f0111 (not in allowlist / oversize)
nvkvm: DENY ctrl cmd 0xa06f0111 (not in allowlist / oversize)
nvkvm: DENY ctrl cmd 0xa06f0111 (not in allowlist / oversize)
nvkvm: DENY ctrl cmd 0xa06f0111 (not in allowlist / oversize)
nvkvm: DENY ctrl cmd 0xa06f0111 (not in allowlist / oversize)
nvkvm: DENY ctrl cmd 0xa06f0111 (not in allowlist / oversize)
nvkvm: DENY ctrl cmd 0xa06f0111 (not in allowlist / oversize)
nvkvm: DENY ctrl cmd 0xa06f0111 (not in allowlist / oversize)
nvkvm: DENY ctrl cmd 0xa06f0111 (not in allowlist / oversize)
nvkvm: DENY ctrl cmd 0xa06f0111 (not in allowlist / oversize)
nvkvm: DENY ctrl cmd 0xa06f0111 (not in allowlist / oversize)
nvkvm: DENY ctrl cmd 0xa06f0111 (not in allowlist / oversize)
nvkvm: DENY ctrl cmd 0xa06f0111 (not in allowlist / oversize)
nvkvm: DENY ctrl cmd 0xa06f0111 (not in allowlist / oversize)
nvkvm disp stats: 59.1 frames/s dropped=0 failed=0 present_mean=0.51ms (total consumed=954 dropped=0 failed=1)
nvkvm: DENY ctrl cmd 0xa06f0111 (not in allowlist / oversize)
nvkvm: DENY ctrl cmd 0xa06f0111 (not in allowlist / oversize)
nvkvm: DENY ctrl cmd 0xa06f0111 (not in allowlist / oversize)
nvkvm: DENY ctrl cmd 0xa06f0111 (not in allowlist / oversize)
nvkvm: DENY ctrl cmd 0xa06f0111 (not in allowlist / oversize)
nvkvm: DENY ctrl cmd 0xa06f0111 (not in allowlist / oversize)
nvkvm: DENY ctrl cmd 0xa06f0111 (not in allowlist / oversize)
nvkvm: DENY ctrl cmd 0xa06f0111 (not in allowlist / oversize)
nvkvm: DENY ctrl cmd 0xa06f0111 (not in allowlist / oversize)
nvkvm: DENY ctrl cmd 0xa06f0111 (not in allowlist / oversize)
nvkvm: DENY ctrl cmd 0xa06f0111 (not in allowlist / oversize)
nvkvm: DENY ctrl cmd 0xa06f0111 (not in allowlist / oversize)
nvkvm: DENY ctrl cmd 0xa06f0111 (not in allowlist / oversize)
nvkvm: DENY ctrl cmd 0xa06f0111 (not in allowlist / oversize)
nvkvm: DENY ctrl cmd 0xa06f0111 (not in allowlist / oversize)
nvkvm: DENY ctrl cmd 0xa06f0111 (not in allowlist / oversize)
nvkvm: DENY ctrl cmd 0xa06f0111 (not in allowlist / oversize)
nvkvm: DENY ctrl cmd 0xa06f0111 (not in allowlist / oversize)
nvkvm: DENY ctrl cmd 0xa06f0111 (not in allowlist / oversize)
nvkvm: DENY ctrl cmd 0xa06f0111 (not in allowlist / oversize)
nvkvm: DENY ctrl cmd 0xa06f0111 (not in allowlist / oversize)
nvkvm: DENY ctrl cmd 0xa06f0111 (not in allowlist / oversize)
nvkvm: DENY ctrl cmd 0xa06f0111 (not in allowlist / oversize)
nvkvm: DENY ctrl cmd 0xa06f0111 (not in allowlist / oversize)
nvkvm: DENY ctrl cmd 0xa06f0111 (not in allowlist / oversize)
nvkvm: DENY ctrl cmd 0xa06f0111 (not in allowlist / oversize)
nvkvm: DENY ctrl cmd 0xa06f0111 (not in allowlist / oversize)
nvkvm: DENY ctrl cmd 0xa06f0111 (not in allowlist / oversize)
nvkvm: DENY ctrl cmd 0xa06f0111 (not in allowlist / oversize)
nvkvm: DENY ctrl cmd 0xa06f0111 (not in allowlist / oversize)
nvkvm: DENY ctrl cmd 0xa06f0111 (not in allowlist / oversize)
nvkvm: DENY ctrl cmd 0xa06f0111 (not in allowlist / oversize)
nvkvm: DENY ctrl cmd 0xa06f0111 (not in allowlist / oversize)
nvkvm: DENY ctrl cmd 0xa06f0111 (not in allowlist / oversize)
nvkvm: DENY ctrl cmd 0xa06f0111 (not in allowlist / oversize)
nvkvm: DENY ctrl cmd 0xa06f0111 (not in allowlist / oversize)
nvkvm: DENY ctrl cmd 0xa06f0111 (not in allowlist / oversize)
nvkvm: DENY ctrl cmd 0xa06f0111 (not in allowlist / oversize)
nvkvm: DENY ctrl cmd 0xa06f0111 (not in allowlist / oversize)
nvkvm: DENY ctrl cmd 0xa06f0111 (not in allowlist / oversize)
nvkvm: DENY ctrl cmd 0xa06f0111 (not in allowlist / oversize)
nvkvm: DENY ctrl cmd 0xa06f0111 (not in allowlist / oversize)
nvkvm: DENY ctrl cmd 0xa06f0111 (not in allowlist / oversize)
nvkvm: DENY ctrl cmd 0xa06f0111 (not in allowlist / oversize)
nvkvm: DENY ctrl cmd 0xa06f0111 (not in allowlist / oversize)
nvkvm: DENY ctrl cmd 0xa06f0111 (not in allowlist / oversize)
nvkvm: DENY ctrl cmd 0xa06f0111 (not in allowlist / oversize)
nvkvm: DENY ctrl cmd 0xa06f0111 (not in allowlist / oversize)
nvkvm: DENY ctrl cmd 0xa06f0111 (not in allowlist / oversize)
nvkvm: DENY ctrl cmd 0xa06f0111 (not in allowlist / oversize)
nvkvm: DENY ctrl cmd 0xa06f0111 (not in allowlist / oversize)
nvkvm: DENY ctrl cmd 0xa06f0111 (not in allowlist / oversize)
nvkvm: DENY ctrl cmd 0xa06f0111 (not in allowlist / oversize)
nvkvm: DENY ctrl cmd 0xa06f0111 (not in allowlist / oversize)
nvkvm: DENY ctrl cmd 0xa06f0111 (not in allowlist / oversize)
nvkvm: DENY ctrl cmd 0xa06f0111 (not in allowlist / oversize)
nvkvm: DENY ctrl cmd 0xa06f0111 (not in allowlist / oversize)
nvkvm: DENY ctrl cmd 0xa06f0111 (not in allowlist / oversize)
nvkvm: DENY ctrl cmd 0xa06f0111 (not in allowlist / oversize)
nvkvm: DENY ctrl cmd 0xa06f0111 (not in allowlist / oversize)
nvkvm disp stats: 60.0 frames/s dropped=0 failed=0 present_mean=0.58ms (total consumed=1014 dropped=0 failed=1)
nvkvm: DENY ctrl cmd 0xa06f0111 (not in allowlist / oversize)
nvkvm: DENY ctrl cmd 0xa06f0111 (not in allowlist / oversize)
nvkvm: DENY ctrl cmd 0xa06f0111 (not in allowlist / oversize)
nvkvm: DENY ctrl cmd 0xa06f0111 (not in allowlist / oversize)
nvkvm: DENY ctrl cmd 0xa06f0111 (not in allowlist / oversize)
nvkvm: DENY ctrl cmd 0xa06f0111 (not in allowlist / oversize)
nvkvm: DENY ctrl cmd 0xa06f0111 (not in allowlist / oversize)
nvkvm: DENY ctrl cmd 0xa06f0111 (not in allowlist / oversize)
nvkvm: DENY ctrl cmd 0xa06f0111 (not in allowlist / oversize)
nvkvm: DENY ctrl cmd 0xa06f0111 (not in allowlist / oversize)
nvkvm: DENY ctrl cmd 0xa06f0111 (not in allowlist / oversize)
nvkvm: DENY ctrl cmd 0xa06f0111 (not in allowlist / oversize)
nvkvm: DENY ctrl cmd 0xa06f0111 (not in allowlist / oversize)
nvkvm: DENY ctrl cmd 0xa06f0111 (not in allowlist / oversize)
nvkvm: DENY ctrl cmd 0xa06f0111 (not in allowlist / oversize)
nvkvm: DENY ctrl cmd 0xa06f0111 (not in allowlist / oversize)
nvkvm: DENY ctrl cmd 0xa06f0111 (not in allowlist / oversize)
nvkvm: DENY ctrl cmd 0xa06f0111 (not in allowlist / oversize)
nvkvm: DENY ctrl cmd 0xa06f0111 (not in allowlist / oversize)
nvkvm: DENY ctrl cmd 0xa06f0111 (not in allowlist / oversize)
nvkvm: DENY ctrl cmd 0xa06f0111 (not in allowlist / oversize)
nvkvm: DENY ctrl cmd 0xa06f0111 (not in allowlist / oversize)
nvkvm: DENY ctrl cmd 0xa06f0111 (not in allowlist / oversize)
nvkvm: DENY ctrl cmd 0xa06f0111 (not in allowlist / oversize)
nvkvm: DENY ctrl cmd 0xa06f0111 (not in allowlist / oversize)
nvkvm: DENY ctrl cmd 0xa06f0111 (not in allowlist / oversize)
nvkvm: DENY ctrl cmd 0xa06f0111 (not in allowlist / oversize)
nvkvm: DENY ctrl cmd 0xa06f0111 (not in allowlist / oversize)
nvkvm: DENY ctrl cmd 0xa06f0111 (not in allowlist / oversize)
nvkvm: DENY ctrl cmd 0xa06f0111 (not in allowlist / oversize)
nvkvm: DENY ctrl cmd 0xa06f0111 (not in allowlist / oversize)
nvkvm: DENY ctrl cmd 0xa06f0111 (not in allowlist / oversize)
nvkvm: DENY ctrl cmd 0xa06f0111 (not in allowlist / oversize)
nvkvm: DENY ctrl cmd 0xa06f0111 (not in allowlist / oversize)
nvkvm: DENY ctrl cmd 0xa06f0111 (not in allowlist / oversize)
nvkvm: DENY ctrl cmd 0xa06f0111 (not in allowlist / oversize)
nvkvm: DENY ctrl cmd 0xa06f0111 (not in allowlist / oversize)
nvkvm: DENY ctrl cmd 0xa06f0111 (not in allowlist / oversize)
nvkvm: DENY ctrl cmd 0xa06f0111 (not in allowlist / oversize)
nvkvm: DENY ctrl cmd 0xa06f0111 (not in allowlist / oversize)
nvkvm: DENY ctrl cmd 0xa06f0111 (not in allowlist / oversize)
nvkvm: DENY ctrl cmd 0xa06f0111 (not in allowlist / oversize)
nvkvm: DENY ctrl cmd 0xa06f0111 (not in allowlist / oversize)
nvkvm: DENY ctrl cmd 0xa06f0111 (not in allowlist / oversize)
nvkvm: DENY ctrl cmd 0xa06f0111 (not in allowlist / oversize)
nvkvm: DENY ctrl cmd 0xa06f0111 (not in allowlist / oversize)
nvkvm: DENY ctrl cmd 0xa06f0111 (not in allowlist / oversize)
nvkvm: DENY ctrl cmd 0xa06f0111 (not in allowlist / oversize)
nvkvm: DENY ctrl cmd 0xa06f0111 (not in allowlist / oversize)
nvkvm: DENY ctrl cmd 0xa06f0111 (not in allowlist / oversize)
nvkvm: DENY ctrl cmd 0xa06f0111 (not in allowlist / oversize)
nvkvm: DENY ctrl cmd 0xa06f0111 (not in allowlist / oversize)
nvkvm: DENY ctrl cmd 0xa06f0111 (not in allowlist / oversize)
nvkvm: DENY ctrl cmd 0xa06f0111 (not in allowlist / oversize)
nvkvm: DENY ctrl cmd 0xa06f0111 (not in allowlist / oversize)
nvkvm: DENY ctrl cmd 0xa06f0111 (not in allowlist / oversize)
nvkvm: DENY ctrl cmd 0xa06f0111 (not in allowlist / oversize)
nvkvm: DENY ctrl cmd 0xa06f0111 (not in allowlist / oversize)
nvkvm: DENY ctrl cmd 0xa06f0111 (not in allowlist / oversize)
nvkvm disp stats: 58.9 frames/s dropped=0 failed=0 present_mean=0.61ms (total consumed=1073 dropped=0 failed=1)
nvkvm: DENY ctrl cmd 0xa06f0111 (not in allowlist / oversize)
nvkvm: DENY ctrl cmd 0xa06f0111 (not in allowlist / oversize)
nvkvm: DENY ctrl cmd 0xa06f0111 (not in allowlist / oversize)
nvkvm: DENY ctrl cmd 0xa06f0111 (not in allowlist / oversize)
nvkvm: DENY ctrl cmd 0xa06f0111 (not in allowlist / oversize)
nvkvm: DENY ctrl cmd 0xa06f0111 (not in allowlist / oversize)
nvkvm: DENY ctrl cmd 0xa06f0111 (not in allowlist / oversize)
nvkvm: DENY ctrl cmd 0xa06f0111 (not in allowlist / oversize)
nvkvm: DENY ctrl cmd 0xa06f0111 (not in allowlist / oversize)
nvkvm: DENY ctrl cmd 0xa06f0111 (not in allowlist / oversize)
nvkvm: DENY ctrl cmd 0xa06f0111 (not in allowlist / oversize)
nvkvm: DENY ctrl cmd 0xa06f0111 (not in allowlist / oversize)
nvkvm: DENY ctrl cmd 0xa06f0111 (not in allowlist / oversize)
nvkvm: DENY ctrl cmd 0xa06f0111 (not in allowlist / oversize)
nvkvm: DENY ctrl cmd 0xa06f0111 (not in allowlist / oversize)
nvkvm: DENY ctrl cmd 0xa06f0111 (not in allowlist / oversize)
nvkvm: DENY ctrl cmd 0xa06f0111 (not in allowlist / oversize)
nvkvm: DENY ctrl cmd 0xa06f0111 (not in allowlist / oversize)
nvkvm: DENY ctrl cmd 0xa06f0111 (not in allowlist / oversize)
nvkvm: DENY ctrl cmd 0xa06f0111 (not in allowlist / oversize)
nvkvm: DENY ctrl cmd 0xa06f0111 (not in allowlist / oversize)
nvkvm: DENY ctrl cmd 0xa06f0111 (not in allowlist / oversize)
nvkvm: DENY ctrl cmd 0xa06f0111 (not in allowlist / oversize)
nvkvm: DENY ctrl cmd 0xa06f0111 (not in allowlist / oversize)
nvkvm: DENY ctrl cmd 0xa06f0111 (not in allowlist / oversize)
nvkvm: DENY ctrl cmd 0xa06f0111 (not in allowlist / oversize)
nvkvm: DENY ctrl cmd 0xa06f0111 (not in allowlist / oversize)
nvkvm: DENY ctrl cmd 0xa06f0111 (not in allowlist / oversize)
nvkvm: DENY ctrl cmd 0xa06f0111 (not in allowlist / oversize)
nvkvm: DENY ctrl cmd 0xa06f0111 (not in allowlist / oversize)
nvkvm: DENY ctrl cmd 0xa06f0111 (not in allowlist / oversize)
nvkvm: DENY ctrl cmd 0xa06f0111 (not in allowlist / oversize)
nvkvm: DENY ctrl cmd 0xa06f0111 (not in allowlist / oversize)
nvkvm: DENY ctrl cmd 0xa06f0111 (not in allowlist / oversize)
nvkvm: DENY ctrl cmd 0xa06f0111 (not in allowlist / oversize)
nvkvm: DENY ctrl cmd 0xa06f0111 (not in allowlist / oversize)
nvkvm: DENY ctrl cmd 0xa06f0111 (not in allowlist / oversize)
nvkvm: DENY ctrl cmd 0xa06f0111 (not in allowlist / oversize)
nvkvm: DENY ctrl cmd 0xa06f0111 (not in allowlist / oversize)
nvkvm: DENY ctrl cmd 0xa06f0111 (not in allowlist / oversize)
nvkvm: DENY ctrl cmd 0xa06f0111 (not in allowlist / oversize)
nvkvm: DENY ctrl cmd 0xa06f0111 (not in allowlist / oversize)
nvkvm: DENY ctrl cmd 0xa06f0111 (not in allowlist / oversize)
nvkvm: DENY ctrl cmd 0xa06f0111 (not in allowlist / oversize)
nvkvm: DENY ctrl cmd 0xa06f0111 (not in allowlist / oversize)
nvkvm: DENY ctrl cmd 0xa06f0111 (not in allowlist / oversize)
nvkvm: DENY ctrl cmd 0xa06f0111 (not in allowlist / oversize)
nvkvm: DENY ctrl cmd 0xa06f0111 (not in allowlist / oversize)
nvkvm: DENY ctrl cmd 0xa06f0111 (not in allowlist / oversize)
nvkvm: DENY ctrl cmd 0xa06f0111 (not in allowlist / oversize)
nvkvm: DENY ctrl cmd 0xa06f0111 (not in allowlist / oversize)
nvkvm: DENY ctrl cmd 0xa06f0111 (not in allowlist / oversize)
nvkvm: DENY ctrl cmd 0xa06f0111 (not in allowlist / oversize)
nvkvm: DENY ctrl cmd 0xa06f0111 (not in allowlist / oversize)
nvkvm: DENY ctrl cmd 0xa06f0111 (not in allowlist / oversize)
nvkvm: DENY ctrl cmd 0xa06f0111 (not in allowlist / oversize)
nvkvm: DENY ctrl cmd 0xa06f0111 (not in allowlist / oversize)
nvkvm: DENY ctrl cmd 0xa06f0111 (not in allowlist / oversize)
nvkvm: DENY ctrl cmd 0xa06f0111 (not in allowlist / oversize)
nvkvm: DENY ctrl cmd 0xa06f0111 (not in allowlist / oversize)
nvkvm disp stats: 59.2 frames/s dropped=0 failed=0 present_mean=0.53ms (total consumed=1133 dropped=0 failed=1)
nvkvm: DENY ctrl cmd 0xa06f0111 (not in allowlist / oversize)
nvkvm: DENY ctrl cmd 0xa06f0111 (not in allowlist / oversize)
nvkvm: DENY ctrl cmd 0xa06f0111 (not in allowlist / oversize)
nvkvm: DENY ctrl cmd 0xa06f0111 (not in allowlist / oversize)
nvkvm: DENY ctrl cmd 0xa06f0111 (not in allowlist / oversize)
nvkvm: DENY ctrl cmd 0xa06f0111 (not in allowlist / oversize)
nvkvm: DENY ctrl cmd 0xa06f0111 (not in allowlist / oversize)
nvkvm: DENY ctrl cmd 0xa06f0111 (not in allowlist / oversize)
nvkvm: DENY ctrl cmd 0xa06f0111 (not in allowlist / oversize)
nvkvm: DENY ctrl cmd 0xa06f0111 (not in allowlist / oversize)
nvkvm: DENY ctrl cmd 0xa06f0111 (not in allowlist / oversize)
nvkvm: DENY ctrl cmd 0xa06f0111 (not in allowlist / oversize)
nvkvm: DENY ctrl cmd 0xa06f0111 (not in allowlist / oversize)
nvkvm: DENY ctrl cmd 0xa06f0111 (not in allowlist / oversize)
nvkvm: DENY ctrl cmd 0xa06f0111 (not in allowlist / oversize)
nvkvm: DENY ctrl cmd 0xa06f0111 (not in allowlist / oversize)
nvkvm: DENY ctrl cmd 0xa06f0111 (not in allowlist / oversize)
nvkvm: DENY ctrl cmd 0xa06f0111 (not in allowlist / oversize)
nvkvm: DENY ctrl cmd 0xa06f0111 (not in allowlist / oversize)
nvkvm: DENY ctrl cmd 0xa06f0111 (not in allowlist / oversize)
nvkvm: DENY ctrl cmd 0xa06f0111 (not in allowlist / oversize)
nvkvm: DENY ctrl cmd 0xa06f0111 (not in allowlist / oversize)
nvkvm: DENY ctrl cmd 0xa06f0111 (not in allowlist / oversize)
nvkvm: DENY ctrl cmd 0xa06f0111 (not in allowlist / oversize)
nvkvm: DENY ctrl cmd 0xa06f0111 (not in allowlist / oversize)
nvkvm: DENY ctrl cmd 0xa06f0111 (not in allowlist / oversize)
nvkvm: DENY ctrl cmd 0xa06f0111 (not in allowlist / oversize)
nvkvm: DENY ctrl cmd 0xa06f0111 (not in allowlist / oversize)
nvkvm: DENY ctrl cmd 0xa06f0111 (not in allowlist / oversize)
nvkvm: DENY ctrl cmd 0xa06f0111 (not in allowlist / oversize)
nvkvm: DENY ctrl cmd 0xa06f0111 (not in allowlist / oversize)
nvkvm: DENY ctrl cmd 0xa06f0111 (not in allowlist / oversize)
nvkvm: DENY ctrl cmd 0xa06f0111 (not in allowlist / oversize)
nvkvm: DENY ctrl cmd 0xa06f0111 (not in allowlist / oversize)
nvkvm: DENY ctrl cmd 0xa06f0111 (not in allowlist / oversize)
nvkvm: DENY ctrl cmd 0xa06f0111 (not in allowlist / oversize)
nvkvm: DENY ctrl cmd 0xa06f0111 (not in allowlist / oversize)
nvkvm: DENY ctrl cmd 0xa06f0111 (not in allowlist / oversize)
nvkvm: DENY ctrl cmd 0xa06f0111 (not in allowlist / oversize)
nvkvm: DENY ctrl cmd 0xa06f0111 (not in allowlist / oversize)
nvkvm: DENY ctrl cmd 0xa06f0111 (not in allowlist / oversize)
nvkvm: DENY ctrl cmd 0xa06f0111 (not in allowlist / oversize)
nvkvm: DENY ctrl cmd 0xa06f0111 (not in allowlist / oversize)
nvkvm: DENY ctrl cmd 0xa06f0111 (not in allowlist / oversize)
nvkvm: DENY ctrl cmd 0xa06f0111 (not in allowlist / oversize)
nvkvm: DENY ctrl cmd 0xa06f0111 (not in allowlist / oversize)
nvkvm: DENY ctrl cmd 0xa06f0111 (not in allowlist / oversize)
nvkvm: DENY ctrl cmd 0xa06f0111 (not in allowlist / oversize)
nvkvm: DENY ctrl cmd 0xa06f0111 (not in allowlist / oversize)
nvkvm: DENY ctrl cmd 0xa06f0111 (not in allowlist / oversize)
nvkvm: DENY ctrl cmd 0xa06f0111 (not in allowlist / oversize)
nvkvm: DENY ctrl cmd 0xa06f0111 (not in allowlist / oversize)
nvkvm: DENY ctrl cmd 0xa06f0111 (not in allowlist / oversize)
nvkvm: DENY ctrl cmd 0xa06f0111 (not in allowlist / oversize)
nvkvm: DENY ctrl cmd 0xa06f0111 (not in allowlist / oversize)
nvkvm: DENY ctrl cmd 0xa06f0111 (not in allowlist / oversize)
nvkvm: DENY ctrl cmd 0xa06f0111 (not in allowlist / oversize)
nvkvm: DENY ctrl cmd 0xa06f0111 (not in allowlist / oversize)
nvkvm: DENY ctrl cmd 0xa06f0111 (not in allowlist / oversize)
nvkvm: DENY ctrl cmd 0xa06f0111 (not in allowlist / oversize)
nvkvm disp stats: 59.0 frames/s dropped=0 failed=0 present_mean=0.56ms (total consumed=1193 dropped=0 failed=1)
nvkvm: DENY ctrl cmd 0xa06f0111 (not in allowlist / oversize)
nvkvm: DENY ctrl cmd 0xa06f0111 (not in allowlist / oversize)
nvkvm: DENY ctrl cmd 0xa06f0111 (not in allowlist / oversize)
nvkvm: DENY ctrl cmd 0xa06f0111 (not in allowlist / oversize)
nvkvm: DENY ctrl cmd 0xa06f0111 (not in allowlist / oversize)
nvkvm: DENY ctrl cmd 0xa06f0111 (not in allowlist / oversize)
nvkvm: DENY ctrl cmd 0xa06f0111 (not in allowlist / oversize)
nvkvm: DENY ctrl cmd 0xa06f0111 (not in allowlist / oversize)
nvkvm: DENY ctrl cmd 0xa06f0111 (not in allowlist / oversize)
nvkvm: DENY ctrl cmd 0xa06f0111 (not in allowlist / oversize)
nvkvm: DENY ctrl cmd 0xa06f0111 (not in allowlist / oversize)
nvkvm: DENY ctrl cmd 0xa06f0111 (not in allowlist / oversize)
nvkvm: DENY ctrl cmd 0xa06f0111 (not in allowlist / oversize)
nvkvm: DENY ctrl cmd 0xa06f0111 (not in allowlist / oversize)
nvkvm: DENY ctrl cmd 0xa06f0111 (not in allowlist / oversize)
nvkvm: DENY ctrl cmd 0xa06f0111 (not in allowlist / oversize)
nvkvm: DENY ctrl cmd 0xa06f0111 (not in allowlist / oversize)
nvkvm: DENY ctrl cmd 0xa06f0111 (not in allowlist / oversize)
nvkvm: DENY ctrl cmd 0xa06f0111 (not in allowlist / oversize)
nvkvm: DENY ctrl cmd 0xa06f0111 (not in allowlist / oversize)
nvkvm: DENY ctrl cmd 0xa06f0111 (not in allowlist / oversize)
nvkvm: DENY ctrl cmd 0xa06f0111 (not in allowlist / oversize)
nvkvm: DENY ctrl cmd 0xa06f0111 (not in allowlist / oversize)
nvkvm: DENY ctrl cmd 0xa06f0111 (not in allowlist / oversize)
nvkvm: DENY ctrl cmd 0xa06f0111 (not in allowlist / oversize)
nvkvm: DENY ctrl cmd 0xa06f0111 (not in allowlist / oversize)
nvkvm: DENY ctrl cmd 0xa06f0111 (not in allowlist / oversize)
nvkvm: DENY ctrl cmd 0xa06f0111 (not in allowlist / oversize)
nvkvm: DENY ctrl cmd 0xa06f0111 (not in allowlist / oversize)
nvkvm: DENY ctrl cmd 0xa06f0111 (not in allowlist / oversize)
nvkvm: DENY ctrl cmd 0xa06f0111 (not in allowlist / oversize)
nvkvm: DENY ctrl cmd 0xa06f0111 (not in allowlist / oversize)
nvkvm: DENY ctrl cmd 0xa06f0111 (not in allowlist / oversize)
nvkvm: DENY ctrl cmd 0xa06f0111 (not in allowlist / oversize)
nvkvm: DENY ctrl cmd 0xa06f0111 (not in allowlist / oversize)
nvkvm: DENY ctrl cmd 0xa06f0111 (not in allowlist / oversize)
nvkvm: DENY ctrl cmd 0xa06f0111 (not in allowlist / oversize)
nvkvm: DENY ctrl cmd 0xa06f0111 (not in allowlist / oversize)
nvkvm: DENY ctrl cmd 0xa06f0111 (not in allowlist / oversize)
nvkvm: DENY ctrl cmd 0xa06f0111 (not in allowlist / oversize)
nvkvm: DENY ctrl cmd 0xa06f0111 (not in allowlist / oversize)
nvkvm: DENY ctrl cmd 0xa06f0111 (not in allowlist / oversize)
nvkvm: DENY ctrl cmd 0xa06f0111 (not in allowlist / oversize)
nvkvm: DENY ctrl cmd 0xa06f0111 (not in allowlist / oversize)
nvkvm: DENY ctrl cmd 0xa06f0111 (not in allowlist / oversize)
nvkvm: DENY ctrl cmd 0xa06f0111 (not in allowlist / oversize)
nvkvm: DENY ctrl cmd 0xa06f0111 (not in allowlist / oversize)
nvkvm: DENY ctrl cmd 0xa06f0111 (not in allowlist / oversize)
nvkvm: DENY ctrl cmd 0xa06f0111 (not in allowlist / oversize)
nvkvm: DENY ctrl cmd 0xa06f0111 (not in allowlist / oversize)
nvkvm: DENY ctrl cmd 0xa06f0111 (not in allowlist / oversize)
nvkvm: DENY ctrl cmd 0xa06f0111 (not in allowlist / oversize)
nvkvm: DENY ctrl cmd 0xa06f0111 (not in allowlist / oversize)
nvkvm: DENY ctrl cmd 0xa06f0111 (not in allowlist / oversize)
nvkvm: DENY ctrl cmd 0xa06f0111 (not in allowlist / oversize)
nvkvm: DENY ctrl cmd 0xa06f0111 (not in allowlist / oversize)
nvkvm: DENY ctrl cmd 0xa06f0111 (not in allowlist / oversize)
nvkvm: DENY ctrl cmd 0xa06f0111 (not in allowlist / oversize)
nvkvm: DENY ctrl cmd 0xa06f0111 (not in allowlist / oversize)
nvkvm: DENY ctrl cmd 0xa06f0111 (not in allowlist / oversize)
nvkvm disp stats: 59.0 frames/s dropped=0 failed=0 present_mean=0.52ms (total consumed=1253 dropped=0 failed=1)
nvkvm: DENY ctrl cmd 0xa06f0111 (not in allowlist / oversize)
nvkvm: DENY ctrl cmd 0xa06f0111 (not in allowlist / oversize)
nvkvm: DENY ctrl cmd 0xa06f0111 (not in allowlist / oversize)
nvkvm: DENY ctrl cmd 0xa06f0111 (not in allowlist / oversize)
nvkvm: DENY ctrl cmd 0xa06f0111 (not in allowlist / oversize)
nvkvm: DENY ctrl cmd 0xa06f0111 (not in allowlist / oversize)
nvkvm: DENY ctrl cmd 0xa06f0111 (not in allowlist / oversize)
nvkvm: DENY ctrl cmd 0xa06f0111 (not in allowlist / oversize)
nvkvm: DENY ctrl cmd 0xa06f0111 (not in allowlist / oversize)
nvkvm: DENY ctrl cmd 0xa06f0111 (not in allowlist / oversize)
nvkvm: DENY ctrl cmd 0xa06f0111 (not in allowlist / oversize)
nvkvm: DENY ctrl cmd 0xa06f0111 (not in allowlist / oversize)
nvkvm: DENY ctrl cmd 0xa06f0111 (not in allowlist / oversize)
nvkvm: DENY ctrl cmd 0xa06f0111 (not in allowlist / oversize)
nvkvm: DENY ctrl cmd 0xa06f0111 (not in allowlist / oversize)
nvkvm: DENY ctrl cmd 0xa06f0111 (not in allowlist / oversize)
nvkvm: DENY ctrl cmd 0xa06f0111 (not in allowlist / oversize)
nvkvm: DENY ctrl cmd 0xa06f0111 (not in allowlist / oversize)
nvkvm: DENY ctrl cmd 0xa06f0111 (not in allowlist / oversize)
nvkvm: DENY ctrl cmd 0xa06f0111 (not in allowlist / oversize)
nvkvm: DENY ctrl cmd 0xa06f0111 (not in allowlist / oversize)
nvkvm: DENY ctrl cmd 0xa06f0111 (not in allowlist / oversize)
nvkvm: DENY ctrl cmd 0xa06f0111 (not in allowlist / oversize)
nvkvm: DENY ctrl cmd 0xa06f0111 (not in allowlist / oversize)
nvkvm: DENY ctrl cmd 0xa06f0111 (not in allowlist / oversize)
nvkvm: DENY ctrl cmd 0xa06f0111 (not in allowlist / oversize)
nvkvm: DENY ctrl cmd 0xa06f0111 (not in allowlist / oversize)
nvkvm: DENY ctrl cmd 0xa06f0111 (not in allowlist / oversize)
nvkvm: DENY ctrl cmd 0xa06f0111 (not in allowlist / oversize)
nvkvm: DENY ctrl cmd 0xa06f0111 (not in allowlist / oversize)
nvkvm: DENY ctrl cmd 0xa06f0111 (not in allowlist / oversize)
nvkvm: DENY ctrl cmd 0xa06f0111 (not in allowlist / oversize)
nvkvm: DENY ctrl cmd 0xa06f0111 (not in allowlist / oversize)
nvkvm: DENY ctrl cmd 0xa06f0111 (not in allowlist / oversize)
nvkvm: DENY ctrl cmd 0xa06f0111 (not in allowlist / oversize)
nvkvm: DENY ctrl cmd 0xa06f0111 (not in allowlist / oversize)
nvkvm: DENY ctrl cmd 0xa06f0111 (not in allowlist / oversize)
nvkvm: DENY ctrl cmd 0xa06f0111 (not in allowlist / oversize)
nvkvm: DENY ctrl cmd 0xa06f0111 (not in allowlist / oversize)
nvkvm: DENY ctrl cmd 0xa06f0111 (not in allowlist / oversize)
nvkvm: DENY ctrl cmd 0xa06f0111 (not in allowlist / oversize)
nvkvm: DENY ctrl cmd 0xa06f0111 (not in allowlist / oversize)
nvkvm: DENY ctrl cmd 0xa06f0111 (not in allowlist / oversize)
nvkvm: DENY ctrl cmd 0xa06f0111 (not in allowlist / oversize)
nvkvm: DENY ctrl cmd 0xa06f0111 (not in allowlist / oversize)
nvkvm: DENY ctrl cmd 0xa06f0111 (not in allowlist / oversize)
nvkvm: DENY ctrl cmd 0xa06f0111 (not in allowlist / oversize)
nvkvm: DENY ctrl cmd 0xa06f0111 (not in allowlist / oversize)
nvkvm: DENY ctrl cmd 0xa06f0111 (not in allowlist / oversize)
nvkvm: DENY ctrl cmd 0xa06f0111 (not in allowlist / oversize)
nvkvm: DENY ctrl cmd 0xa06f0111 (not in allowlist / oversize)
nvkvm: DENY ctrl cmd 0xa06f0111 (not in allowlist / oversize)
nvkvm: DENY ctrl cmd 0xa06f0111 (not in allowlist / oversize)
nvkvm: DENY ctrl cmd 0xa06f0111 (not in allowlist / oversize)
nvkvm: DENY ctrl cmd 0xa06f0111 (not in allowlist / oversize)
nvkvm: DENY ctrl cmd 0xa06f0111 (not in allowlist / oversize)
nvkvm: DENY ctrl cmd 0xa06f0111 (not in allowlist / oversize)
nvkvm: DENY ctrl cmd 0xa06f0111 (not in allowlist / oversize)
nvkvm: DENY ctrl cmd 0xa06f0111 (not in allowlist / oversize)
nvkvm: DENY ctrl cmd 0xa06f0111 (not in allowlist / oversize)
nvkvm disp stats: 60.0 frames/s dropped=0 failed=0 present_mean=0.50ms (total consumed=1313 dropped=0 failed=1)
nvkvm: DENY ctrl cmd 0xa06f0111 (not in allowlist / oversize)
nvkvm: DENY ctrl cmd 0xa06f0111 (not in allowlist / oversize)
nvkvm: DENY ctrl cmd 0xa06f0111 (not in allowlist / oversize)
nvkvm: DENY ctrl cmd 0xa06f0111 (not in allowlist / oversize)
nvkvm: DENY ctrl cmd 0xa06f0111 (not in allowlist / oversize)
nvkvm: DENY ctrl cmd 0xa06f0111 (not in allowlist / oversize)
nvkvm: DENY ctrl cmd 0xa06f0111 (not in allowlist / oversize)
nvkvm: DENY ctrl cmd 0xa06f0111 (not in allowlist / oversize)
nvkvm: DENY ctrl cmd 0xa06f0111 (not in allowlist / oversize)
nvkvm: DENY ctrl cmd 0xa06f0111 (not in allowlist / oversize)
nvkvm: DENY ctrl cmd 0xa06f0111 (not in allowlist / oversize)
nvkvm: DENY ctrl cmd 0xa06f0111 (not in allowlist / oversize)
nvkvm: DENY ctrl cmd 0xa06f0111 (not in allowlist / oversize)
nvkvm: DENY ctrl cmd 0xa06f0111 (not in allowlist / oversize)
nvkvm: DENY ctrl cmd 0xa06f0111 (not in allowlist / oversize)
nvkvm: DENY ctrl cmd 0xa06f0111 (not in allowlist / oversize)
nvkvm: DENY ctrl cmd 0xa06f0111 (not in allowlist / oversize)
nvkvm: DENY ctrl cmd 0xa06f0111 (not in allowlist / oversize)
nvkvm: DENY ctrl cmd 0xa06f0111 (not in allowlist / oversize)
nvkvm: DENY ctrl cmd 0xa06f0111 (not in allowlist / oversize)
nvkvm: DENY ctrl cmd 0xa06f0111 (not in allowlist / oversize)
nvkvm: DENY ctrl cmd 0xa06f0111 (not in allowlist / oversize)
nvkvm: DENY ctrl cmd 0xa06f0111 (not in allowlist / oversize)
nvkvm: DENY ctrl cmd 0xa06f0111 (not in allowlist / oversize)
nvkvm: DENY ctrl cmd 0xa06f0111 (not in allowlist / oversize)
nvkvm: DENY ctrl cmd 0xa06f0111 (not in allowlist / oversize)
nvkvm: DENY ctrl cmd 0xa06f0111 (not in allowlist / oversize)
nvkvm: DENY ctrl cmd 0xa06f0111 (not in allowlist / oversize)
nvkvm: DENY ctrl cmd 0xa06f0111 (not in allowlist / oversize)
nvkvm: DENY ctrl cmd 0xa06f0111 (not in allowlist / oversize)
nvkvm: DENY ctrl cmd 0xa06f0111 (not in allowlist / oversize)
nvkvm: DENY ctrl cmd 0xa06f0111 (not in allowlist / oversize)
nvkvm: DENY ctrl cmd 0xa06f0111 (not in allowlist / oversize)
nvkvm: DENY ctrl cmd 0xa06f0111 (not in allowlist / oversize)
nvkvm: DENY ctrl cmd 0xa06f0111 (not in allowlist / oversize)
nvkvm: DENY ctrl cmd 0xa06f0111 (not in allowlist / oversize)
nvkvm: DENY ctrl cmd 0xa06f0111 (not in allowlist / oversize)
nvkvm: DENY ctrl cmd 0xa06f0111 (not in allowlist / oversize)
nvkvm: DENY ctrl cmd 0xa06f0111 (not in allowlist / oversize)
nvkvm: DENY ctrl cmd 0xa06f0111 (not in allowlist / oversize)
nvkvm: DENY ctrl cmd 0xa06f0111 (not in allowlist / oversize)
nvkvm: DENY ctrl cmd 0xa06f0111 (not in allowlist / oversize)
nvkvm: DENY ctrl cmd 0xa06f0111 (not in allowlist / oversize)
nvkvm: DENY ctrl cmd 0xa06f0111 (not in allowlist / oversize)
nvkvm: DENY ctrl cmd 0xa06f0111 (not in allowlist / oversize)
nvkvm: DENY ctrl cmd 0xa06f0111 (not in allowlist / oversize)
nvkvm: DENY ctrl cmd 0xa06f0111 (not in allowlist / oversize)
nvkvm: DENY ctrl cmd 0xa06f0111 (not in allowlist / oversize)
nvkvm: DENY ctrl cmd 0xa06f0111 (not in allowlist / oversize)
nvkvm: DENY ctrl cmd 0xa06f0111 (not in allowlist / oversize)
nvkvm: DENY ctrl cmd 0xa06f0111 (not in allowlist / oversize)
nvkvm: DENY ctrl cmd 0xa06f0111 (not in allowlist / oversize)
nvkvm: DENY ctrl cmd 0xa06f0111 (not in allowlist / oversize)
nvkvm: DENY ctrl cmd 0xa06f0111 (not in allowlist / oversize)
nvkvm: DENY ctrl cmd 0xa06f0111 (not in allowlist / oversize)
nvkvm: DENY ctrl cmd 0xa06f0111 (not in allowlist / oversize)
nvkvm: DENY ctrl cmd 0xa06f0111 (not in allowlist / oversize)
nvkvm: DENY ctrl cmd 0xa06f0111 (not in allowlist / oversize)
nvkvm: DENY ctrl cmd 0xa06f0111 (not in allowlist / oversize)
nvkvm: DENY ctrl cmd 0xa06f0111 (not in allowlist / oversize)
nvkvm disp stats: 59.0 frames/s dropped=0 failed=0 present_mean=0.62ms (total consumed=1373 dropped=0 failed=1)
nvkvm: DENY ctrl cmd 0xa06f0111 (not in allowlist / oversize)
nvkvm: DENY ctrl cmd 0xa06f0111 (not in allowlist / oversize)
nvkvm: DENY ctrl cmd 0xa06f0111 (not in allowlist / oversize)
nvkvm: DENY ctrl cmd 0xa06f0111 (not in allowlist / oversize)
nvkvm: DENY ctrl cmd 0xa06f0111 (not in allowlist / oversize)
nvkvm: DENY ctrl cmd 0xa06f0111 (not in allowlist / oversize)
nvkvm: DENY ctrl cmd 0xa06f0111 (not in allowlist / oversize)
nvkvm: DENY ctrl cmd 0xa06f0111 (not in allowlist / oversize)
nvkvm: DENY ctrl cmd 0xa06f0111 (not in allowlist / oversize)
nvkvm: DENY ctrl cmd 0xa06f0111 (not in allowlist / oversize)
nvkvm: DENY ctrl cmd 0xa06f0111 (not in allowlist / oversize)
nvkvm: DENY ctrl cmd 0xa06f0111 (not in allowlist / oversize)
nvkvm: DENY ctrl cmd 0xa06f0111 (not in allowlist / oversize)
nvkvm: DENY ctrl cmd 0xa06f0111 (not in allowlist / oversize)
nvkvm: DENY ctrl cmd 0xa06f0111 (not in allowlist / oversize)
nvkvm: DENY ctrl cmd 0xa06f0111 (not in allowlist / oversize)
nvkvm: DENY ctrl cmd 0xa06f0111 (not in allowlist / oversize)
nvkvm: DENY ctrl cmd 0xa06f0111 (not in allowlist / oversize)
nvkvm: DENY ctrl cmd 0xa06f0111 (not in allowlist / oversize)
nvkvm: DENY ctrl cmd 0xa06f0111 (not in allowlist / oversize)
nvkvm: DENY ctrl cmd 0xa06f0111 (not in allowlist / oversize)
nvkvm: DENY ctrl cmd 0xa06f0111 (not in allowlist / oversize)
nvkvm: DENY ctrl cmd 0xa06f0111 (not in allowlist / oversize)
nvkvm: DENY ctrl cmd 0xa06f0111 (not in allowlist / oversize)
nvkvm: DENY ctrl cmd 0xa06f0111 (not in allowlist / oversize)
nvkvm: DENY ctrl cmd 0xa06f0111 (not in allowlist / oversize)
nvkvm: DENY ctrl cmd 0xa06f0111 (not in allowlist / oversize)
nvkvm: DENY ctrl cmd 0xa06f0111 (not in allowlist / oversize)
nvkvm: DENY ctrl cmd 0xa06f0111 (not in allowlist / oversize)
nvkvm: DENY ctrl cmd 0xa06f0111 (not in allowlist / oversize)
nvkvm: DENY ctrl cmd 0xa06f0111 (not in allowlist / oversize)
nvkvm: DENY ctrl cmd 0xa06f0111 (not in allowlist / oversize)
nvkvm: DENY ctrl cmd 0xa06f0111 (not in allowlist / oversize)
nvkvm: DENY ctrl cmd 0xa06f0111 (not in allowlist / oversize)
nvkvm: DENY ctrl cmd 0xa06f0111 (not in allowlist / oversize)
nvkvm: DENY ctrl cmd 0xa06f0111 (not in allowlist / oversize)
nvkvm: DENY ctrl cmd 0xa06f0111 (not in allowlist / oversize)
nvkvm: DENY ctrl cmd 0xa06f0111 (not in allowlist / oversize)
nvkvm: DENY ctrl cmd 0xa06f0111 (not in allowlist / oversize)
nvkvm: DENY ctrl cmd 0xa06f0111 (not in allowlist / oversize)
nvkvm: DENY ctrl cmd 0xa06f0111 (not in allowlist / oversize)
nvkvm: DENY ctrl cmd 0xa06f0111 (not in allowlist / oversize)
nvkvm: DENY ctrl cmd 0xa06f0111 (not in allowlist / oversize)
nvkvm: DENY ctrl cmd 0xa06f0111 (not in allowlist / oversize)
nvkvm: DENY ctrl cmd 0xa06f0111 (not in allowlist / oversize)
nvkvm: DENY ctrl cmd 0xa06f0111 (not in allowlist / oversize)
nvkvm: DENY ctrl cmd 0xa06f0111 (not in allowlist / oversize)
nvkvm: DENY ctrl cmd 0xa06f0111 (not in allowlist / oversize)
nvkvm: DENY ctrl cmd 0xa06f0111 (not in allowlist / oversize)
nvkvm: DENY ctrl cmd 0xa06f0111 (not in allowlist / oversize)
nvkvm: DENY ctrl cmd 0xa06f0111 (not in allowlist / oversize)
nvkvm: DENY ctrl cmd 0xa06f0111 (not in allowlist / oversize)
nvkvm: DENY ctrl cmd 0xa06f0111 (not in allowlist / oversize)
nvkvm: DENY ctrl cmd 0xa06f0111 (not in allowlist / oversize)
nvkvm: DENY ctrl cmd 0xa06f0111 (not in allowlist / oversize)
nvkvm: DENY ctrl cmd 0xa06f0111 (not in allowlist / oversize)
nvkvm: DENY ctrl cmd 0xa06f0111 (not in allowlist / oversize)
nvkvm: DENY ctrl cmd 0xa06f0111 (not in allowlist / oversize)
nvkvm: DENY ctrl cmd 0xa06f0111 (not in allowlist / oversize)
nvkvm: DENY ctrl cmd 0xa06f0111 (not in allowlist / oversize)
nvkvm disp stats: 59.0 frames/s dropped=0 failed=0 present_mean=0.54ms (total consumed=1433 dropped=0 failed=1)
nvkvm: DENY ctrl cmd 0xa06f0111 (not in allowlist / oversize)
nvkvm: DENY ctrl cmd 0xa06f0111 (not in allowlist / oversize)
nvkvm: DENY ctrl cmd 0xa06f0111 (not in allowlist / oversize)
nvkvm: DENY ctrl cmd 0xa06f0111 (not in allowlist / oversize)
nvkvm: DENY ctrl cmd 0xa06f0111 (not in allowlist / oversize)
nvkvm: DENY ctrl cmd 0xa06f0111 (not in allowlist / oversize)
nvkvm: DENY ctrl cmd 0xa06f0111 (not in allowlist / oversize)
nvkvm: DENY ctrl cmd 0xa06f0111 (not in allowlist / oversize)
nvkvm: DENY ctrl cmd 0xa06f0111 (not in allowlist / oversize)
nvkvm: DENY ctrl cmd 0xa06f0111 (not in allowlist / oversize)
nvkvm: DENY ctrl cmd 0xa06f0111 (not in allowlist / oversize)
nvkvm: DENY ctrl cmd 0xa06f0111 (not in allowlist / oversize)
nvkvm: DENY ctrl cmd 0xa06f0111 (not in allowlist / oversize)
nvkvm: DENY ctrl cmd 0xa06f0111 (not in allowlist / oversize)
nvkvm: DENY ctrl cmd 0xa06f0111 (not in allowlist / oversize)
nvkvm: DENY ctrl cmd 0xa06f0111 (not in allowlist / oversize)
nvkvm: DENY ctrl cmd 0xa06f0111 (not in allowlist / oversize)
nvkvm: DENY ctrl cmd 0xa06f0111 (not in allowlist / oversize)
nvkvm: DENY ctrl cmd 0xa06f0111 (not in allowlist / oversize)
nvkvm: DENY ctrl cmd 0xa06f0111 (not in allowlist / oversize)
nvkvm: DENY ctrl cmd 0xa06f0111 (not in allowlist / oversize)
nvkvm: DENY ctrl cmd 0xa06f0111 (not in allowlist / oversize)
nvkvm: DENY ctrl cmd 0xa06f0111 (not in allowlist / oversize)
nvkvm: DENY ctrl cmd 0xa06f0111 (not in allowlist / oversize)
nvkvm: DENY ctrl cmd 0xa06f0111 (not in allowlist / oversize)
nvkvm: DENY ctrl cmd 0xa06f0111 (not in allowlist / oversize)
nvkvm: DENY ctrl cmd 0xa06f0111 (not in allowlist / oversize)
nvkvm: DENY ctrl cmd 0xa06f0111 (not in allowlist / oversize)
nvkvm: DENY ctrl cmd 0xa06f0111 (not in allowlist / oversize)
nvkvm: DENY ctrl cmd 0xa06f0111 (not in allowlist / oversize)
nvkvm: DENY ctrl cmd 0xa06f0111 (not in allowlist / oversize)
nvkvm: DENY ctrl cmd 0xa06f0111 (not in allowlist / oversize)
nvkvm: DENY ctrl cmd 0xa06f0111 (not in allowlist / oversize)
nvkvm: DENY ctrl cmd 0xa06f0111 (not in allowlist / oversize)
nvkvm: DENY ctrl cmd 0xa06f0111 (not in allowlist / oversize)
nvkvm: DENY ctrl cmd 0xa06f0111 (not in allowlist / oversize)
nvkvm: DENY ctrl cmd 0xa06f0111 (not in allowlist / oversize)
nvkvm: DENY ctrl cmd 0xa06f0111 (not in allowlist / oversize)
nvkvm: DENY ctrl cmd 0xa06f0111 (not in allowlist / oversize)
nvkvm: DENY ctrl cmd 0xa06f0111 (not in allowlist / oversize)
nvkvm: DENY ctrl cmd 0xa06f0111 (not in allowlist / oversize)
nvkvm: DENY ctrl cmd 0xa06f0111 (not in allowlist / oversize)
nvkvm: DENY ctrl cmd 0xa06f0111 (not in allowlist / oversize)
nvkvm: DENY ctrl cmd 0xa06f0111 (not in allowlist / oversize)
nvkvm: DENY ctrl cmd 0xa06f0111 (not in allowlist / oversize)
nvkvm: DENY ctrl cmd 0xa06f0111 (not in allowlist / oversize)
nvkvm: DENY ctrl cmd 0xa06f0111 (not in allowlist / oversize)
nvkvm: DENY ctrl cmd 0xa06f0111 (not in allowlist / oversize)
nvkvm: DENY ctrl cmd 0xa06f0111 (not in allowlist / oversize)
nvkvm: DENY ctrl cmd 0xa06f0111 (not in allowlist / oversize)
nvkvm: DENY ctrl cmd 0xa06f0111 (not in allowlist / oversize)
nvkvm: DENY ctrl cmd 0xa06f0111 (not in allowlist / oversize)
nvkvm: DENY ctrl cmd 0xa06f0111 (not in allowlist / oversize)
nvkvm: DENY ctrl cmd 0xa06f0111 (not in allowlist / oversize)
nvkvm: DENY ctrl cmd 0xa06f0111 (not in allowlist / oversize)
nvkvm: DENY ctrl cmd 0xa06f0111 (not in allowlist / oversize)
nvkvm: DENY ctrl cmd 0xa06f0111 (not in allowlist / oversize)
nvkvm: DENY ctrl cmd 0xa06f0111 (not in allowlist / oversize)
nvkvm: DENY ctrl cmd 0xa06f0111 (not in allowlist / oversize)
nvkvm: DENY ctrl cmd 0xa06f0111 (not in allowlist / oversize)
nvkvm disp stats: 60.0 frames/s dropped=0 failed=0 present_mean=0.60ms (total consumed=1493 dropped=0 failed=1)
nvkvm: DENY ctrl cmd 0xa06f0111 (not in allowlist / oversize)
nvkvm: DENY ctrl cmd 0xa06f0111 (not in allowlist / oversize)
nvkvm: DENY ctrl cmd 0xa06f0111 (not in allowlist / oversize)
nvkvm: DENY ctrl cmd 0xa06f0111 (not in allowlist / oversize)
nvkvm: DENY ctrl cmd 0xa06f0111 (not in allowlist / oversize)
nvkvm: DENY ctrl cmd 0xa06f0111 (not in allowlist / oversize)
nvkvm: DENY ctrl cmd 0xa06f0111 (not in allowlist / oversize)
nvkvm: DENY ctrl cmd 0xa06f0111 (not in allowlist / oversize)
nvkvm: DENY ctrl cmd 0xa06f0111 (not in allowlist / oversize)
nvkvm: DENY ctrl cmd 0xa06f0111 (not in allowlist / oversize)
nvkvm: DENY ctrl cmd 0xa06f0111 (not in allowlist / oversize)
nvkvm: DENY ctrl cmd 0xa06f0111 (not in allowlist / oversize)
nvkvm: DENY ctrl cmd 0xa06f0111 (not in allowlist / oversize)
nvkvm: DENY ctrl cmd 0xa06f0111 (not in allowlist / oversize)
nvkvm: DENY ctrl cmd 0xa06f0111 (not in allowlist / oversize)
nvkvm: DENY ctrl cmd 0xa06f0111 (not in allowlist / oversize)
nvkvm: DENY ctrl cmd 0xa06f0111 (not in allowlist / oversize)
nvkvm: DENY ctrl cmd 0xa06f0111 (not in allowlist / oversize)
nvkvm: DENY ctrl cmd 0xa06f0111 (not in allowlist / oversize)
nvkvm: DENY ctrl cmd 0xa06f0111 (not in allowlist / oversize)
nvkvm: DENY ctrl cmd 0xa06f0111 (not in allowlist / oversize)
nvkvm: DENY ctrl cmd 0xa06f0111 (not in allowlist / oversize)
nvkvm: DENY ctrl cmd 0xa06f0111 (not in allowlist / oversize)
nvkvm: DENY ctrl cmd 0xa06f0111 (not in allowlist / oversize)
nvkvm: DENY ctrl cmd 0xa06f0111 (not in allowlist / oversize)
nvkvm: DENY ctrl cmd 0xa06f0111 (not in allowlist / oversize)
nvkvm: DENY ctrl cmd 0xa06f0111 (not in allowlist / oversize)
nvkvm: DENY ctrl cmd 0xa06f0111 (not in allowlist / oversize)
nvkvm: DENY ctrl cmd 0xa06f0111 (not in allowlist / oversize)
nvkvm: DENY ctrl cmd 0xa06f0111 (not in allowlist / oversize)
nvkvm: DENY ctrl cmd 0xa06f0111 (not in allowlist / oversize)
nvkvm: DENY ctrl cmd 0xa06f0111 (not in allowlist / oversize)
nvkvm: DENY ctrl cmd 0xa06f0111 (not in allowlist / oversize)
nvkvm: DENY ctrl cmd 0xa06f0111 (not in allowlist / oversize)
nvkvm: DENY ctrl cmd 0xa06f0111 (not in allowlist / oversize)
nvkvm: DENY ctrl cmd 0xa06f0111 (not in allowlist / oversize)
nvkvm: DENY ctrl cmd 0xa06f0111 (not in allowlist / oversize)
nvkvm: DENY ctrl cmd 0xa06f0111 (not in allowlist / oversize)
nvkvm: DENY ctrl cmd 0xa06f0111 (not in allowlist / oversize)
nvkvm: DENY ctrl cmd 0xa06f0111 (not in allowlist / oversize)
nvkvm: DENY ctrl cmd 0xa06f0111 (not in allowlist / oversize)
nvkvm: DENY ctrl cmd 0xa06f0111 (not in allowlist / oversize)
nvkvm: DENY ctrl cmd 0xa06f0111 (not in allowlist / oversize)
nvkvm: DENY ctrl cmd 0xa06f0111 (not in allowlist / oversize)
nvkvm: DENY ctrl cmd 0xa06f0111 (not in allowlist / oversize)
nvkvm: DENY ctrl cmd 0xa06f0111 (not in allowlist / oversize)
nvkvm: DENY ctrl cmd 0xa06f0111 (not in allowlist / oversize)
nvkvm: DENY ctrl cmd 0xa06f0111 (not in allowlist / oversize)
nvkvm: DENY ctrl cmd 0xa06f0111 (not in allowlist / oversize)
nvkvm: DENY ctrl cmd 0xa06f0111 (not in allowlist / oversize)
nvkvm: DENY ctrl cmd 0xa06f0111 (not in allowlist / oversize)
nvkvm: DENY ctrl cmd 0xa06f0111 (not in allowlist / oversize)
nvkvm: DENY ctrl cmd 0xa06f0111 (not in allowlist / oversize)
nvkvm: DENY ctrl cmd 0xa06f0111 (not in allowlist / oversize)
nvkvm: DENY ctrl cmd 0xa06f0111 (not in allowlist / oversize)
nvkvm: DENY ctrl cmd 0xa06f0111 (not in allowlist / oversize)
nvkvm: DENY ctrl cmd 0xa06f0111 (not in allowlist / oversize)
nvkvm: DENY ctrl cmd 0xa06f0111 (not in allowlist / oversize)
nvkvm: DENY ctrl cmd 0xa06f0111 (not in allowlist / oversize)
nvkvm: DENY ctrl cmd 0xa06f0111 (not in allowlist / oversize)
nvkvm disp stats: 59.1 frames/s dropped=0 failed=0 present_mean=0.41ms (total consumed=1553 dropped=0 failed=1)
nvkvm: DENY ctrl cmd 0xa06f0111 (not in allowlist / oversize)
nvkvm: DENY ctrl cmd 0xa06f0111 (not in allowlist / oversize)
nvkvm: DENY ctrl cmd 0xa06f0111 (not in allowlist / oversize)
nvkvm: DENY ctrl cmd 0xa06f0111 (not in allowlist / oversize)
nvkvm: DENY ctrl cmd 0xa06f0111 (not in allowlist / oversize)
nvkvm: DENY ctrl cmd 0xa06f0111 (not in allowlist / oversize)
nvkvm: DENY ctrl cmd 0xa06f0111 (not in allowlist / oversize)
nvkvm: DENY ctrl cmd 0xa06f0111 (not in allowlist / oversize)
nvkvm: DENY ctrl cmd 0xa06f0111 (not in allowlist / oversize)
nvkvm: DENY ctrl cmd 0xa06f0111 (not in allowlist / oversize)
nvkvm: DENY ctrl cmd 0xa06f0111 (not in allowlist / oversize)
nvkvm: DENY ctrl cmd 0xa06f0111 (not in allowlist / oversize)
nvkvm: DENY ctrl cmd 0xa06f0111 (not in allowlist / oversize)
nvkvm: DENY ctrl cmd 0xa06f0111 (not in allowlist / oversize)
nvkvm: DENY ctrl cmd 0xa06f0111 (not in allowlist / oversize)
nvkvm: DENY ctrl cmd 0xa06f0111 (not in allowlist / oversize)
nvkvm: DENY ctrl cmd 0xa06f0111 (not in allowlist / oversize)
nvkvm: DENY ctrl cmd 0xa06f0111 (not in allowlist / oversize)
nvkvm: DENY ctrl cmd 0xa06f0111 (not in allowlist / oversize)
nvkvm: DENY ctrl cmd 0xa06f0111 (not in allowlist / oversize)
nvkvm: DENY ctrl cmd 0xa06f0111 (not in allowlist / oversize)
nvkvm: DENY ctrl cmd 0xa06f0111 (not in allowlist / oversize)
nvkvm: DENY ctrl cmd 0xa06f0111 (not in allowlist / oversize)
nvkvm: DENY ctrl cmd 0xa06f0111 (not in allowlist / oversize)
nvkvm: DENY ctrl cmd 0xa06f0111 (not in allowlist / oversize)
nvkvm: DENY ctrl cmd 0xa06f0111 (not in allowlist / oversize)
nvkvm: DENY ctrl cmd 0xa06f0111 (not in allowlist / oversize)
nvkvm: DENY ctrl cmd 0xa06f0111 (not in allowlist / oversize)
nvkvm: DENY ctrl cmd 0xa06f0111 (not in allowlist / oversize)
nvkvm: DENY ctrl cmd 0xa06f0111 (not in allowlist / oversize)
nvkvm: DENY ctrl cmd 0xa06f0111 (not in allowlist / oversize)
nvkvm: DENY ctrl cmd 0xa06f0111 (not in allowlist / oversize)
nvkvm: DENY ctrl cmd 0xa06f0111 (not in allowlist / oversize)
nvkvm: DENY ctrl cmd 0xa06f0111 (not in allowlist / oversize)
nvkvm: DENY ctrl cmd 0xa06f0111 (not in allowlist / oversize)
nvkvm: DENY ctrl cmd 0xa06f0111 (not in allowlist / oversize)
nvkvm: DENY ctrl cmd 0xa06f0111 (not in allowlist / oversize)
nvkvm: DENY ctrl cmd 0xa06f0111 (not in allowlist / oversize)
nvkvm: DENY ctrl cmd 0xa06f0111 (not in allowlist / oversize)
nvkvm: DENY ctrl cmd 0xa06f0111 (not in allowlist / oversize)
nvkvm: DENY ctrl cmd 0xa06f0111 (not in allowlist / oversize)
nvkvm: DENY ctrl cmd 0xa06f0111 (not in allowlist / oversize)
nvkvm: DENY ctrl cmd 0xa06f0111 (not in allowlist / oversize)
nvkvm: DENY ctrl cmd 0xa06f0111 (not in allowlist / oversize)
nvkvm: DENY ctrl cmd 0xa06f0111 (not in allowlist / oversize)
nvkvm: DENY ctrl cmd 0xa06f0111 (not in allowlist / oversize)
nvkvm: DENY ctrl cmd 0xa06f0111 (not in allowlist / oversize)
nvkvm: DENY ctrl cmd 0xa06f0111 (not in allowlist / oversize)
nvkvm: DENY ctrl cmd 0xa06f0111 (not in allowlist / oversize)
nvkvm: DENY ctrl cmd 0xa06f0111 (not in allowlist / oversize)
nvkvm: DENY ctrl cmd 0xa06f0111 (not in allowlist / oversize)
nvkvm: DENY ctrl cmd 0xa06f0111 (not in allowlist / oversize)
nvkvm: DENY ctrl cmd 0xa06f0111 (not in allowlist / oversize)
nvkvm: DENY ctrl cmd 0xa06f0111 (not in allowlist / oversize)
nvkvm: DENY ctrl cmd 0xa06f0111 (not in allowlist / oversize)
nvkvm: DENY ctrl cmd 0xa06f0111 (not in allowlist / oversize)
nvkvm: DENY ctrl cmd 0xa06f0111 (not in allowlist / oversize)
nvkvm: DENY ctrl cmd 0xa06f0111 (not in allowlist / oversize)
nvkvm: DENY ctrl cmd 0xa06f0111 (not in allowlist / oversize)
nvkvm: DENY ctrl cmd 0xa06f0111 (not in allowlist / oversize)
nvkvm disp stats: 59.9 frames/s dropped=0 failed=0 present_mean=0.58ms (total consumed=1613 dropped=0 failed=1)
nvkvm: DENY ctrl cmd 0xa06f0111 (not in allowlist / oversize)
nvkvm: DENY ctrl cmd 0xa06f0111 (not in allowlist / oversize)
nvkvm: DENY ctrl cmd 0xa06f0111 (not in allowlist / oversize)
nvkvm: DENY ctrl cmd 0xa06f0111 (not in allowlist / oversize)
nvkvm: DENY ctrl cmd 0xa06f0111 (not in allowlist / oversize)
nvkvm: DENY ctrl cmd 0xa06f0111 (not in allowlist / oversize)
nvkvm: DENY ctrl cmd 0xa06f0111 (not in allowlist / oversize)
nvkvm: DENY ctrl cmd 0xa06f0111 (not in allowlist / oversize)
nvkvm: DENY ctrl cmd 0xa06f0111 (not in allowlist / oversize)
nvkvm: DENY ctrl cmd 0xa06f0111 (not in allowlist / oversize)
nvkvm: DENY ctrl cmd 0xa06f0111 (not in allowlist / oversize)
nvkvm: DENY ctrl cmd 0xa06f0111 (not in allowlist / oversize)
nvkvm: DENY ctrl cmd 0xa06f0111 (not in allowlist / oversize)
nvkvm: DENY ctrl cmd 0xa06f0111 (not in allowlist / oversize)
nvkvm: DENY ctrl cmd 0xa06f0111 (not in allowlist / oversize)
nvkvm: DENY ctrl cmd 0xa06f0111 (not in allowlist / oversize)
nvkvm: DENY ctrl cmd 0xa06f0111 (not in allowlist / oversize)
nvkvm: DENY ctrl cmd 0xa06f0111 (not in allowlist / oversize)
nvkvm: DENY ctrl cmd 0xa06f0111 (not in allowlist / oversize)
nvkvm: DENY ctrl cmd 0xa06f0111 (not in allowlist / oversize)
nvkvm: DENY ctrl cmd 0xa06f0111 (not in allowlist / oversize)
nvkvm: DENY ctrl cmd 0xa06f0111 (not in allowlist / oversize)
nvkvm: DENY ctrl cmd 0xa06f0111 (not in allowlist / oversize)
nvkvm: DENY ctrl cmd 0xa06f0111 (not in allowlist / oversize)
nvkvm: DENY ctrl cmd 0xa06f0111 (not in allowlist / oversize)
nvkvm: DENY ctrl cmd 0xa06f0111 (not in allowlist / oversize)
nvkvm: DENY ctrl cmd 0xa06f0111 (not in allowlist / oversize)
nvkvm: DENY ctrl cmd 0xa06f0111 (not in allowlist / oversize)
nvkvm: DENY ctrl cmd 0xa06f0111 (not in allowlist / oversize)
nvkvm: DENY ctrl cmd 0xa06f0111 (not in allowlist / oversize)
nvkvm: DENY ctrl cmd 0xa06f0111 (not in allowlist / oversize)
nvkvm: DENY ctrl cmd 0xa06f0111 (not in allowlist / oversize)
nvkvm: DENY ctrl cmd 0xa06f0111 (not in allowlist / oversize)
nvkvm: DENY ctrl cmd 0xa06f0111 (not in allowlist / oversize)
nvkvm: DENY ctrl cmd 0xa06f0111 (not in allowlist / oversize)
nvkvm: DENY ctrl cmd 0xa06f0111 (not in allowlist / oversize)
nvkvm: DENY ctrl cmd 0xa06f0111 (not in allowlist / oversize)
nvkvm: DENY ctrl cmd 0xa06f0111 (not in allowlist / oversize)
nvkvm: DENY ctrl cmd 0xa06f0111 (not in allowlist / oversize)
nvkvm: DENY ctrl cmd 0xa06f0111 (not in allowlist / oversize)
nvkvm: DENY ctrl cmd 0xa06f0111 (not in allowlist / oversize)
nvkvm: DENY ctrl cmd 0xa06f0111 (not in allowlist / oversize)
nvkvm: DENY ctrl cmd 0xa06f0111 (not in allowlist / oversize)
nvkvm: DENY ctrl cmd 0xa06f0111 (not in allowlist / oversize)
nvkvm: DENY ctrl cmd 0xa06f0111 (not in allowlist / oversize)
nvkvm: DENY ctrl cmd 0xa06f0111 (not in allowlist / oversize)
nvkvm: DENY ctrl cmd 0xa06f0111 (not in allowlist / oversize)
nvkvm: DENY ctrl cmd 0xa06f0111 (not in allowlist / oversize)
nvkvm: DENY ctrl cmd 0xa06f0111 (not in allowlist / oversize)
nvkvm: DENY ctrl cmd 0xa06f0111 (not in allowlist / oversize)
nvkvm: DENY ctrl cmd 0xa06f0111 (not in allowlist / oversize)
nvkvm: DENY ctrl cmd 0xa06f0111 (not in allowlist / oversize)
nvkvm: DENY ctrl cmd 0xa06f0111 (not in allowlist / oversize)
nvkvm: DENY ctrl cmd 0xa06f0111 (not in allowlist / oversize)
nvkvm: DENY ctrl cmd 0xa06f0111 (not in allowlist / oversize)
nvkvm: DENY ctrl cmd 0xa06f0111 (not in allowlist / oversize)
nvkvm: DENY ctrl cmd 0xa06f0111 (not in allowlist / oversize)
nvkvm: DENY ctrl cmd 0xa06f0111 (not in allowlist / oversize)
nvkvm: DENY ctrl cmd 0xa06f0111 (not in allowlist / oversize)
nvkvm: DENY ctrl cmd 0xa06f0111 (not in allowlist / oversize)
nvkvm disp stats: 59.9 frames/s dropped=0 failed=0 present_mean=0.64ms (total consumed=1673 dropped=0 failed=1)
nvkvm: DENY ctrl cmd 0xa06f0111 (not in allowlist / oversize)
nvkvm: DENY ctrl cmd 0xa06f0111 (not in allowlist / oversize)
nvkvm: DENY ctrl cmd 0xa06f0111 (not in allowlist / oversize)
nvkvm: DENY ctrl cmd 0xa06f0111 (not in allowlist / oversize)
nvkvm: DENY ctrl cmd 0xa06f0111 (not in allowlist / oversize)
nvkvm: DENY ctrl cmd 0xa06f0111 (not in allowlist / oversize)
nvkvm: DENY ctrl cmd 0xa06f0111 (not in allowlist / oversize)
nvkvm: DENY ctrl cmd 0xa06f0111 (not in allowlist / oversize)
nvkvm: DENY ctrl cmd 0xa06f0111 (not in allowlist / oversize)
nvkvm: DENY ctrl cmd 0xa06f0111 (not in allowlist / oversize)
nvkvm: DENY ctrl cmd 0xa06f0111 (not in allowlist / oversize)
nvkvm: DENY ctrl cmd 0xa06f0111 (not in allowlist / oversize)
nvkvm: DENY ctrl cmd 0xa06f0111 (not in allowlist / oversize)
nvkvm: DENY ctrl cmd 0xa06f0111 (not in allowlist / oversize)
nvkvm: DENY ctrl cmd 0xa06f0111 (not in allowlist / oversize)
nvkvm: DENY ctrl cmd 0xa06f0111 (not in allowlist / oversize)
nvkvm: DENY ctrl cmd 0xa06f0111 (not in allowlist / oversize)
nvkvm: DENY ctrl cmd 0xa06f0111 (not in allowlist / oversize)
nvkvm: DENY ctrl cmd 0xa06f0111 (not in allowlist / oversize)
nvkvm: DENY ctrl cmd 0xa06f0111 (not in allowlist / oversize)
nvkvm: DENY ctrl cmd 0xa06f0111 (not in allowlist / oversize)
nvkvm: DENY ctrl cmd 0xa06f0111 (not in allowlist / oversize)
nvkvm: DENY ctrl cmd 0xa06f0111 (not in allowlist / oversize)
nvkvm: DENY ctrl cmd 0xa06f0111 (not in allowlist / oversize)
nvkvm: DENY ctrl cmd 0xa06f0111 (not in allowlist / oversize)
nvkvm: DENY ctrl cmd 0xa06f0111 (not in allowlist / oversize)
nvkvm: DENY ctrl cmd 0xa06f0111 (not in allowlist / oversize)
nvkvm: DENY ctrl cmd 0xa06f0111 (not in allowlist / oversize)
nvkvm: DENY ctrl cmd 0xa06f0111 (not in allowlist / oversize)
nvkvm: DENY ctrl cmd 0xa06f0111 (not in allowlist / oversize)
nvkvm: DENY ctrl cmd 0xa06f0111 (not in allowlist / oversize)
nvkvm: DENY ctrl cmd 0xa06f0111 (not in allowlist / oversize)
nvkvm: DENY ctrl cmd 0xa06f0111 (not in allowlist / oversize)
nvkvm: DENY ctrl cmd 0xa06f0111 (not in allowlist / oversize)
nvkvm: DENY ctrl cmd 0xa06f0111 (not in allowlist / oversize)
nvkvm: DENY ctrl cmd 0xa06f0111 (not in allowlist / oversize)
nvkvm: DENY ctrl cmd 0xa06f0111 (not in allowlist / oversize)
nvkvm: DENY ctrl cmd 0xa06f0111 (not in allowlist / oversize)
nvkvm: DENY ctrl cmd 0xa06f0111 (not in allowlist / oversize)
nvkvm: DENY ctrl cmd 0xa06f0111 (not in allowlist / oversize)
nvkvm: DENY ctrl cmd 0xa06f0111 (not in allowlist / oversize)
nvkvm: DENY ctrl cmd 0xa06f0111 (not in allowlist / oversize)
nvkvm: DENY ctrl cmd 0xa06f0111 (not in allowlist / oversize)
nvkvm: DENY ctrl cmd 0xa06f0111 (not in allowlist / oversize)
nvkvm: DENY ctrl cmd 0xa06f0111 (not in allowlist / oversize)
nvkvm: DENY ctrl cmd 0xa06f0111 (not in allowlist / oversize)
nvkvm: DENY ctrl cmd 0xa06f0111 (not in allowlist / oversize)
nvkvm: DENY ctrl cmd 0xa06f0111 (not in allowlist / oversize)
nvkvm: DENY ctrl cmd 0xa06f0111 (not in allowlist / oversize)
nvkvm: DENY ctrl cmd 0xa06f0111 (not in allowlist / oversize)
nvkvm: DENY ctrl cmd 0xa06f0111 (not in allowlist / oversize)
nvkvm: DENY ctrl cmd 0xa06f0111 (not in allowlist / oversize)
nvkvm: DENY ctrl cmd 0xa06f0111 (not in allowlist / oversize)
nvkvm: DENY ctrl cmd 0xa06f0111 (not in allowlist / oversize)
nvkvm: DENY ctrl cmd 0xa06f0111 (not in allowlist / oversize)
nvkvm: DENY ctrl cmd 0xa06f0111 (not in allowlist / oversize)
nvkvm: DENY ctrl cmd 0xa06f0111 (not in allowlist / oversize)
nvkvm: DENY ctrl cmd 0xa06f0111 (not in allowlist / oversize)
nvkvm: DENY ctrl cmd 0xa06f0111 (not in allowlist / oversize)
nvkvm: DENY ctrl cmd 0xa06f0111 (not in allowlist / oversize)
nvkvm: DENY ctrl cmd 0xa06f0111 (not in allowlist / oversize)
nvkvm disp stats: 60.1 frames/s dropped=0 failed=0 present_mean=0.56ms (total consumed=1734 dropped=0 failed=1)
nvkvm: DENY ctrl cmd 0xa06f0111 (not in allowlist / oversize)
nvkvm: DENY ctrl cmd 0xa06f0111 (not in allowlist / oversize)
nvkvm: DENY ctrl cmd 0xa06f0111 (not in allowlist / oversize)
nvkvm: DENY ctrl cmd 0xa06f0111 (not in allowlist / oversize)
nvkvm: DENY ctrl cmd 0xa06f0111 (not in allowlist / oversize)
nvkvm: DENY ctrl cmd 0xa06f0111 (not in allowlist / oversize)
nvkvm: DENY ctrl cmd 0xa06f0111 (not in allowlist / oversize)
nvkvm: DENY ctrl cmd 0xa06f0111 (not in allowlist / oversize)
nvkvm: DENY ctrl cmd 0xa06f0111 (not in allowlist / oversize)
nvkvm: DENY ctrl cmd 0xa06f0111 (not in allowlist / oversize)
nvkvm: DENY ctrl cmd 0xa06f0111 (not in allowlist / oversize)
nvkvm: DENY ctrl cmd 0xa06f0111 (not in allowlist / oversize)
nvkvm: DENY ctrl cmd 0xa06f0111 (not in allowlist / oversize)
nvkvm: DENY ctrl cmd 0xa06f0111 (not in allowlist / oversize)
nvkvm: DENY ctrl cmd 0xa06f0111 (not in allowlist / oversize)
nvkvm: DENY ctrl cmd 0xa06f0111 (not in allowlist / oversize)
nvkvm: DENY ctrl cmd 0xa06f0111 (not in allowlist / oversize)
nvkvm: DENY ctrl cmd 0xa06f0111 (not in allowlist / oversize)
nvkvm: DENY ctrl cmd 0xa06f0111 (not in allowlist / oversize)
nvkvm: DENY ctrl cmd 0xa06f0111 (not in allowlist / oversize)
nvkvm: DENY ctrl cmd 0xa06f0111 (not in allowlist / oversize)
nvkvm: DENY ctrl cmd 0xa06f0111 (not in allowlist / oversize)
nvkvm: DENY ctrl cmd 0xa06f0111 (not in allowlist / oversize)
nvkvm: DENY ctrl cmd 0xa06f0111 (not in allowlist / oversize)
nvkvm: DENY ctrl cmd 0xa06f0111 (not in allowlist / oversize)
nvkvm: DENY ctrl cmd 0xa06f0111 (not in allowlist / oversize)
nvkvm: DENY ctrl cmd 0xa06f0111 (not in allowlist / oversize)
nvkvm: DENY ctrl cmd 0xa06f0111 (not in allowlist / oversize)
nvkvm: DENY ctrl cmd 0xa06f0111 (not in allowlist / oversize)
nvkvm: DENY ctrl cmd 0xa06f0111 (not in allowlist / oversize)
nvkvm: DENY ctrl cmd 0xa06f0111 (not in allowlist / oversize)
nvkvm: DENY ctrl cmd 0xa06f0111 (not in allowlist / oversize)
nvkvm: DENY ctrl cmd 0xa06f0111 (not in allowlist / oversize)
nvkvm: DENY ctrl cmd 0xa06f0111 (not in allowlist / oversize)
nvkvm: DENY ctrl cmd 0xa06f0111 (not in allowlist / oversize)
nvkvm: DENY ctrl cmd 0xa06f0111 (not in allowlist / oversize)
nvkvm: DENY ctrl cmd 0xa06f0111 (not in allowlist / oversize)
nvkvm: DENY ctrl cmd 0xa06f0111 (not in allowlist / oversize)
nvkvm: DENY ctrl cmd 0xa06f0111 (not in allowlist / oversize)
nvkvm: DENY ctrl cmd 0xa06f0111 (not in allowlist / oversize)
nvkvm: DENY ctrl cmd 0xa06f0111 (not in allowlist / oversize)
nvkvm: DENY ctrl cmd 0xa06f0111 (not in allowlist / oversize)
nvkvm: DENY ctrl cmd 0xa06f0111 (not in allowlist / oversize)
nvkvm: DENY ctrl cmd 0xa06f0111 (not in allowlist / oversize)
nvkvm: DENY ctrl cmd 0xa06f0111 (not in allowlist / oversize)
nvkvm: DENY ctrl cmd 0xa06f0111 (not in allowlist / oversize)
nvkvm: DENY ctrl cmd 0xa06f0111 (not in allowlist / oversize)
nvkvm: DENY ctrl cmd 0xa06f0111 (not in allowlist / oversize)
nvkvm: DENY ctrl cmd 0xa06f0111 (not in allowlist / oversize)
nvkvm: DENY ctrl cmd 0xa06f0111 (not in allowlist / oversize)
nvkvm: DENY ctrl cmd 0xa06f0111 (not in allowlist / oversize)
nvkvm: DENY ctrl cmd 0xa06f0111 (not in allowlist / oversize)
nvkvm: DENY ctrl cmd 0xa06f0111 (not in allowlist / oversize)
nvkvm: DENY ctrl cmd 0xa06f0111 (not in allowlist / oversize)
nvkvm: DENY ctrl cmd 0xa06f0111 (not in allowlist / oversize)
nvkvm: DENY ctrl cmd 0xa06f0111 (not in allowlist / oversize)
nvkvm: DENY ctrl cmd 0xa06f0111 (not in allowlist / oversize)
nvkvm: DENY ctrl cmd 0xa06f0111 (not in allowlist / oversize)
nvkvm: DENY ctrl cmd 0xa06f0111 (not in allowlist / oversize)
nvkvm: DENY ctrl cmd 0xa06f0111 (not in allowlist / oversize)
nvkvm disp stats: 59.9 frames/s dropped=0 failed=0 present_mean=0.62ms (total consumed=1794 dropped=0 failed=1)
nvkvm: DENY ctrl cmd 0xa06f0111 (not in allowlist / oversize)
nvkvm: DENY ctrl cmd 0xa06f0111 (not in allowlist / oversize)
nvkvm: DENY ctrl cmd 0xa06f0111 (not in allowlist / oversize)
nvkvm: DENY ctrl cmd 0xa06f0111 (not in allowlist / oversize)
nvkvm: DENY ctrl cmd 0xa06f0111 (not in allowlist / oversize)
nvkvm: DENY ctrl cmd 0xa06f0111 (not in allowlist / oversize)
nvkvm: DENY ctrl cmd 0xa06f0111 (not in allowlist / oversize)
nvkvm: DENY ctrl cmd 0xa06f0111 (not in allowlist / oversize)
nvkvm: DENY ctrl cmd 0xa06f0111 (not in allowlist / oversize)
nvkvm: DENY ctrl cmd 0xa06f0111 (not in allowlist / oversize)
nvkvm: DENY ctrl cmd 0xa06f0111 (not in allowlist / oversize)
nvkvm: DENY ctrl cmd 0xa06f0111 (not in allowlist / oversize)
nvkvm: DENY ctrl cmd 0xa06f0111 (not in allowlist / oversize)
nvkvm: DENY ctrl cmd 0xa06f0111 (not in allowlist / oversize)
nvkvm: DENY ctrl cmd 0xa06f0111 (not in allowlist / oversize)
nvkvm: DENY ctrl cmd 0xa06f0111 (not in allowlist / oversize)
nvkvm: DENY ctrl cmd 0xa06f0111 (not in allowlist / oversize)
nvkvm: DENY ctrl cmd 0xa06f0111 (not in allowlist / oversize)
nvkvm: DENY ctrl cmd 0xa06f0111 (not in allowlist / oversize)
nvkvm: DENY ctrl cmd 0xa06f0111 (not in allowlist / oversize)
nvkvm: DENY ctrl cmd 0xa06f0111 (not in allowlist / oversize)
nvkvm: DENY ctrl cmd 0xa06f0111 (not in allowlist / oversize)
nvkvm: DENY ctrl cmd 0xa06f0111 (not in allowlist / oversize)
nvkvm: DENY ctrl cmd 0xa06f0111 (not in allowlist / oversize)
nvkvm: DENY ctrl cmd 0xa06f0111 (not in allowlist / oversize)
nvkvm: DENY ctrl cmd 0xa06f0111 (not in allowlist / oversize)
nvkvm: DENY ctrl cmd 0xa06f0111 (not in allowlist / oversize)
nvkvm: DENY ctrl cmd 0xa06f0111 (not in allowlist / oversize)
nvkvm: DENY ctrl cmd 0xa06f0111 (not in allowlist / oversize)
nvkvm: DENY ctrl cmd 0xa06f0111 (not in allowlist / oversize)
nvkvm: DENY ctrl cmd 0xa06f0111 (not in allowlist / oversize)
nvkvm: DENY ctrl cmd 0xa06f0111 (not in allowlist / oversize)
nvkvm: DENY ctrl cmd 0xa06f0111 (not in allowlist / oversize)
nvkvm: DENY ctrl cmd 0xa06f0111 (not in allowlist / oversize)
nvkvm: DENY ctrl cmd 0xa06f0111 (not in allowlist / oversize)
nvkvm: DENY ctrl cmd 0xa06f0111 (not in allowlist / oversize)
nvkvm: DENY ctrl cmd 0xa06f0111 (not in allowlist / oversize)
nvkvm: DENY ctrl cmd 0xa06f0111 (not in allowlist / oversize)
nvkvm: DENY ctrl cmd 0xa06f0111 (not in allowlist / oversize)
nvkvm: DENY ctrl cmd 0xa06f0111 (not in allowlist / oversize)
nvkvm: DENY ctrl cmd 0xa06f0111 (not in allowlist / oversize)
nvkvm: DENY ctrl cmd 0xa06f0111 (not in allowlist / oversize)
nvkvm: DENY ctrl cmd 0xa06f0111 (not in allowlist / oversize)
nvkvm: DENY ctrl cmd 0xa06f0111 (not in allowlist / oversize)
nvkvm: DENY ctrl cmd 0xa06f0111 (not in allowlist / oversize)
nvkvm: DENY ctrl cmd 0xa06f0111 (not in allowlist / oversize)
nvkvm: DENY ctrl cmd 0xa06f0111 (not in allowlist / oversize)
nvkvm: DENY ctrl cmd 0xa06f0111 (not in allowlist / oversize)
nvkvm: DENY ctrl cmd 0xa06f0111 (not in allowlist / oversize)
nvkvm: DENY ctrl cmd 0xa06f0111 (not in allowlist / oversize)
nvkvm: DENY ctrl cmd 0xa06f0111 (not in allowlist / oversize)
nvkvm: DENY ctrl cmd 0xa06f0111 (not in allowlist / oversize)
nvkvm: DENY ctrl cmd 0xa06f0111 (not in allowlist / oversize)
nvkvm: DENY ctrl cmd 0xa06f0111 (not in allowlist / oversize)
nvkvm: DENY ctrl cmd 0xa06f0111 (not in allowlist / oversize)
nvkvm: DENY ctrl cmd 0xa06f0111 (not in allowlist / oversize)
nvkvm: DENY ctrl cmd 0xa06f0111 (not in allowlist / oversize)
nvkvm: DENY ctrl cmd 0xa06f0111 (not in allowlist / oversize)
nvkvm: DENY ctrl cmd 0xa06f0111 (not in allowlist / oversize)
nvkvm: DENY ctrl cmd 0xa06f0111 (not in allowlist / oversize)
nvkvm disp stats: 58.8 frames/s dropped=0 failed=0 present_mean=0.68ms (total consumed=1854 dropped=0 failed=1)
nvkvm: DENY ctrl cmd 0xa06f0111 (not in allowlist / oversize)
nvkvm: DENY ctrl cmd 0xa06f0111 (not in allowlist / oversize)
nvkvm: DENY ctrl cmd 0xa06f0111 (not in allowlist / oversize)
nvkvm: DENY ctrl cmd 0xa06f0111 (not in allowlist / oversize)
nvkvm: DENY ctrl cmd 0xa06f0111 (not in allowlist / oversize)
nvkvm: DENY ctrl cmd 0xa06f0111 (not in allowlist / oversize)
nvkvm: DENY ctrl cmd 0xa06f0111 (not in allowlist / oversize)
nvkvm: DENY ctrl cmd 0xa06f0111 (not in allowlist / oversize)
nvkvm: DENY ctrl cmd 0xa06f0111 (not in allowlist / oversize)
nvkvm: DENY ctrl cmd 0xa06f0111 (not in allowlist / oversize)
nvkvm: DENY ctrl cmd 0xa06f0111 (not in allowlist / oversize)
nvkvm: DENY ctrl cmd 0xa06f0111 (not in allowlist / oversize)
nvkvm: DENY ctrl cmd 0xa06f0111 (not in allowlist / oversize)
nvkvm: DENY ctrl cmd 0xa06f0111 (not in allowlist / oversize)
nvkvm: DENY ctrl cmd 0xa06f0111 (not in allowlist / oversize)
nvkvm: DENY ctrl cmd 0xa06f0111 (not in allowlist / oversize)
nvkvm: DENY ctrl cmd 0xa06f0111 (not in allowlist / oversize)
nvkvm: DENY ctrl cmd 0xa06f0111 (not in allowlist / oversize)
nvkvm: DENY ctrl cmd 0xa06f0111 (not in allowlist / oversize)
nvkvm: DENY ctrl cmd 0xa06f0111 (not in allowlist / oversize)
nvkvm: DENY ctrl cmd 0xa06f0111 (not in allowlist / oversize)
nvkvm: DENY ctrl cmd 0xa06f0111 (not in allowlist / oversize)
nvkvm: DENY ctrl cmd 0xa06f0111 (not in allowlist / oversize)
nvkvm: DENY ctrl cmd 0xa06f0111 (not in allowlist / oversize)
nvkvm: DENY ctrl cmd 0xa06f0111 (not in allowlist / oversize)
nvkvm: DENY ctrl cmd 0xa06f0111 (not in allowlist / oversize)
nvkvm: DENY ctrl cmd 0xa06f0111 (not in allowlist / oversize)
nvkvm: DENY ctrl cmd 0xa06f0111 (not in allowlist / oversize)
nvkvm: DENY ctrl cmd 0xa06f0111 (not in allowlist / oversize)
nvkvm: DENY ctrl cmd 0xa06f0111 (not in allowlist / oversize)
nvkvm: DENY ctrl cmd 0xa06f0111 (not in allowlist / oversize)
nvkvm: DENY ctrl cmd 0xa06f0111 (not in allowlist / oversize)
nvkvm: DENY ctrl cmd 0xa06f0111 (not in allowlist / oversize)
nvkvm: DENY ctrl cmd 0xa06f0111 (not in allowlist / oversize)
nvkvm: DENY ctrl cmd 0xa06f0111 (not in allowlist / oversize)
nvkvm: DENY ctrl cmd 0xa06f0111 (not in allowlist / oversize)
nvkvm: DENY ctrl cmd 0xa06f0111 (not in allowlist / oversize)
nvkvm: DENY ctrl cmd 0xa06f0111 (not in allowlist / oversize)
nvkvm: DENY ctrl cmd 0xa06f0111 (not in allowlist / oversize)
nvkvm: DENY ctrl cmd 0xa06f0111 (not in allowlist / oversize)
nvkvm: DENY ctrl cmd 0xa06f0111 (not in allowlist / oversize)
nvkvm: DENY ctrl cmd 0xa06f0111 (not in allowlist / oversize)
nvkvm: DENY ctrl cmd 0xa06f0111 (not in allowlist / oversize)
nvkvm: DENY ctrl cmd 0xa06f0111 (not in allowlist / oversize)
nvkvm: DENY ctrl cmd 0xa06f0111 (not in allowlist / oversize)
nvkvm: DENY ctrl cmd 0xa06f0111 (not in allowlist / oversize)
nvkvm: DENY ctrl cmd 0xa06f0111 (not in allowlist / oversize)
nvkvm: DENY ctrl cmd 0xa06f0111 (not in allowlist / oversize)
nvkvm: DENY ctrl cmd 0xa06f0111 (not in allowlist / oversize)
nvkvm: DENY ctrl cmd 0xa06f0111 (not in allowlist / oversize)
nvkvm: DENY ctrl cmd 0xa06f0111 (not in allowlist / oversize)
nvkvm: DENY ctrl cmd 0xa06f0111 (not in allowlist / oversize)
nvkvm: DENY ctrl cmd 0xa06f0111 (not in allowlist / oversize)
nvkvm: DENY ctrl cmd 0xa06f0111 (not in allowlist / oversize)
nvkvm: DENY ctrl cmd 0xa06f0111 (not in allowlist / oversize)
nvkvm: DENY ctrl cmd 0xa06f0111 (not in allowlist / oversize)
nvkvm: DENY ctrl cmd 0xa06f0111 (not in allowlist / oversize)
nvkvm: DENY ctrl cmd 0xa06f0111 (not in allowlist / oversize)
nvkvm: DENY ctrl cmd 0xa06f0111 (not in allowlist / oversize)
nvkvm disp stats: 58.3 frames/s dropped=0 failed=0 present_mean=0.53ms (total consumed=1913 dropped=0 failed=1)
nvkvm: DENY ctrl cmd 0xa06f0111 (not in allowlist / oversize)
nvkvm: DENY ctrl cmd 0xa06f0111 (not in allowlist / oversize)
nvkvm: DENY ctrl cmd 0xa06f0111 (not in allowlist / oversize)
nvkvm: DENY ctrl cmd 0xa06f0111 (not in allowlist / oversize)
nvkvm: DENY ctrl cmd 0xa06f0111 (not in allowlist / oversize)
nvkvm: DENY ctrl cmd 0xa06f0111 (not in allowlist / oversize)
nvkvm: DENY ctrl cmd 0xa06f0111 (not in allowlist / oversize)
nvkvm: DENY ctrl cmd 0xa06f0111 (not in allowlist / oversize)
nvkvm: DENY ctrl cmd 0xa06f0111 (not in allowlist / oversize)
nvkvm: DENY ctrl cmd 0xa06f0111 (not in allowlist / oversize)
nvkvm: DENY ctrl cmd 0xa06f0111 (not in allowlist / oversize)
nvkvm: DENY ctrl cmd 0xa06f0111 (not in allowlist / oversize)
nvkvm: DENY ctrl cmd 0xa06f0111 (not in allowlist / oversize)
nvkvm: DENY ctrl cmd 0xa06f0111 (not in allowlist / oversize)
nvkvm: DENY ctrl cmd 0xa06f0111 (not in allowlist / oversize)
nvkvm: DENY ctrl cmd 0xa06f0111 (not in allowlist / oversize)
nvkvm: DENY ctrl cmd 0xa06f0111 (not in allowlist / oversize)
nvkvm: DENY ctrl cmd 0xa06f0111 (not in allowlist / oversize)
nvkvm: DENY ctrl cmd 0xa06f0111 (not in allowlist / oversize)
nvkvm: DENY ctrl cmd 0xa06f0111 (not in allowlist / oversize)
nvkvm: DENY ctrl cmd 0xa06f0111 (not in allowlist / oversize)
nvkvm: DENY ctrl cmd 0xa06f0111 (not in allowlist / oversize)
nvkvm: DENY ctrl cmd 0xa06f0111 (not in allowlist / oversize)
nvkvm: DENY ctrl cmd 0xa06f0111 (not in allowlist / oversize)
nvkvm: DENY ctrl cmd 0xa06f0111 (not in allowlist / oversize)
nvkvm: DENY ctrl cmd 0xa06f0111 (not in allowlist / oversize)
nvkvm: DENY ctrl cmd 0xa06f0111 (not in allowlist / oversize)
nvkvm: DENY ctrl cmd 0xa06f0111 (not in allowlist / oversize)
nvkvm: DENY ctrl cmd 0xa06f0111 (not in allowlist / oversize)
nvkvm: DENY ctrl cmd 0xa06f0111 (not in allowlist / oversize)
nvkvm: DENY ctrl cmd 0xa06f0111 (not in allowlist / oversize)
nvkvm: DENY ctrl cmd 0xa06f0111 (not in allowlist / oversize)
nvkvm: DENY ctrl cmd 0xa06f0111 (not in allowlist / oversize)
nvkvm: DENY ctrl cmd 0xa06f0111 (not in allowlist / oversize)
nvkvm: DENY ctrl cmd 0xa06f0111 (not in allowlist / oversize)
nvkvm: DENY ctrl cmd 0xa06f0111 (not in allowlist / oversize)
nvkvm: DENY ctrl cmd 0xa06f0111 (not in allowlist / oversize)
nvkvm: DENY ctrl cmd 0xa06f0111 (not in allowlist / oversize)
nvkvm: DENY ctrl cmd 0xa06f0111 (not in allowlist / oversize)
nvkvm: DENY ctrl cmd 0xa06f0111 (not in allowlist / oversize)
nvkvm: DENY ctrl cmd 0xa06f0111 (not in allowlist / oversize)
nvkvm: DENY ctrl cmd 0xa06f0111 (not in allowlist / oversize)
nvkvm: DENY ctrl cmd 0xa06f0111 (not in allowlist / oversize)
nvkvm: DENY ctrl cmd 0xa06f0111 (not in allowlist / oversize)
nvkvm: DENY ctrl cmd 0xa06f0111 (not in allowlist / oversize)
nvkvm: DENY ctrl cmd 0xa06f0111 (not in allowlist / oversize)
nvkvm: DENY ctrl cmd 0xa06f0111 (not in allowlist / oversize)
nvkvm: DENY ctrl cmd 0xa06f0111 (not in allowlist / oversize)
nvkvm: DENY ctrl cmd 0xa06f0111 (not in allowlist / oversize)
nvkvm: DENY ctrl cmd 0xa06f0111 (not in allowlist / oversize)
nvkvm: DENY ctrl cmd 0xa06f0111 (not in allowlist / oversize)
nvkvm: DENY ctrl cmd 0xa06f0111 (not in allowlist / oversize)
nvkvm: DENY ctrl cmd 0xa06f0111 (not in allowlist / oversize)
nvkvm: DENY ctrl cmd 0xa06f0111 (not in allowlist / oversize)
nvkvm: DENY ctrl cmd 0xa06f0111 (not in allowlist / oversize)
nvkvm: DENY ctrl cmd 0xa06f0111 (not in allowlist / oversize)
nvkvm: DENY ctrl cmd 0xa06f0111 (not in allowlist / oversize)
nvkvm: DENY ctrl cmd 0xa06f0111 (not in allowlist / oversize)
nvkvm: DENY ctrl cmd 0xa06f0111 (not in allowlist / oversize)
nvkvm: DENY ctrl cmd 0xa06f0111 (not in allowlist / oversize)
nvkvm disp stats: 60.0 frames/s dropped=0 failed=0 present_mean=0.53ms (total consumed=1973 dropped=0 failed=1)
nvkvm: DENY ctrl cmd 0xa06f0111 (not in allowlist / oversize)
nvkvm: DENY ctrl cmd 0xa06f0111 (not in allowlist / oversize)
nvkvm: DENY ctrl cmd 0xa06f0111 (not in allowlist / oversize)
nvkvm: DENY ctrl cmd 0xa06f0111 (not in allowlist / oversize)
nvkvm: DENY ctrl cmd 0xa06f0111 (not in allowlist / oversize)
nvkvm: DENY ctrl cmd 0xa06f0111 (not in allowlist / oversize)
nvkvm: DENY ctrl cmd 0xa06f0111 (not in allowlist / oversize)
nvkvm: DENY ctrl cmd 0xa06f0111 (not in allowlist / oversize)
nvkvm: DENY ctrl cmd 0xa06f0111 (not in allowlist / oversize)
nvkvm: DENY ctrl cmd 0xa06f0111 (not in allowlist / oversize)
nvkvm: DENY ctrl cmd 0xa06f0111 (not in allowlist / oversize)
nvkvm: DENY ctrl cmd 0xa06f0111 (not in allowlist / oversize)
nvkvm: DENY ctrl cmd 0xa06f0111 (not in allowlist / oversize)
nvkvm: DENY ctrl cmd 0xa06f0111 (not in allowlist / oversize)
nvkvm: DENY ctrl cmd 0xa06f0111 (not in allowlist / oversize)
nvkvm: DENY ctrl cmd 0xa06f0111 (not in allowlist / oversize)
nvkvm: DENY ctrl cmd 0xa06f0111 (not in allowlist / oversize)
nvkvm: DENY ctrl cmd 0xa06f0111 (not in allowlist / oversize)
nvkvm: DENY ctrl cmd 0xa06f0111 (not in allowlist / oversize)
nvkvm: DENY ctrl cmd 0xa06f0111 (not in allowlist / oversize)
nvkvm: DENY ctrl cmd 0xa06f0111 (not in allowlist / oversize)
nvkvm: DENY ctrl cmd 0xa06f0111 (not in allowlist / oversize)
nvkvm: DENY ctrl cmd 0xa06f0111 (not in allowlist / oversize)
nvkvm: DENY ctrl cmd 0xa06f0111 (not in allowlist / oversize)
nvkvm: DENY ctrl cmd 0xa06f0111 (not in allowlist / oversize)
nvkvm: DENY ctrl cmd 0xa06f0111 (not in allowlist / oversize)
nvkvm: DENY ctrl cmd 0xa06f0111 (not in allowlist / oversize)
nvkvm: DENY ctrl cmd 0xa06f0111 (not in allowlist / oversize)
nvkvm: DENY ctrl cmd 0xa06f0111 (not in allowlist / oversize)
nvkvm: DENY ctrl cmd 0xa06f0111 (not in allowlist / oversize)
nvkvm: DENY ctrl cmd 0xa06f0111 (not in allowlist / oversize)
nvkvm: DENY ctrl cmd 0xa06f0111 (not in allowlist / oversize)
nvkvm: DENY ctrl cmd 0xa06f0111 (not in allowlist / oversize)
nvkvm: DENY ctrl cmd 0xa06f0111 (not in allowlist / oversize)
nvkvm: DENY ctrl cmd 0xa06f0111 (not in allowlist / oversize)
nvkvm: DENY ctrl cmd 0xa06f0111 (not in allowlist / oversize)
nvkvm: DENY ctrl cmd 0xa06f0111 (not in allowlist / oversize)
nvkvm: DENY ctrl cmd 0xa06f0111 (not in allowlist / oversize)
nvkvm: DENY ctrl cmd 0xa06f0111 (not in allowlist / oversize)
nvkvm: DENY ctrl cmd 0xa06f0111 (not in allowlist / oversize)
nvkvm: DENY ctrl cmd 0xa06f0111 (not in allowlist / oversize)
nvkvm: DENY ctrl cmd 0xa06f0111 (not in allowlist / oversize)
nvkvm: DENY ctrl cmd 0xa06f0111 (not in allowlist / oversize)
nvkvm: DENY ctrl cmd 0xa06f0111 (not in allowlist / oversize)
nvkvm: DENY ctrl cmd 0xa06f0111 (not in allowlist / oversize)
nvkvm: DENY ctrl cmd 0xa06f0111 (not in allowlist / oversize)
nvkvm: DENY ctrl cmd 0xa06f0111 (not in allowlist / oversize)
nvkvm: DENY ctrl cmd 0xa06f0111 (not in allowlist / oversize)
nvkvm: DENY ctrl cmd 0xa06f0111 (not in allowlist / oversize)
nvkvm: DENY ctrl cmd 0xa06f0111 (not in allowlist / oversize)
nvkvm: DENY ctrl cmd 0xa06f0111 (not in allowlist / oversize)
nvkvm: DENY ctrl cmd 0xa06f0111 (not in allowlist / oversize)
nvkvm: DENY ctrl cmd 0xa06f0111 (not in allowlist / oversize)
nvkvm: DENY ctrl cmd 0xa06f0111 (not in allowlist / oversize)
nvkvm: DENY ctrl cmd 0xa06f0111 (not in allowlist / oversize)
nvkvm: DENY ctrl cmd 0xa06f0111 (not in allowlist / oversize)
nvkvm: DENY ctrl cmd 0xa06f0111 (not in allowlist / oversize)
nvkvm: DENY ctrl cmd 0xa06f0111 (not in allowlist / oversize)
nvkvm: DENY ctrl cmd 0xa06f0111 (not in allowlist / oversize)
nvkvm: DENY ctrl cmd 0xa06f0111 (not in allowlist / oversize)
nvkvm disp stats: 59.9 frames/s dropped=0 failed=0 present_mean=0.57ms (total consumed=2033 dropped=0 failed=1)
nvkvm: DENY ctrl cmd 0xa06f0111 (not in allowlist / oversize)
nvkvm: DENY ctrl cmd 0xa06f0111 (not in allowlist / oversize)
nvkvm: DENY ctrl cmd 0xa06f0111 (not in allowlist / oversize)
nvkvm: DENY ctrl cmd 0xa06f0111 (not in allowlist / oversize)
nvkvm: DENY ctrl cmd 0xa06f0111 (not in allowlist / oversize)
nvkvm: DENY ctrl cmd 0xa06f0111 (not in allowlist / oversize)
nvkvm: DENY ctrl cmd 0xa06f0111 (not in allowlist / oversize)
nvkvm: DENY ctrl cmd 0xa06f0111 (not in allowlist / oversize)
nvkvm: DENY ctrl cmd 0xa06f0111 (not in allowlist / oversize)
nvkvm: DENY ctrl cmd 0xa06f0111 (not in allowlist / oversize)
nvkvm: DENY ctrl cmd 0xa06f0111 (not in allowlist / oversize)
nvkvm: DENY ctrl cmd 0xa06f0111 (not in allowlist / oversize)
nvkvm: DENY ctrl cmd 0xa06f0111 (not in allowlist / oversize)
nvkvm: DENY ctrl cmd 0xa06f0111 (not in allowlist / oversize)
nvkvm: DENY ctrl cmd 0xa06f0111 (not in allowlist / oversize)
nvkvm: DENY ctrl cmd 0xa06f0111 (not in allowlist / oversize)
nvkvm: DENY ctrl cmd 0xa06f0111 (not in allowlist / oversize)
nvkvm: DENY ctrl cmd 0xa06f0111 (not in allowlist / oversize)
nvkvm: DENY ctrl cmd 0xa06f0111 (not in allowlist / oversize)
nvkvm: DENY ctrl cmd 0xa06f0111 (not in allowlist / oversize)
nvkvm: DENY ctrl cmd 0xa06f0111 (not in allowlist / oversize)
nvkvm: DENY ctrl cmd 0xa06f0111 (not in allowlist / oversize)
nvkvm: DENY ctrl cmd 0xa06f0111 (not in allowlist / oversize)
nvkvm: DENY ctrl cmd 0xa06f0111 (not in allowlist / oversize)
nvkvm: DENY ctrl cmd 0xa06f0111 (not in allowlist / oversize)
nvkvm: DENY ctrl cmd 0xa06f0111 (not in allowlist / oversize)
nvkvm: DENY ctrl cmd 0xa06f0111 (not in allowlist / oversize)
nvkvm: DENY ctrl cmd 0xa06f0111 (not in allowlist / oversize)
nvkvm: DENY ctrl cmd 0xa06f0111 (not in allowlist / oversize)
nvkvm: DENY ctrl cmd 0xa06f0111 (not in allowlist / oversize)
nvkvm: DENY ctrl cmd 0xa06f0111 (not in allowlist / oversize)
nvkvm: DENY ctrl cmd 0xa06f0111 (not in allowlist / oversize)
nvkvm: DENY ctrl cmd 0xa06f0111 (not in allowlist / oversize)
nvkvm: DENY ctrl cmd 0xa06f0111 (not in allowlist / oversize)
nvkvm: DENY ctrl cmd 0xa06f0111 (not in allowlist / oversize)
nvkvm: DENY ctrl cmd 0xa06f0111 (not in allowlist / oversize)
nvkvm: DENY ctrl cmd 0xa06f0111 (not in allowlist / oversize)
nvkvm: DENY ctrl cmd 0xa06f0111 (not in allowlist / oversize)
nvkvm: DENY ctrl cmd 0xa06f0111 (not in allowlist / oversize)
nvkvm: DENY ctrl cmd 0xa06f0111 (not in allowlist / oversize)
nvkvm: DENY ctrl cmd 0xa06f0111 (not in allowlist / oversize)
nvkvm: DENY ctrl cmd 0xa06f0111 (not in allowlist / oversize)
nvkvm: DENY ctrl cmd 0xa06f0111 (not in allowlist / oversize)
nvkvm: DENY ctrl cmd 0xa06f0111 (not in allowlist / oversize)
nvkvm: DENY ctrl cmd 0xa06f0111 (not in allowlist / oversize)
nvkvm: DENY ctrl cmd 0xa06f0111 (not in allowlist / oversize)
nvkvm: DENY ctrl cmd 0xa06f0111 (not in allowlist / oversize)
nvkvm: DENY ctrl cmd 0xa06f0111 (not in allowlist / oversize)
nvkvm: DENY ctrl cmd 0xa06f0111 (not in allowlist / oversize)
nvkvm: DENY ctrl cmd 0xa06f0111 (not in allowlist / oversize)
nvkvm: DENY ctrl cmd 0xa06f0111 (not in allowlist / oversize)
nvkvm: DENY ctrl cmd 0xa06f0111 (not in allowlist / oversize)
nvkvm: DENY ctrl cmd 0xa06f0111 (not in allowlist / oversize)
nvkvm: DENY ctrl cmd 0xa06f0111 (not in allowlist / oversize)
nvkvm: DENY ctrl cmd 0xa06f0111 (not in allowlist / oversize)
nvkvm: DENY ctrl cmd 0xa06f0111 (not in allowlist / oversize)
nvkvm: DENY ctrl cmd 0xa06f0111 (not in allowlist / oversize)
nvkvm: DENY ctrl cmd 0xa06f0111 (not in allowlist / oversize)
nvkvm: DENY ctrl cmd 0xa06f0111 (not in allowlist / oversize)
nvkvm: DENY ctrl cmd 0xa06f0111 (not in allowlist / oversize)
nvkvm disp stats: 59.1 frames/s dropped=0 failed=0 present_mean=0.57ms (total consumed=2093 dropped=0 failed=1)
nvkvm: DENY ctrl cmd 0xa06f0111 (not in allowlist / oversize)
nvkvm: DENY ctrl cmd 0xa06f0111 (not in allowlist / oversize)
nvkvm: DENY ctrl cmd 0xa06f0111 (not in allowlist / oversize)
nvkvm: DENY ctrl cmd 0xa06f0111 (not in allowlist / oversize)
nvkvm: DENY ctrl cmd 0xa06f0111 (not in allowlist / oversize)
nvkvm: DENY ctrl cmd 0xa06f0111 (not in allowlist / oversize)
nvkvm: DENY ctrl cmd 0xa06f0111 (not in allowlist / oversize)
nvkvm: DENY ctrl cmd 0xa06f0111 (not in allowlist / oversize)
nvkvm: DENY ctrl cmd 0xa06f0111 (not in allowlist / oversize)
nvkvm: DENY ctrl cmd 0xa06f0111 (not in allowlist / oversize)
nvkvm: DENY ctrl cmd 0xa06f0111 (not in allowlist / oversize)
nvkvm: DENY ctrl cmd 0xa06f0111 (not in allowlist / oversize)
nvkvm: DENY ctrl cmd 0xa06f0111 (not in allowlist / oversize)
nvkvm: DENY ctrl cmd 0xa06f0111 (not in allowlist / oversize)
nvkvm: DENY ctrl cmd 0xa06f0111 (not in allowlist / oversize)
nvkvm: DENY ctrl cmd 0xa06f0111 (not in allowlist / oversize)
nvkvm: DENY ctrl cmd 0xa06f0111 (not in allowlist / oversize)
nvkvm: DENY ctrl cmd 0xa06f0111 (not in allowlist / oversize)
nvkvm: DENY ctrl cmd 0xa06f0111 (not in allowlist / oversize)
nvkvm: DENY ctrl cmd 0xa06f0111 (not in allowlist / oversize)
nvkvm: DENY ctrl cmd 0xa06f0111 (not in allowlist / oversize)
nvkvm: DENY ctrl cmd 0xa06f0111 (not in allowlist / oversize)
nvkvm: DENY ctrl cmd 0xa06f0111 (not in allowlist / oversize)
nvkvm: DENY ctrl cmd 0xa06f0111 (not in allowlist / oversize)
nvkvm: DENY ctrl cmd 0xa06f0111 (not in allowlist / oversize)
nvkvm: DENY ctrl cmd 0xa06f0111 (not in allowlist / oversize)
nvkvm: DENY ctrl cmd 0xa06f0111 (not in allowlist / oversize)
nvkvm: DENY ctrl cmd 0xa06f0111 (not in allowlist / oversize)
nvkvm: DENY ctrl cmd 0xa06f0111 (not in allowlist / oversize)
nvkvm: DENY ctrl cmd 0xa06f0111 (not in allowlist / oversize)
nvkvm: DENY ctrl cmd 0xa06f0111 (not in allowlist / oversize)
nvkvm: DENY ctrl cmd 0xa06f0111 (not in allowlist / oversize)
nvkvm: DENY ctrl cmd 0xa06f0111 (not in allowlist / oversize)
nvkvm: DENY ctrl cmd 0xa06f0111 (not in allowlist / oversize)
nvkvm: DENY ctrl cmd 0xa06f0111 (not in allowlist / oversize)
nvkvm: DENY ctrl cmd 0xa06f0111 (not in allowlist / oversize)
nvkvm: DENY ctrl cmd 0xa06f0111 (not in allowlist / oversize)
nvkvm: DENY ctrl cmd 0xa06f0111 (not in allowlist / oversize)
nvkvm: DENY ctrl cmd 0xa06f0111 (not in allowlist / oversize)
nvkvm: DENY ctrl cmd 0xa06f0111 (not in allowlist / oversize)
nvkvm: DENY ctrl cmd 0xa06f0111 (not in allowlist / oversize)
nvkvm: DENY ctrl cmd 0xa06f0111 (not in allowlist / oversize)
nvkvm: DENY ctrl cmd 0xa06f0111 (not in allowlist / oversize)
nvkvm: DENY ctrl cmd 0xa06f0111 (not in allowlist / oversize)
nvkvm: DENY ctrl cmd 0xa06f0111 (not in allowlist / oversize)
nvkvm: DENY ctrl cmd 0xa06f0111 (not in allowlist / oversize)
nvkvm: DENY ctrl cmd 0xa06f0111 (not in allowlist / oversize)
nvkvm: DENY ctrl cmd 0xa06f0111 (not in allowlist / oversize)
nvkvm: DENY ctrl cmd 0xa06f0111 (not in allowlist / oversize)
nvkvm: DENY ctrl cmd 0xa06f0111 (not in allowlist / oversize)
nvkvm: DENY ctrl cmd 0xa06f0111 (not in allowlist / oversize)
nvkvm: DENY ctrl cmd 0xa06f0111 (not in allowlist / oversize)
nvkvm: DENY ctrl cmd 0xa06f0111 (not in allowlist / oversize)
nvkvm: DENY ctrl cmd 0xa06f0111 (not in allowlist / oversize)
nvkvm: DENY ctrl cmd 0xa06f0111 (not in allowlist / oversize)
nvkvm: DENY ctrl cmd 0xa06f0111 (not in allowlist / oversize)
nvkvm: DENY ctrl cmd 0xa06f0111 (not in allowlist / oversize)
nvkvm: DENY ctrl cmd 0xa06f0111 (not in allowlist / oversize)
nvkvm: DENY ctrl cmd 0xa06f0111 (not in allowlist / oversize)
nvkvm: DENY ctrl cmd 0xa06f0111 (not in allowlist / oversize)
nvkvm disp stats: 60.0 frames/s dropped=0 failed=0 present_mean=0.40ms (total consumed=2153 dropped=0 failed=1)
nvkvm: DENY ctrl cmd 0xa06f0111 (not in allowlist / oversize)
nvkvm: DENY ctrl cmd 0xa06f0111 (not in allowlist / oversize)
nvkvm: DENY ctrl cmd 0xa06f0111 (not in allowlist / oversize)
nvkvm: DENY ctrl cmd 0xa06f0111 (not in allowlist / oversize)
nvkvm: DENY ctrl cmd 0xa06f0111 (not in allowlist / oversize)
nvkvm: DENY ctrl cmd 0xa06f0111 (not in allowlist / oversize)
nvkvm: DENY ctrl cmd 0xa06f0111 (not in allowlist / oversize)
nvkvm: DENY ctrl cmd 0xa06f0111 (not in allowlist / oversize)
nvkvm: DENY ctrl cmd 0xa06f0111 (not in allowlist / oversize)
nvkvm: DENY ctrl cmd 0xa06f0111 (not in allowlist / oversize)
nvkvm: DENY ctrl cmd 0xa06f0111 (not in allowlist / oversize)
nvkvm: DENY ctrl cmd 0xa06f0111 (not in allowlist / oversize)
nvkvm: DENY ctrl cmd 0xa06f0111 (not in allowlist / oversize)
nvkvm: DENY ctrl cmd 0xa06f0111 (not in allowlist / oversize)
nvkvm: DENY ctrl cmd 0xa06f0111 (not in allowlist / oversize)
nvkvm: DENY ctrl cmd 0xa06f0111 (not in allowlist / oversize)
nvkvm: DENY ctrl cmd 0xa06f0111 (not in allowlist / oversize)
nvkvm: DENY ctrl cmd 0xa06f0111 (not in allowlist / oversize)
nvkvm: DENY ctrl cmd 0xa06f0111 (not in allowlist / oversize)
nvkvm: DENY ctrl cmd 0xa06f0111 (not in allowlist / oversize)
nvkvm: DENY ctrl cmd 0xa06f0111 (not in allowlist / oversize)
nvkvm: DENY ctrl cmd 0xa06f0111 (not in allowlist / oversize)
nvkvm: DENY ctrl cmd 0xa06f0111 (not in allowlist / oversize)
nvkvm: DENY ctrl cmd 0xa06f0111 (not in allowlist / oversize)
nvkvm: DENY ctrl cmd 0xa06f0111 (not in allowlist / oversize)
nvkvm: DENY ctrl cmd 0xa06f0111 (not in allowlist / oversize)
nvkvm: DENY ctrl cmd 0xa06f0111 (not in allowlist / oversize)
nvkvm: DENY ctrl cmd 0xa06f0111 (not in allowlist / oversize)
nvkvm: DENY ctrl cmd 0xa06f0111 (not in allowlist / oversize)
nvkvm: DENY ctrl cmd 0xa06f0111 (not in allowlist / oversize)
nvkvm: DENY ctrl cmd 0xa06f0111 (not in allowlist / oversize)
nvkvm: DENY ctrl cmd 0xa06f0111 (not in allowlist / oversize)
nvkvm: DENY ctrl cmd 0xa06f0111 (not in allowlist / oversize)
nvkvm: DENY ctrl cmd 0xa06f0111 (not in allowlist / oversize)
nvkvm: DENY ctrl cmd 0xa06f0111 (not in allowlist / oversize)
nvkvm: DENY ctrl cmd 0xa06f0111 (not in allowlist / oversize)
nvkvm: DENY ctrl cmd 0xa06f0111 (not in allowlist / oversize)
nvkvm: DENY ctrl cmd 0xa06f0111 (not in allowlist / oversize)
nvkvm: DENY ctrl cmd 0xa06f0111 (not in allowlist / oversize)
nvkvm: DENY ctrl cmd 0xa06f0111 (not in allowlist / oversize)
nvkvm: DENY ctrl cmd 0xa06f0111 (not in allowlist / oversize)
nvkvm: DENY ctrl cmd 0xa06f0111 (not in allowlist / oversize)
nvkvm: DENY ctrl cmd 0xa06f0111 (not in allowlist / oversize)
nvkvm: DENY ctrl cmd 0xa06f0111 (not in allowlist / oversize)
nvkvm: DENY ctrl cmd 0xa06f0111 (not in allowlist / oversize)
nvkvm: DENY ctrl cmd 0xa06f0111 (not in allowlist / oversize)
nvkvm: DENY ctrl cmd 0xa06f0111 (not in allowlist / oversize)
nvkvm: DENY ctrl cmd 0xa06f0111 (not in allowlist / oversize)
nvkvm: DENY ctrl cmd 0xa06f0111 (not in allowlist / oversize)
nvkvm: DENY ctrl cmd 0xa06f0111 (not in allowlist / oversize)
nvkvm: DENY ctrl cmd 0xa06f0111 (not in allowlist / oversize)
nvkvm: DENY ctrl cmd 0xa06f0111 (not in allowlist / oversize)
nvkvm: DENY ctrl cmd 0xa06f0111 (not in allowlist / oversize)
nvkvm: DENY ctrl cmd 0xa06f0111 (not in allowlist / oversize)
nvkvm: DENY ctrl cmd 0xa06f0111 (not in allowlist / oversize)
nvkvm: DENY ctrl cmd 0xa06f0111 (not in allowlist / oversize)
nvkvm: DENY ctrl cmd 0xa06f0111 (not in allowlist / oversize)
nvkvm: DENY ctrl cmd 0xa06f0111 (not in allowlist / oversize)
nvkvm: DENY ctrl cmd 0xa06f0111 (not in allowlist / oversize)
nvkvm: DENY ctrl cmd 0xa06f0111 (not in allowlist / oversize)
nvkvm: DENY ctrl cmd 0xa06f0111 (not in allowlist / oversize)
nvkvm disp stats: 60.1 frames/s dropped=0 failed=0 present_mean=0.48ms (total consumed=2214 dropped=0 failed=1)
nvkvm: DENY ctrl cmd 0xa06f0111 (not in allowlist / oversize)
nvkvm: DENY ctrl cmd 0xa06f0111 (not in allowlist / oversize)
nvkvm: DENY ctrl cmd 0xa06f0111 (not in allowlist / oversize)
nvkvm: DENY ctrl cmd 0xa06f0111 (not in allowlist / oversize)
nvkvm: DENY ctrl cmd 0xa06f0111 (not in allowlist / oversize)
nvkvm: DENY ctrl cmd 0xa06f0111 (not in allowlist / oversize)
nvkvm: DENY ctrl cmd 0xa06f0111 (not in allowlist / oversize)
nvkvm: DENY ctrl cmd 0xa06f0111 (not in allowlist / oversize)
nvkvm: DENY ctrl cmd 0xa06f0111 (not in allowlist / oversize)
nvkvm: DENY ctrl cmd 0xa06f0111 (not in allowlist / oversize)
nvkvm: DENY ctrl cmd 0xa06f0111 (not in allowlist / oversize)
nvkvm: DENY ctrl cmd 0xa06f0111 (not in allowlist / oversize)
nvkvm: DENY ctrl cmd 0xa06f0111 (not in allowlist / oversize)
nvkvm: DENY ctrl cmd 0xa06f0111 (not in allowlist / oversize)
nvkvm: DENY ctrl cmd 0xa06f0111 (not in allowlist / oversize)
nvkvm: DENY ctrl cmd 0xa06f0111 (not in allowlist / oversize)
nvkvm: DENY ctrl cmd 0xa06f0111 (not in allowlist / oversize)
nvkvm: DENY ctrl cmd 0xa06f0111 (not in allowlist / oversize)
nvkvm: DENY ctrl cmd 0xa06f0111 (not in allowlist / oversize)
nvkvm: DENY ctrl cmd 0xa06f0111 (not in allowlist / oversize)
nvkvm: DENY ctrl cmd 0xa06f0111 (not in allowlist / oversize)
nvkvm: DENY ctrl cmd 0xa06f0111 (not in allowlist / oversize)
nvkvm: DENY ctrl cmd 0xa06f0111 (not in allowlist / oversize)
nvkvm: DENY ctrl cmd 0xa06f0111 (not in allowlist / oversize)
nvkvm: DENY ctrl cmd 0xa06f0111 (not in allowlist / oversize)
nvkvm: DENY ctrl cmd 0xa06f0111 (not in allowlist / oversize)
nvkvm: DENY ctrl cmd 0xa06f0111 (not in allowlist / oversize)
nvkvm: DENY ctrl cmd 0xa06f0111 (not in allowlist / oversize)
nvkvm: DENY ctrl cmd 0xa06f0111 (not in allowlist / oversize)
nvkvm: DENY ctrl cmd 0xa06f0111 (not in allowlist / oversize)
nvkvm: DENY ctrl cmd 0xa06f0111 (not in allowlist / oversize)
nvkvm: DENY ctrl cmd 0xa06f0111 (not in allowlist / oversize)
nvkvm: DENY ctrl cmd 0xa06f0111 (not in allowlist / oversize)
nvkvm: DENY ctrl cmd 0xa06f0111 (not in allowlist / oversize)
nvkvm: DENY ctrl cmd 0xa06f0111 (not in allowlist / oversize)
nvkvm: DENY ctrl cmd 0xa06f0111 (not in allowlist / oversize)
nvkvm: DENY ctrl cmd 0xa06f0111 (not in allowlist / oversize)
nvkvm: DENY ctrl cmd 0xa06f0111 (not in allowlist / oversize)
nvkvm: DENY ctrl cmd 0xa06f0111 (not in allowlist / oversize)
nvkvm: DENY ctrl cmd 0xa06f0111 (not in allowlist / oversize)
nvkvm: DENY ctrl cmd 0xa06f0111 (not in allowlist / oversize)
nvkvm: DENY ctrl cmd 0xa06f0111 (not in allowlist / oversize)
nvkvm: DENY ctrl cmd 0xa06f0111 (not in allowlist / oversize)
nvkvm: DENY ctrl cmd 0xa06f0111 (not in allowlist / oversize)
nvkvm: DENY ctrl cmd 0xa06f0111 (not in allowlist / oversize)
nvkvm: DENY ctrl cmd 0xa06f0111 (not in allowlist / oversize)
nvkvm: DENY ctrl cmd 0xa06f0111 (not in allowlist / oversize)
nvkvm: DENY ctrl cmd 0xa06f0111 (not in allowlist / oversize)
nvkvm: DENY ctrl cmd 0xa06f0111 (not in allowlist / oversize)
nvkvm: DENY ctrl cmd 0xa06f0111 (not in allowlist / oversize)
nvkvm: DENY ctrl cmd 0xa06f0111 (not in allowlist / oversize)
nvkvm: DENY ctrl cmd 0xa06f0111 (not in allowlist / oversize)
nvkvm: DENY ctrl cmd 0xa06f0111 (not in allowlist / oversize)
nvkvm: DENY ctrl cmd 0xa06f0111 (not in allowlist / oversize)
nvkvm: DENY ctrl cmd 0xa06f0111 (not in allowlist / oversize)
nvkvm: DENY ctrl cmd 0xa06f0111 (not in allowlist / oversize)
nvkvm: DENY ctrl cmd 0xa06f0111 (not in allowlist / oversize)
nvkvm: DENY ctrl cmd 0xa06f0111 (not in allowlist / oversize)
nvkvm: DENY ctrl cmd 0xa06f0111 (not in allowlist / oversize)
nvkvm: DENY ctrl cmd 0xa06f0111 (not in allowlist / oversize)
nvkvm disp stats: 59.8 frames/s dropped=0 failed=0 present_mean=0.60ms (total consumed=2274 dropped=0 failed=1)
nvkvm: DENY ctrl cmd 0xa06f0111 (not in allowlist / oversize)
nvkvm: DENY ctrl cmd 0xa06f0111 (not in allowlist / oversize)
nvkvm: DENY ctrl cmd 0xa06f0111 (not in allowlist / oversize)
nvkvm: DENY ctrl cmd 0xa06f0111 (not in allowlist / oversize)
nvkvm: DENY ctrl cmd 0xa06f0111 (not in allowlist / oversize)
nvkvm: DENY ctrl cmd 0xa06f0111 (not in allowlist / oversize)
nvkvm: DENY ctrl cmd 0xa06f0111 (not in allowlist / oversize)
nvkvm: DENY ctrl cmd 0xa06f0111 (not in allowlist / oversize)
nvkvm: DENY ctrl cmd 0xa06f0111 (not in allowlist / oversize)
nvkvm: DENY ctrl cmd 0xa06f0111 (not in allowlist / oversize)
nvkvm: DENY ctrl cmd 0xa06f0111 (not in allowlist / oversize)
nvkvm: DENY ctrl cmd 0xa06f0111 (not in allowlist / oversize)
nvkvm: DENY ctrl cmd 0xa06f0111 (not in allowlist / oversize)
nvkvm: DENY ctrl cmd 0xa06f0111 (not in allowlist / oversize)
nvkvm: DENY ctrl cmd 0xa06f0111 (not in allowlist / oversize)
nvkvm: DENY ctrl cmd 0xa06f0111 (not in allowlist / oversize)
nvkvm: DENY ctrl cmd 0xa06f0111 (not in allowlist / oversize)
nvkvm: DENY ctrl cmd 0xa06f0111 (not in allowlist / oversize)
nvkvm: DENY ctrl cmd 0xa06f0111 (not in allowlist / oversize)
nvkvm: DENY ctrl cmd 0xa06f0111 (not in allowlist / oversize)
nvkvm: DENY ctrl cmd 0xa06f0111 (not in allowlist / oversize)
nvkvm: DENY ctrl cmd 0xa06f0111 (not in allowlist / oversize)
nvkvm: DENY ctrl cmd 0xa06f0111 (not in allowlist / oversize)
nvkvm: DENY ctrl cmd 0xa06f0111 (not in allowlist / oversize)
nvkvm: DENY ctrl cmd 0xa06f0111 (not in allowlist / oversize)
nvkvm: DENY ctrl cmd 0xa06f0111 (not in allowlist / oversize)
nvkvm: DENY ctrl cmd 0xa06f0111 (not in allowlist / oversize)
nvkvm: DENY ctrl cmd 0xa06f0111 (not in allowlist / oversize)
nvkvm: DENY ctrl cmd 0xa06f0111 (not in allowlist / oversize)
nvkvm: DENY ctrl cmd 0xa06f0111 (not in allowlist / oversize)
nvkvm: DENY ctrl cmd 0xa06f0111 (not in allowlist / oversize)
nvkvm: DENY ctrl cmd 0xa06f0111 (not in allowlist / oversize)
nvkvm: DENY ctrl cmd 0xa06f0111 (not in allowlist / oversize)
nvkvm: DENY ctrl cmd 0xa06f0111 (not in allowlist / oversize)
nvkvm: DENY ctrl cmd 0xa06f0111 (not in allowlist / oversize)
nvkvm: DENY ctrl cmd 0xa06f0111 (not in allowlist / oversize)
nvkvm: DENY ctrl cmd 0xa06f0111 (not in allowlist / oversize)
nvkvm: DENY ctrl cmd 0xa06f0111 (not in allowlist / oversize)
nvkvm: DENY ctrl cmd 0xa06f0111 (not in allowlist / oversize)
nvkvm: DENY ctrl cmd 0xa06f0111 (not in allowlist / oversize)
nvkvm: DENY ctrl cmd 0xa06f0111 (not in allowlist / oversize)
nvkvm: DENY ctrl cmd 0xa06f0111 (not in allowlist / oversize)
nvkvm: DENY ctrl cmd 0xa06f0111 (not in allowlist / oversize)
nvkvm: DENY ctrl cmd 0xa06f0111 (not in allowlist / oversize)
nvkvm: DENY ctrl cmd 0xa06f0111 (not in allowlist / oversize)
nvkvm: DENY ctrl cmd 0xa06f0111 (not in allowlist / oversize)
nvkvm: DENY ctrl cmd 0xa06f0111 (not in allowlist / oversize)
nvkvm: DENY ctrl cmd 0xa06f0111 (not in allowlist / oversize)
nvkvm: DENY ctrl cmd 0xa06f0111 (not in allowlist / oversize)
nvkvm: DENY ctrl cmd 0xa06f0111 (not in allowlist / oversize)
nvkvm: DENY ctrl cmd 0xa06f0111 (not in allowlist / oversize)
nvkvm: DENY ctrl cmd 0xa06f0111 (not in allowlist / oversize)
nvkvm: DENY ctrl cmd 0xa06f0111 (not in allowlist / oversize)
nvkvm: DENY ctrl cmd 0xa06f0111 (not in allowlist / oversize)
nvkvm: DENY ctrl cmd 0xa06f0111 (not in allowlist / oversize)
nvkvm: DENY ctrl cmd 0xa06f0111 (not in allowlist / oversize)
nvkvm: DENY ctrl cmd 0xa06f0111 (not in allowlist / oversize)
nvkvm: DENY ctrl cmd 0xa06f0111 (not in allowlist / oversize)
nvkvm: DENY ctrl cmd 0xa06f0111 (not in allowlist / oversize)
nvkvm: DENY ctrl cmd 0xa06f0111 (not in allowlist / oversize)
nvkvm disp stats: 60.0 frames/s dropped=0 failed=0 present_mean=0.69ms (total consumed=2334 dropped=0 failed=1)
nvkvm: DENY ctrl cmd 0xa06f0111 (not in allowlist / oversize)
nvkvm: DENY ctrl cmd 0xa06f0111 (not in allowlist / oversize)
nvkvm: DENY ctrl cmd 0xa06f0111 (not in allowlist / oversize)
nvkvm: DENY ctrl cmd 0xa06f0111 (not in allowlist / oversize)
nvkvm: DENY ctrl cmd 0xa06f0111 (not in allowlist / oversize)
nvkvm: DENY ctrl cmd 0xa06f0111 (not in allowlist / oversize)
nvkvm: DENY ctrl cmd 0xa06f0111 (not in allowlist / oversize)
nvkvm: DENY ctrl cmd 0xa06f0111 (not in allowlist / oversize)
nvkvm: DENY ctrl cmd 0xa06f0111 (not in allowlist / oversize)
nvkvm: DENY ctrl cmd 0xa06f0111 (not in allowlist / oversize)
nvkvm: DENY ctrl cmd 0xa06f0111 (not in allowlist / oversize)
nvkvm: DENY ctrl cmd 0xa06f0111 (not in allowlist / oversize)
nvkvm: DENY ctrl cmd 0xa06f0111 (not in allowlist / oversize)
nvkvm: DENY ctrl cmd 0xa06f0111 (not in allowlist / oversize)
nvkvm: DENY ctrl cmd 0xa06f0111 (not in allowlist / oversize)
nvkvm: DENY ctrl cmd 0xa06f0111 (not in allowlist / oversize)
nvkvm: DENY ctrl cmd 0xa06f0111 (not in allowlist / oversize)
nvkvm: DENY ctrl cmd 0xa06f0111 (not in allowlist / oversize)
nvkvm: DENY ctrl cmd 0xa06f0111 (not in allowlist / oversize)
nvkvm: DENY ctrl cmd 0xa06f0111 (not in allowlist / oversize)
nvkvm: DENY ctrl cmd 0xa06f0111 (not in allowlist / oversize)
nvkvm: DENY ctrl cmd 0xa06f0111 (not in allowlist / oversize)
nvkvm: DENY ctrl cmd 0xa06f0111 (not in allowlist / oversize)
nvkvm: DENY ctrl cmd 0xa06f0111 (not in allowlist / oversize)
nvkvm: DENY ctrl cmd 0xa06f0111 (not in allowlist / oversize)
nvkvm: DENY ctrl cmd 0xa06f0111 (not in allowlist / oversize)
nvkvm: DENY ctrl cmd 0xa06f0111 (not in allowlist / oversize)
nvkvm: DENY ctrl cmd 0xa06f0111 (not in allowlist / oversize)
nvkvm: DENY ctrl cmd 0xa06f0111 (not in allowlist / oversize)
nvkvm: DENY ctrl cmd 0xa06f0111 (not in allowlist / oversize)
nvkvm: DENY ctrl cmd 0xa06f0111 (not in allowlist / oversize)
nvkvm: DENY ctrl cmd 0xa06f0111 (not in allowlist / oversize)
nvkvm: DENY ctrl cmd 0xa06f0111 (not in allowlist / oversize)
nvkvm: DENY ctrl cmd 0xa06f0111 (not in allowlist / oversize)
nvkvm: DENY ctrl cmd 0xa06f0111 (not in allowlist / oversize)
nvkvm: DENY ctrl cmd 0xa06f0111 (not in allowlist / oversize)
nvkvm: DENY ctrl cmd 0xa06f0111 (not in allowlist / oversize)
nvkvm: DENY ctrl cmd 0xa06f0111 (not in allowlist / oversize)
nvkvm: DENY ctrl cmd 0xa06f0111 (not in allowlist / oversize)
nvkvm: DENY ctrl cmd 0xa06f0111 (not in allowlist / oversize)
nvkvm: DENY ctrl cmd 0xa06f0111 (not in allowlist / oversize)
nvkvm: DENY ctrl cmd 0xa06f0111 (not in allowlist / oversize)
nvkvm: DENY ctrl cmd 0xa06f0111 (not in allowlist / oversize)
nvkvm: DENY ctrl cmd 0xa06f0111 (not in allowlist / oversize)
nvkvm: DENY ctrl cmd 0xa06f0111 (not in allowlist / oversize)
nvkvm: DENY ctrl cmd 0xa06f0111 (not in allowlist / oversize)
nvkvm: DENY ctrl cmd 0xa06f0111 (not in allowlist / oversize)
nvkvm: DENY ctrl cmd 0xa06f0111 (not in allowlist / oversize)
nvkvm: DENY ctrl cmd 0xa06f0111 (not in allowlist / oversize)
nvkvm: DENY ctrl cmd 0xa06f0111 (not in allowlist / oversize)
nvkvm: DENY ctrl cmd 0xa06f0111 (not in allowlist / oversize)
nvkvm: DENY ctrl cmd 0xa06f0111 (not in allowlist / oversize)
nvkvm: DENY ctrl cmd 0xa06f0111 (not in allowlist / oversize)
nvkvm: DENY ctrl cmd 0xa06f0111 (not in allowlist / oversize)
nvkvm: DENY ctrl cmd 0xa06f0111 (not in allowlist / oversize)
nvkvm: DENY ctrl cmd 0xa06f0111 (not in allowlist / oversize)
nvkvm: DENY ctrl cmd 0xa06f0111 (not in allowlist / oversize)
nvkvm: DENY ctrl cmd 0xa06f0111 (not in allowlist / oversize)
nvkvm: DENY ctrl cmd 0xa06f0111 (not in allowlist / oversize)
nvkvm: DENY ctrl cmd 0xa06f0111 (not in allowlist / oversize)
nvkvm disp stats: 59.0 frames/s dropped=0 failed=0 present_mean=0.44ms (total consumed=2394 dropped=0 failed=1)
nvkvm: DENY ctrl cmd 0xa06f0111 (not in allowlist / oversize)
nvkvm: DENY ctrl cmd 0xa06f0111 (not in allowlist / oversize)
nvkvm: DENY ctrl cmd 0xa06f0111 (not in allowlist / oversize)
nvkvm: DENY ctrl cmd 0xa06f0111 (not in allowlist / oversize)
nvkvm: DENY ctrl cmd 0xa06f0111 (not in allowlist / oversize)
nvkvm: DENY ctrl cmd 0xa06f0111 (not in allowlist / oversize)
nvkvm: DENY ctrl cmd 0xa06f0111 (not in allowlist / oversize)
nvkvm: DENY ctrl cmd 0xa06f0111 (not in allowlist / oversize)
nvkvm: DENY ctrl cmd 0xa06f0111 (not in allowlist / oversize)
nvkvm: DENY ctrl cmd 0xa06f0111 (not in allowlist / oversize)
nvkvm: DENY ctrl cmd 0xa06f0111 (not in allowlist / oversize)
nvkvm: DENY ctrl cmd 0xa06f0111 (not in allowlist / oversize)
nvkvm: DENY ctrl cmd 0xa06f0111 (not in allowlist / oversize)
nvkvm: DENY ctrl cmd 0xa06f0111 (not in allowlist / oversize)
nvkvm: DENY ctrl cmd 0xa06f0111 (not in allowlist / oversize)
nvkvm: DENY ctrl cmd 0xa06f0111 (not in allowlist / oversize)
nvkvm: DENY ctrl cmd 0xa06f0111 (not in allowlist / oversize)
nvkvm: DENY ctrl cmd 0xa06f0111 (not in allowlist / oversize)
nvkvm: DENY ctrl cmd 0xa06f0111 (not in allowlist / oversize)
nvkvm: DENY ctrl cmd 0xa06f0111 (not in allowlist / oversize)
nvkvm: DENY ctrl cmd 0xa06f0111 (not in allowlist / oversize)
nvkvm: DENY ctrl cmd 0xa06f0111 (not in allowlist / oversize)
nvkvm: DENY ctrl cmd 0xa06f0111 (not in allowlist / oversize)
nvkvm: DENY ctrl cmd 0xa06f0111 (not in allowlist / oversize)
nvkvm: DENY ctrl cmd 0xa06f0111 (not in allowlist / oversize)
nvkvm: DENY ctrl cmd 0xa06f0111 (not in allowlist / oversize)
nvkvm: DENY ctrl cmd 0xa06f0111 (not in allowlist / oversize)
nvkvm: DENY ctrl cmd 0xa06f0111 (not in allowlist / oversize)
nvkvm: DENY ctrl cmd 0xa06f0111 (not in allowlist / oversize)
nvkvm: DENY ctrl cmd 0xa06f0111 (not in allowlist / oversize)
nvkvm: DENY ctrl cmd 0xa06f0111 (not in allowlist / oversize)
nvkvm: DENY ctrl cmd 0xa06f0111 (not in allowlist / oversize)
nvkvm: DENY ctrl cmd 0xa06f0111 (not in allowlist / oversize)
nvkvm: DENY ctrl cmd 0xa06f0111 (not in allowlist / oversize)
nvkvm: DENY ctrl cmd 0xa06f0111 (not in allowlist / oversize)
nvkvm: DENY ctrl cmd 0xa06f0111 (not in allowlist / oversize)
nvkvm: DENY ctrl cmd 0xa06f0111 (not in allowlist / oversize)
nvkvm: DENY ctrl cmd 0xa06f0111 (not in allowlist / oversize)
nvkvm: DENY ctrl cmd 0xa06f0111 (not in allowlist / oversize)
nvkvm: DENY ctrl cmd 0xa06f0111 (not in allowlist / oversize)
nvkvm: DENY ctrl cmd 0xa06f0111 (not in allowlist / oversize)
nvkvm: DENY ctrl cmd 0xa06f0111 (not in allowlist / oversize)
nvkvm: DENY ctrl cmd 0xa06f0111 (not in allowlist / oversize)
nvkvm: DENY ctrl cmd 0xa06f0111 (not in allowlist / oversize)
nvkvm: DENY ctrl cmd 0xa06f0111 (not in allowlist / oversize)
nvkvm: DENY ctrl cmd 0xa06f0111 (not in allowlist / oversize)
nvkvm: DENY ctrl cmd 0xa06f0111 (not in allowlist / oversize)
nvkvm: DENY ctrl cmd 0xa06f0111 (not in allowlist / oversize)
nvkvm: DENY ctrl cmd 0xa06f0111 (not in allowlist / oversize)
nvkvm: DENY ctrl cmd 0xa06f0111 (not in allowlist / oversize)
nvkvm: DENY ctrl cmd 0xa06f0111 (not in allowlist / oversize)
nvkvm: DENY ctrl cmd 0xa06f0111 (not in allowlist / oversize)
nvkvm: DENY ctrl cmd 0xa06f0111 (not in allowlist / oversize)
nvkvm: DENY ctrl cmd 0xa06f0111 (not in allowlist / oversize)
nvkvm: DENY ctrl cmd 0xa06f0111 (not in allowlist / oversize)
nvkvm: DENY ctrl cmd 0xa06f0111 (not in allowlist / oversize)
nvkvm: DENY ctrl cmd 0xa06f0111 (not in allowlist / oversize)
nvkvm: DENY ctrl cmd 0xa06f0111 (not in allowlist / oversize)
nvkvm: DENY ctrl cmd 0xa06f0111 (not in allowlist / oversize)
nvkvm: DENY ctrl cmd 0xa06f0111 (not in allowlist / oversize)
nvkvm: DENY ctrl cmd 0xa06f0111 (not in allowlist / oversize)
nvkvm disp stats: 60.0 frames/s dropped=0 failed=0 present_mean=0.35ms (total consumed=2455 dropped=0 failed=1)
nvkvm: DENY ctrl cmd 0xa06f0111 (not in allowlist / oversize)
nvkvm: DENY ctrl cmd 0xa06f0111 (not in allowlist / oversize)
nvkvm: DENY ctrl cmd 0xa06f0111 (not in allowlist / oversize)
nvkvm: DENY ctrl cmd 0xa06f0111 (not in allowlist / oversize)
nvkvm: DENY ctrl cmd 0xa06f0111 (not in allowlist / oversize)
nvkvm: DENY ctrl cmd 0xa06f0111 (not in allowlist / oversize)
nvkvm: DENY ctrl cmd 0xa06f0111 (not in allowlist / oversize)
nvkvm: DENY ctrl cmd 0xa06f0111 (not in allowlist / oversize)
nvkvm: DENY ctrl cmd 0xa06f0111 (not in allowlist / oversize)
nvkvm: DENY ctrl cmd 0xa06f0111 (not in allowlist / oversize)
nvkvm: DENY ctrl cmd 0xa06f0111 (not in allowlist / oversize)
nvkvm: DENY ctrl cmd 0xa06f0111 (not in allowlist / oversize)
nvkvm: DENY ctrl cmd 0xa06f0111 (not in allowlist / oversize)
nvkvm: DENY ctrl cmd 0xa06f0111 (not in allowlist / oversize)
nvkvm: DENY ctrl cmd 0xa06f0111 (not in allowlist / oversize)
nvkvm: DENY ctrl cmd 0xa06f0111 (not in allowlist / oversize)
nvkvm: DENY ctrl cmd 0xa06f0111 (not in allowlist / oversize)
nvkvm: DENY ctrl cmd 0xa06f0111 (not in allowlist / oversize)
nvkvm: DENY ctrl cmd 0xa06f0111 (not in allowlist / oversize)
nvkvm: DENY ctrl cmd 0xa06f0111 (not in allowlist / oversize)
nvkvm: DENY ctrl cmd 0xa06f0111 (not in allowlist / oversize)
nvkvm: DENY ctrl cmd 0xa06f0111 (not in allowlist / oversize)
nvkvm: DENY ctrl cmd 0xa06f0111 (not in allowlist / oversize)
nvkvm: DENY ctrl cmd 0xa06f0111 (not in allowlist / oversize)
nvkvm: DENY ctrl cmd 0xa06f0111 (not in allowlist / oversize)
nvkvm: DENY ctrl cmd 0xa06f0111 (not in allowlist / oversize)
nvkvm: DENY ctrl cmd 0xa06f0111 (not in allowlist / oversize)
nvkvm: DENY ctrl cmd 0xa06f0111 (not in allowlist / oversize)
nvkvm: DENY ctrl cmd 0xa06f0111 (not in allowlist / oversize)
nvkvm: DENY ctrl cmd 0xa06f0111 (not in allowlist / oversize)
nvkvm: DENY ctrl cmd 0xa06f0111 (not in allowlist / oversize)
nvkvm: DENY ctrl cmd 0xa06f0111 (not in allowlist / oversize)
nvkvm: DENY ctrl cmd 0xa06f0111 (not in allowlist / oversize)
nvkvm: DENY ctrl cmd 0xa06f0111 (not in allowlist / oversize)
nvkvm: DENY ctrl cmd 0xa06f0111 (not in allowlist / oversize)
nvkvm: DENY ctrl cmd 0xa06f0111 (not in allowlist / oversize)
nvkvm: DENY ctrl cmd 0xa06f0111 (not in allowlist / oversize)
nvkvm: DENY ctrl cmd 0xa06f0111 (not in allowlist / oversize)
nvkvm: DENY ctrl cmd 0xa06f0111 (not in allowlist / oversize)
nvkvm: DENY ctrl cmd 0xa06f0111 (not in allowlist / oversize)
nvkvm: DENY ctrl cmd 0xa06f0111 (not in allowlist / oversize)
nvkvm: DENY ctrl cmd 0xa06f0111 (not in allowlist / oversize)
nvkvm: DENY ctrl cmd 0xa06f0111 (not in allowlist / oversize)
nvkvm: DENY ctrl cmd 0xa06f0111 (not in allowlist / oversize)
nvkvm: DENY ctrl cmd 0xa06f0111 (not in allowlist / oversize)
nvkvm: DENY ctrl cmd 0xa06f0111 (not in allowlist / oversize)
nvkvm: DENY ctrl cmd 0xa06f0111 (not in allowlist / oversize)
nvkvm: DENY ctrl cmd 0xa06f0111 (not in allowlist / oversize)
nvkvm: DENY ctrl cmd 0xa06f0111 (not in allowlist / oversize)
nvkvm: DENY ctrl cmd 0xa06f0111 (not in allowlist / oversize)
nvkvm: DENY ctrl cmd 0xa06f0111 (not in allowlist / oversize)
nvkvm: DENY ctrl cmd 0xa06f0111 (not in allowlist / oversize)
nvkvm: DENY ctrl cmd 0xa06f0111 (not in allowlist / oversize)
nvkvm: DENY ctrl cmd 0xa06f0111 (not in allowlist / oversize)
nvkvm: DENY ctrl cmd 0xa06f0111 (not in allowlist / oversize)
nvkvm: DENY ctrl cmd 0xa06f0111 (not in allowlist / oversize)
nvkvm: DENY ctrl cmd 0xa06f0111 (not in allowlist / oversize)
nvkvm: DENY ctrl cmd 0xa06f0111 (not in allowlist / oversize)
nvkvm: DENY ctrl cmd 0xa06f0111 (not in allowlist / oversize)
nvkvm disp stats: 58.0 frames/s dropped=0 failed=0 present_mean=0.64ms (total consumed=2514 dropped=0 failed=1)
nvkvm: DENY ctrl cmd 0xa06f0111 (not in allowlist / oversize)
nvkvm: DENY ctrl cmd 0xa06f0111 (not in allowlist / oversize)
nvkvm: DENY ctrl cmd 0xa06f0111 (not in allowlist / oversize)
nvkvm: DENY ctrl cmd 0xa06f0111 (not in allowlist / oversize)
nvkvm: DENY ctrl cmd 0xa06f0111 (not in allowlist / oversize)
nvkvm: DENY ctrl cmd 0xa06f0111 (not in allowlist / oversize)
nvkvm: DENY ctrl cmd 0xa06f0111 (not in allowlist / oversize)
nvkvm: DENY ctrl cmd 0xa06f0111 (not in allowlist / oversize)
nvkvm: DENY ctrl cmd 0xa06f0111 (not in allowlist / oversize)
nvkvm: DENY ctrl cmd 0xa06f0111 (not in allowlist / oversize)
nvkvm: DENY ctrl cmd 0xa06f0111 (not in allowlist / oversize)
nvkvm: DENY ctrl cmd 0xa06f0111 (not in allowlist / oversize)
nvkvm: DENY ctrl cmd 0xa06f0111 (not in allowlist / oversize)
nvkvm: DENY ctrl cmd 0xa06f0111 (not in allowlist / oversize)
nvkvm: DENY ctrl cmd 0xa06f0111 (not in allowlist / oversize)
nvkvm: DENY ctrl cmd 0xa06f0111 (not in allowlist / oversize)
nvkvm: DENY ctrl cmd 0xa06f0111 (not in allowlist / oversize)
nvkvm: DENY ctrl cmd 0xa06f0111 (not in allowlist / oversize)
nvkvm: DENY ctrl cmd 0xa06f0111 (not in allowlist / oversize)
nvkvm: DENY ctrl cmd 0xa06f0111 (not in allowlist / oversize)
nvkvm: DENY ctrl cmd 0xa06f0111 (not in allowlist / oversize)
nvkvm: DENY ctrl cmd 0xa06f0111 (not in allowlist / oversize)
nvkvm: DENY ctrl cmd 0xa06f0111 (not in allowlist / oversize)
nvkvm: DENY ctrl cmd 0xa06f0111 (not in allowlist / oversize)
nvkvm: DENY ctrl cmd 0xa06f0111 (not in allowlist / oversize)
nvkvm: DENY ctrl cmd 0xa06f0111 (not in allowlist / oversize)
nvkvm: DENY ctrl cmd 0xa06f0111 (not in allowlist / oversize)
nvkvm: DENY ctrl cmd 0xa06f0111 (not in allowlist / oversize)
nvkvm: DENY ctrl cmd 0xa06f0111 (not in allowlist / oversize)
nvkvm: DENY ctrl cmd 0xa06f0111 (not in allowlist / oversize)
nvkvm: DENY ctrl cmd 0xa06f0111 (not in allowlist / oversize)
nvkvm: DENY ctrl cmd 0xa06f0111 (not in allowlist / oversize)
nvkvm: DENY ctrl cmd 0xa06f0111 (not in allowlist / oversize)
nvkvm: DENY ctrl cmd 0xa06f0111 (not in allowlist / oversize)
nvkvm: DENY ctrl cmd 0xa06f0111 (not in allowlist / oversize)
nvkvm: DENY ctrl cmd 0xa06f0111 (not in allowlist / oversize)
nvkvm: DENY ctrl cmd 0xa06f0111 (not in allowlist / oversize)
nvkvm: DENY ctrl cmd 0xa06f0111 (not in allowlist / oversize)
nvkvm: DENY ctrl cmd 0xa06f0111 (not in allowlist / oversize)
nvkvm: DENY ctrl cmd 0xa06f0111 (not in allowlist / oversize)
nvkvm: DENY ctrl cmd 0xa06f0111 (not in allowlist / oversize)
nvkvm: DENY ctrl cmd 0xa06f0111 (not in allowlist / oversize)
nvkvm: DENY ctrl cmd 0xa06f0111 (not in allowlist / oversize)
nvkvm: DENY ctrl cmd 0xa06f0111 (not in allowlist / oversize)
nvkvm: DENY ctrl cmd 0xa06f0111 (not in allowlist / oversize)
nvkvm: DENY ctrl cmd 0xa06f0111 (not in allowlist / oversize)
nvkvm: DENY ctrl cmd 0xa06f0111 (not in allowlist / oversize)
nvkvm: DENY ctrl cmd 0xa06f0111 (not in allowlist / oversize)
nvkvm: DENY ctrl cmd 0xa06f0111 (not in allowlist / oversize)
nvkvm: DENY ctrl cmd 0xa06f0111 (not in allowlist / oversize)
nvkvm: DENY ctrl cmd 0xa06f0111 (not in allowlist / oversize)
nvkvm: DENY ctrl cmd 0xa06f0111 (not in allowlist / oversize)
nvkvm: DENY ctrl cmd 0xa06f0111 (not in allowlist / oversize)
nvkvm: DENY ctrl cmd 0xa06f0111 (not in allowlist / oversize)
nvkvm: DENY ctrl cmd 0xa06f0111 (not in allowlist / oversize)
nvkvm: DENY ctrl cmd 0xa06f0111 (not in allowlist / oversize)
nvkvm: DENY ctrl cmd 0xa06f0111 (not in allowlist / oversize)
nvkvm: DENY ctrl cmd 0xa06f0111 (not in allowlist / oversize)
nvkvm: DENY ctrl cmd 0xa06f0111 (not in allowlist / oversize)
nvkvm: DENY ctrl cmd 0xa06f0111 (not in allowlist / oversize)
nvkvm disp stats: 59.1 frames/s dropped=0 failed=0 present_mean=0.56ms (total consumed=2574 dropped=0 failed=1)
nvkvm: DENY ctrl cmd 0xa06f0111 (not in allowlist / oversize)
nvkvm: DENY ctrl cmd 0xa06f0111 (not in allowlist / oversize)
nvkvm: DENY ctrl cmd 0xa06f0111 (not in allowlist / oversize)
nvkvm: DENY ctrl cmd 0xa06f0111 (not in allowlist / oversize)
nvkvm: DENY ctrl cmd 0xa06f0111 (not in allowlist / oversize)
nvkvm: DENY ctrl cmd 0xa06f0111 (not in allowlist / oversize)
nvkvm: DENY ctrl cmd 0xa06f0111 (not in allowlist / oversize)
nvkvm: DENY ctrl cmd 0xa06f0111 (not in allowlist / oversize)
nvkvm: DENY ctrl cmd 0xa06f0111 (not in allowlist / oversize)
nvkvm: DENY ctrl cmd 0xa06f0111 (not in allowlist / oversize)
nvkvm: DENY ctrl cmd 0xa06f0111 (not in allowlist / oversize)
nvkvm: DENY ctrl cmd 0xa06f0111 (not in allowlist / oversize)
nvkvm: DENY ctrl cmd 0xa06f0111 (not in allowlist / oversize)
nvkvm: DENY ctrl cmd 0xa06f0111 (not in allowlist / oversize)
nvkvm: DENY ctrl cmd 0xa06f0111 (not in allowlist / oversize)
nvkvm: DENY ctrl cmd 0xa06f0111 (not in allowlist / oversize)
nvkvm: DENY ctrl cmd 0xa06f0111 (not in allowlist / oversize)
nvkvm: DENY ctrl cmd 0xa06f0111 (not in allowlist / oversize)
nvkvm: DENY ctrl cmd 0xa06f0111 (not in allowlist / oversize)
nvkvm: DENY ctrl cmd 0xa06f0111 (not in allowlist / oversize)
nvkvm: DENY ctrl cmd 0xa06f0111 (not in allowlist / oversize)
nvkvm: DENY ctrl cmd 0xa06f0111 (not in allowlist / oversize)
nvkvm: DENY ctrl cmd 0xa06f0111 (not in allowlist / oversize)
nvkvm: DENY ctrl cmd 0xa06f0111 (not in allowlist / oversize)
nvkvm: DENY ctrl cmd 0xa06f0111 (not in allowlist / oversize)
nvkvm: DENY ctrl cmd 0xa06f0111 (not in allowlist / oversize)
nvkvm: DENY ctrl cmd 0xa06f0111 (not in allowlist / oversize)
nvkvm: DENY ctrl cmd 0xa06f0111 (not in allowlist / oversize)
nvkvm: DENY ctrl cmd 0xa06f0111 (not in allowlist / oversize)
nvkvm: DENY ctrl cmd 0xa06f0111 (not in allowlist / oversize)
nvkvm: DENY ctrl cmd 0xa06f0111 (not in allowlist / oversize)
nvkvm: DENY ctrl cmd 0xa06f0111 (not in allowlist / oversize)
nvkvm: DENY ctrl cmd 0xa06f0111 (not in allowlist / oversize)
nvkvm: DENY ctrl cmd 0xa06f0111 (not in allowlist / oversize)
nvkvm: DENY ctrl cmd 0xa06f0111 (not in allowlist / oversize)
nvkvm: DENY ctrl cmd 0xa06f0111 (not in allowlist / oversize)
nvkvm: DENY ctrl cmd 0xa06f0111 (not in allowlist / oversize)
nvkvm: DENY ctrl cmd 0xa06f0111 (not in allowlist / oversize)
nvkvm: DENY ctrl cmd 0xa06f0111 (not in allowlist / oversize)
nvkvm: DENY ctrl cmd 0xa06f0111 (not in allowlist / oversize)
nvkvm: DENY ctrl cmd 0xa06f0111 (not in allowlist / oversize)
nvkvm: DENY ctrl cmd 0xa06f0111 (not in allowlist / oversize)
nvkvm: DENY ctrl cmd 0xa06f0111 (not in allowlist / oversize)
nvkvm: DENY ctrl cmd 0xa06f0111 (not in allowlist / oversize)
nvkvm: DENY ctrl cmd 0xa06f0111 (not in allowlist / oversize)
nvkvm: DENY ctrl cmd 0xa06f0111 (not in allowlist / oversize)
nvkvm: DENY ctrl cmd 0xa06f0111 (not in allowlist / oversize)
nvkvm: DENY ctrl cmd 0xa06f0111 (not in allowlist / oversize)
nvkvm: DENY ctrl cmd 0xa06f0111 (not in allowlist / oversize)
nvkvm: DENY ctrl cmd 0xa06f0111 (not in allowlist / oversize)
nvkvm: DENY ctrl cmd 0xa06f0111 (not in allowlist / oversize)
nvkvm: DENY ctrl cmd 0xa06f0111 (not in allowlist / oversize)
nvkvm: DENY ctrl cmd 0xa06f0111 (not in allowlist / oversize)
nvkvm: DENY ctrl cmd 0xa06f0111 (not in allowlist / oversize)
nvkvm: DENY ctrl cmd 0xa06f0111 (not in allowlist / oversize)
nvkvm: DENY ctrl cmd 0xa06f0111 (not in allowlist / oversize)
nvkvm: DENY ctrl cmd 0xa06f0111 (not in allowlist / oversize)
nvkvm: DENY ctrl cmd 0xa06f0111 (not in allowlist / oversize)
nvkvm: DENY ctrl cmd 0xa06f0111 (not in allowlist / oversize)
nvkvm: DENY ctrl cmd 0xa06f0111 (not in allowlist / oversize)
nvkvm disp stats: 60.0 frames/s dropped=0 failed=0 present_mean=0.61ms (total consumed=2634 dropped=0 failed=1)
nvkvm: DENY ctrl cmd 0xa06f0111 (not in allowlist / oversize)
nvkvm: DENY ctrl cmd 0xa06f0111 (not in allowlist / oversize)
nvkvm: DENY ctrl cmd 0xa06f0111 (not in allowlist / oversize)
nvkvm: DENY ctrl cmd 0xa06f0111 (not in allowlist / oversize)
nvkvm: DENY ctrl cmd 0xa06f0111 (not in allowlist / oversize)
nvkvm: DENY ctrl cmd 0xa06f0111 (not in allowlist / oversize)
nvkvm: DENY ctrl cmd 0xa06f0111 (not in allowlist / oversize)
nvkvm: DENY ctrl cmd 0xa06f0111 (not in allowlist / oversize)
nvkvm: DENY ctrl cmd 0xa06f0111 (not in allowlist / oversize)
nvkvm: DENY ctrl cmd 0xa06f0111 (not in allowlist / oversize)
nvkvm: DENY ctrl cmd 0xa06f0111 (not in allowlist / oversize)
nvkvm: DENY ctrl cmd 0xa06f0111 (not in allowlist / oversize)
nvkvm: DENY ctrl cmd 0xa06f0111 (not in allowlist / oversize)
nvkvm: DENY ctrl cmd 0xa06f0111 (not in allowlist / oversize)
nvkvm: DENY ctrl cmd 0xa06f0111 (not in allowlist / oversize)
nvkvm: DENY ctrl cmd 0xa06f0111 (not in allowlist / oversize)
nvkvm: DENY ctrl cmd 0xa06f0111 (not in allowlist / oversize)
nvkvm: DENY ctrl cmd 0xa06f0111 (not in allowlist / oversize)
nvkvm: DENY ctrl cmd 0xa06f0111 (not in allowlist / oversize)
nvkvm: DENY ctrl cmd 0xa06f0111 (not in allowlist / oversize)
nvkvm: DENY ctrl cmd 0xa06f0111 (not in allowlist / oversize)
nvkvm: DENY ctrl cmd 0xa06f0111 (not in allowlist / oversize)
nvkvm: DENY ctrl cmd 0xa06f0111 (not in allowlist / oversize)
nvkvm: DENY ctrl cmd 0xa06f0111 (not in allowlist / oversize)
nvkvm: DENY ctrl cmd 0xa06f0111 (not in allowlist / oversize)
nvkvm: DENY ctrl cmd 0xa06f0111 (not in allowlist / oversize)
nvkvm: DENY ctrl cmd 0xa06f0111 (not in allowlist / oversize)
nvkvm: DENY ctrl cmd 0xa06f0111 (not in allowlist / oversize)
nvkvm: DENY ctrl cmd 0xa06f0111 (not in allowlist / oversize)
nvkvm: DENY ctrl cmd 0xa06f0111 (not in allowlist / oversize)
nvkvm: DENY ctrl cmd 0xa06f0111 (not in allowlist / oversize)
nvkvm: DENY ctrl cmd 0xa06f0111 (not in allowlist / oversize)
nvkvm: DENY ctrl cmd 0xa06f0111 (not in allowlist / oversize)
nvkvm: DENY ctrl cmd 0xa06f0111 (not in allowlist / oversize)
nvkvm: DENY ctrl cmd 0xa06f0111 (not in allowlist / oversize)
nvkvm: DENY ctrl cmd 0xa06f0111 (not in allowlist / oversize)
nvkvm: DENY ctrl cmd 0xa06f0111 (not in allowlist / oversize)
nvkvm: DENY ctrl cmd 0xa06f0111 (not in allowlist / oversize)
nvkvm: DENY ctrl cmd 0xa06f0111 (not in allowlist / oversize)
nvkvm: DENY ctrl cmd 0xa06f0111 (not in allowlist / oversize)
nvkvm: DENY ctrl cmd 0xa06f0111 (not in allowlist / oversize)
nvkvm: DENY ctrl cmd 0xa06f0111 (not in allowlist / oversize)
nvkvm: DENY ctrl cmd 0xa06f0111 (not in allowlist / oversize)
nvkvm: DENY ctrl cmd 0xa06f0111 (not in allowlist / oversize)
nvkvm: DENY ctrl cmd 0xa06f0111 (not in allowlist / oversize)
nvkvm: DENY ctrl cmd 0xa06f0111 (not in allowlist / oversize)
nvkvm: DENY ctrl cmd 0xa06f0111 (not in allowlist / oversize)
nvkvm: DENY ctrl cmd 0xa06f0111 (not in allowlist / oversize)
nvkvm: DENY ctrl cmd 0xa06f0111 (not in allowlist / oversize)
nvkvm: DENY ctrl cmd 0xa06f0111 (not in allowlist / oversize)
nvkvm: DENY ctrl cmd 0xa06f0111 (not in allowlist / oversize)
nvkvm: DENY ctrl cmd 0xa06f0111 (not in allowlist / oversize)
nvkvm: DENY ctrl cmd 0xa06f0111 (not in allowlist / oversize)
nvkvm: DENY ctrl cmd 0xa06f0111 (not in allowlist / oversize)
nvkvm: DENY ctrl cmd 0xa06f0111 (not in allowlist / oversize)
nvkvm: DENY ctrl cmd 0xa06f0111 (not in allowlist / oversize)
nvkvm: DENY ctrl cmd 0xa06f0111 (not in allowlist / oversize)
nvkvm: DENY ctrl cmd 0xa06f0111 (not in allowlist / oversize)
nvkvm: DENY ctrl cmd 0xa06f0111 (not in allowlist / oversize)
nvkvm disp stats: 58.9 frames/s dropped=0 failed=0 present_mean=0.55ms (total consumed=2693 dropped=0 failed=1)
nvkvm: DENY ctrl cmd 0xa06f0111 (not in allowlist / oversize)
nvkvm: DENY ctrl cmd 0xa06f0111 (not in allowlist / oversize)
nvkvm: DENY ctrl cmd 0xa06f0111 (not in allowlist / oversize)
nvkvm: DENY ctrl cmd 0xa06f0111 (not in allowlist / oversize)
nvkvm: DENY ctrl cmd 0xa06f0111 (not in allowlist / oversize)
nvkvm: DENY ctrl cmd 0xa06f0111 (not in allowlist / oversize)
nvkvm: DENY ctrl cmd 0xa06f0111 (not in allowlist / oversize)
nvkvm: DENY ctrl cmd 0xa06f0111 (not in allowlist / oversize)
nvkvm: DENY ctrl cmd 0xa06f0111 (not in allowlist / oversize)
nvkvm: DENY ctrl cmd 0xa06f0111 (not in allowlist / oversize)
nvkvm: DENY ctrl cmd 0xa06f0111 (not in allowlist / oversize)
nvkvm: DENY ctrl cmd 0xa06f0111 (not in allowlist / oversize)
nvkvm: DENY ctrl cmd 0xa06f0111 (not in allowlist / oversize)
nvkvm: DENY ctrl cmd 0xa06f0111 (not in allowlist / oversize)
nvkvm: DENY ctrl cmd 0xa06f0111 (not in allowlist / oversize)
nvkvm: DENY ctrl cmd 0xa06f0111 (not in allowlist / oversize)
nvkvm: DENY ctrl cmd 0xa06f0111 (not in allowlist / oversize)
nvkvm: DENY ctrl cmd 0xa06f0111 (not in allowlist / oversize)
nvkvm: DENY ctrl cmd 0xa06f0111 (not in allowlist / oversize)
nvkvm: DENY ctrl cmd 0xa06f0111 (not in allowlist / oversize)
nvkvm: DENY ctrl cmd 0xa06f0111 (not in allowlist / oversize)
nvkvm: DENY ctrl cmd 0xa06f0111 (not in allowlist / oversize)
nvkvm: DENY ctrl cmd 0xa06f0111 (not in allowlist / oversize)
nvkvm: DENY ctrl cmd 0xa06f0111 (not in allowlist / oversize)
nvkvm: DENY ctrl cmd 0xa06f0111 (not in allowlist / oversize)
nvkvm: DENY ctrl cmd 0xa06f0111 (not in allowlist / oversize)
nvkvm: DENY ctrl cmd 0xa06f0111 (not in allowlist / oversize)
nvkvm: DENY ctrl cmd 0xa06f0111 (not in allowlist / oversize)
nvkvm: DENY ctrl cmd 0xa06f0111 (not in allowlist / oversize)
nvkvm: DENY ctrl cmd 0xa06f0111 (not in allowlist / oversize)
nvkvm: DENY ctrl cmd 0xa06f0111 (not in allowlist / oversize)
nvkvm: DENY ctrl cmd 0xa06f0111 (not in allowlist / oversize)
nvkvm: DENY ctrl cmd 0xa06f0111 (not in allowlist / oversize)
nvkvm: DENY ctrl cmd 0xa06f0111 (not in allowlist / oversize)
nvkvm: DENY ctrl cmd 0xa06f0111 (not in allowlist / oversize)
nvkvm: DENY ctrl cmd 0xa06f0111 (not in allowlist / oversize)
nvkvm: DENY ctrl cmd 0xa06f0111 (not in allowlist / oversize)
nvkvm: DENY ctrl cmd 0xa06f0111 (not in allowlist / oversize)
nvkvm: DENY ctrl cmd 0xa06f0111 (not in allowlist / oversize)
nvkvm: DENY ctrl cmd 0xa06f0111 (not in allowlist / oversize)
nvkvm: DENY ctrl cmd 0xa06f0111 (not in allowlist / oversize)
nvkvm: DENY ctrl cmd 0xa06f0111 (not in allowlist / oversize)
nvkvm: DENY ctrl cmd 0xa06f0111 (not in allowlist / oversize)
nvkvm: DENY ctrl cmd 0xa06f0111 (not in allowlist / oversize)
nvkvm: DENY ctrl cmd 0xa06f0111 (not in allowlist / oversize)
nvkvm: DENY ctrl cmd 0xa06f0111 (not in allowlist / oversize)
nvkvm: DENY ctrl cmd 0xa06f0111 (not in allowlist / oversize)
nvkvm: DENY ctrl cmd 0xa06f0111 (not in allowlist / oversize)
nvkvm: DENY ctrl cmd 0xa06f0111 (not in allowlist / oversize)
nvkvm: DENY ctrl cmd 0xa06f0111 (not in allowlist / oversize)
nvkvm: DENY ctrl cmd 0xa06f0111 (not in allowlist / oversize)
nvkvm: DENY ctrl cmd 0xa06f0111 (not in allowlist / oversize)
nvkvm: DENY ctrl cmd 0xa06f0111 (not in allowlist / oversize)
nvkvm: DENY ctrl cmd 0xa06f0111 (not in allowlist / oversize)
nvkvm: DENY ctrl cmd 0xa06f0111 (not in allowlist / oversize)
nvkvm: DENY ctrl cmd 0xa06f0111 (not in allowlist / oversize)
nvkvm: DENY ctrl cmd 0xa06f0111 (not in allowlist / oversize)
nvkvm: DENY ctrl cmd 0xa06f0111 (not in allowlist / oversize)
nvkvm: DENY ctrl cmd 0xa06f0111 (not in allowlist / oversize)
nvkvm disp stats: 58.9 frames/s dropped=0 failed=0 present_mean=0.56ms (total consumed=2752 dropped=0 failed=1)
nvkvm: DENY ctrl cmd 0xa06f0111 (not in allowlist / oversize)
nvkvm: DENY ctrl cmd 0xa06f0111 (not in allowlist / oversize)
nvkvm: DENY ctrl cmd 0xa06f0111 (not in allowlist / oversize)
nvkvm: DENY ctrl cmd 0xa06f0111 (not in allowlist / oversize)
nvkvm: DENY ctrl cmd 0xa06f0111 (not in allowlist / oversize)
nvkvm: DENY ctrl cmd 0xa06f0111 (not in allowlist / oversize)
nvkvm: DENY ctrl cmd 0xa06f0111 (not in allowlist / oversize)
nvkvm: DENY ctrl cmd 0xa06f0111 (not in allowlist / oversize)
nvkvm: DENY ctrl cmd 0xa06f0111 (not in allowlist / oversize)
nvkvm: DENY ctrl cmd 0xa06f0111 (not in allowlist / oversize)
nvkvm: DENY ctrl cmd 0xa06f0111 (not in allowlist / oversize)
nvkvm: DENY ctrl cmd 0xa06f0111 (not in allowlist / oversize)
nvkvm: DENY ctrl cmd 0xa06f0111 (not in allowlist / oversize)
nvkvm: DENY ctrl cmd 0xa06f0111 (not in allowlist / oversize)
nvkvm: DENY ctrl cmd 0xa06f0111 (not in allowlist / oversize)
nvkvm: DENY ctrl cmd 0xa06f0111 (not in allowlist / oversize)
nvkvm: DENY ctrl cmd 0xa06f0111 (not in allowlist / oversize)
nvkvm: DENY ctrl cmd 0xa06f0111 (not in allowlist / oversize)
nvkvm: DENY ctrl cmd 0xa06f0111 (not in allowlist / oversize)
nvkvm: DENY ctrl cmd 0xa06f0111 (not in allowlist / oversize)
nvkvm: DENY ctrl cmd 0xa06f0111 (not in allowlist / oversize)
nvkvm: DENY ctrl cmd 0xa06f0111 (not in allowlist / oversize)
nvkvm: DENY ctrl cmd 0xa06f0111 (not in allowlist / oversize)
nvkvm: DENY ctrl cmd 0xa06f0111 (not in allowlist / oversize)
nvkvm: DENY ctrl cmd 0xa06f0111 (not in allowlist / oversize)
nvkvm: DENY ctrl cmd 0xa06f0111 (not in allowlist / oversize)
nvkvm: DENY ctrl cmd 0xa06f0111 (not in allowlist / oversize)
nvkvm: DENY ctrl cmd 0xa06f0111 (not in allowlist / oversize)
nvkvm: DENY ctrl cmd 0xa06f0111 (not in allowlist / oversize)
nvkvm: DENY ctrl cmd 0xa06f0111 (not in allowlist / oversize)
nvkvm: DENY ctrl cmd 0xa06f0111 (not in allowlist / oversize)
nvkvm: DENY ctrl cmd 0xa06f0111 (not in allowlist / oversize)
nvkvm: DENY ctrl cmd 0xa06f0111 (not in allowlist / oversize)
nvkvm: DENY ctrl cmd 0xa06f0111 (not in allowlist / oversize)
nvkvm: DENY ctrl cmd 0xa06f0111 (not in allowlist / oversize)
nvkvm: DENY ctrl cmd 0xa06f0111 (not in allowlist / oversize)
nvkvm: DENY ctrl cmd 0xa06f0111 (not in allowlist / oversize)
nvkvm: DENY ctrl cmd 0xa06f0111 (not in allowlist / oversize)
nvkvm: DENY ctrl cmd 0xa06f0111 (not in allowlist / oversize)
nvkvm: DENY ctrl cmd 0xa06f0111 (not in allowlist / oversize)
nvkvm: DENY ctrl cmd 0xa06f0111 (not in allowlist / oversize)
nvkvm: DENY ctrl cmd 0xa06f0111 (not in allowlist / oversize)
nvkvm: DENY ctrl cmd 0xa06f0111 (not in allowlist / oversize)
nvkvm: DENY ctrl cmd 0xa06f0111 (not in allowlist / oversize)
nvkvm: DENY ctrl cmd 0xa06f0111 (not in allowlist / oversize)
nvkvm: DENY ctrl cmd 0xa06f0111 (not in allowlist / oversize)
nvkvm: DENY ctrl cmd 0xa06f0111 (not in allowlist / oversize)
nvkvm: DENY ctrl cmd 0xa06f0111 (not in allowlist / oversize)
nvkvm: DENY ctrl cmd 0xa06f0111 (not in allowlist / oversize)
nvkvm: DENY ctrl cmd 0xa06f0111 (not in allowlist / oversize)
nvkvm: DENY ctrl cmd 0xa06f0111 (not in allowlist / oversize)
nvkvm: DENY ctrl cmd 0xa06f0111 (not in allowlist / oversize)
nvkvm: DENY ctrl cmd 0xa06f0111 (not in allowlist / oversize)
nvkvm: DENY ctrl cmd 0xa06f0111 (not in allowlist / oversize)
nvkvm: DENY ctrl cmd 0xa06f0111 (not in allowlist / oversize)
nvkvm: DENY ctrl cmd 0xa06f0111 (not in allowlist / oversize)
nvkvm: DENY ctrl cmd 0xa06f0111 (not in allowlist / oversize)
nvkvm: DENY ctrl cmd 0xa06f0111 (not in allowlist / oversize)
nvkvm: DENY ctrl cmd 0xa06f0111 (not in allowlist / oversize)
nvkvm: DENY ctrl cmd 0xa06f0111 (not in allowlist / oversize)
nvkvm: DENY ctrl cmd 0xa06f0111 (not in allowlist / oversize)
nvkvm disp stats: 60.3 frames/s dropped=0 failed=0 present_mean=0.65ms (total consumed=2813 dropped=0 failed=1)
nvkvm: DENY ctrl cmd 0xa06f0111 (not in allowlist / oversize)
nvkvm: DENY ctrl cmd 0xa06f0111 (not in allowlist / oversize)
nvkvm: DENY ctrl cmd 0xa06f0111 (not in allowlist / oversize)
nvkvm: DENY ctrl cmd 0xa06f0111 (not in allowlist / oversize)
nvkvm: DENY ctrl cmd 0xa06f0111 (not in allowlist / oversize)
nvkvm: DENY ctrl cmd 0xa06f0111 (not in allowlist / oversize)
nvkvm: DENY ctrl cmd 0xa06f0111 (not in allowlist / oversize)
nvkvm: DENY ctrl cmd 0xa06f0111 (not in allowlist / oversize)
nvkvm: DENY ctrl cmd 0xa06f0111 (not in allowlist / oversize)
nvkvm: DENY ctrl cmd 0xa06f0111 (not in allowlist / oversize)
nvkvm: DENY ctrl cmd 0xa06f0111 (not in allowlist / oversize)
nvkvm: DENY ctrl cmd 0xa06f0111 (not in allowlist / oversize)
nvkvm: DENY ctrl cmd 0xa06f0111 (not in allowlist / oversize)
nvkvm: DENY ctrl cmd 0xa06f0111 (not in allowlist / oversize)
nvkvm: DENY ctrl cmd 0xa06f0111 (not in allowlist / oversize)
nvkvm: DENY ctrl cmd 0xa06f0111 (not in allowlist / oversize)
nvkvm: DENY ctrl cmd 0xa06f0111 (not in allowlist / oversize)
nvkvm: DENY ctrl cmd 0xa06f0111 (not in allowlist / oversize)
nvkvm: DENY ctrl cmd 0xa06f0111 (not in allowlist / oversize)
nvkvm: DENY ctrl cmd 0xa06f0111 (not in allowlist / oversize)
nvkvm: DENY ctrl cmd 0xa06f0111 (not in allowlist / oversize)
nvkvm: DENY ctrl cmd 0xa06f0111 (not in allowlist / oversize)
nvkvm: DENY ctrl cmd 0xa06f0111 (not in allowlist / oversize)
nvkvm: DENY ctrl cmd 0xa06f0111 (not in allowlist / oversize)
nvkvm: DENY ctrl cmd 0xa06f0111 (not in allowlist / oversize)
nvkvm: DENY ctrl cmd 0xa06f0111 (not in allowlist / oversize)
nvkvm: DENY ctrl cmd 0xa06f0111 (not in allowlist / oversize)
nvkvm: DENY ctrl cmd 0xa06f0111 (not in allowlist / oversize)
nvkvm: DENY ctrl cmd 0xa06f0111 (not in allowlist / oversize)
nvkvm: DENY ctrl cmd 0xa06f0111 (not in allowlist / oversize)
nvkvm: DENY ctrl cmd 0xa06f0111 (not in allowlist / oversize)
nvkvm: DENY ctrl cmd 0xa06f0111 (not in allowlist / oversize)
nvkvm: DENY ctrl cmd 0xa06f0111 (not in allowlist / oversize)
nvkvm: DENY ctrl cmd 0xa06f0111 (not in allowlist / oversize)
nvkvm: DENY ctrl cmd 0xa06f0111 (not in allowlist / oversize)
nvkvm: DENY ctrl cmd 0xa06f0111 (not in allowlist / oversize)
nvkvm: DENY ctrl cmd 0xa06f0111 (not in allowlist / oversize)
nvkvm: DENY ctrl cmd 0xa06f0111 (not in allowlist / oversize)
nvkvm: DENY ctrl cmd 0xa06f0111 (not in allowlist / oversize)
nvkvm: DENY ctrl cmd 0xa06f0111 (not in allowlist / oversize)
nvkvm: DENY ctrl cmd 0xa06f0111 (not in allowlist / oversize)
nvkvm: DENY ctrl cmd 0xa06f0111 (not in allowlist / oversize)
nvkvm: DENY ctrl cmd 0xa06f0111 (not in allowlist / oversize)
nvkvm: DENY ctrl cmd 0xa06f0111 (not in allowlist / oversize)
nvkvm: DENY ctrl cmd 0xa06f0111 (not in allowlist / oversize)
nvkvm: DENY ctrl cmd 0xa06f0111 (not in allowlist / oversize)
nvkvm: DENY ctrl cmd 0xa06f0111 (not in allowlist / oversize)
nvkvm: DENY ctrl cmd 0xa06f0111 (not in allowlist / oversize)
nvkvm: DENY ctrl cmd 0xa06f0111 (not in allowlist / oversize)
nvkvm: DENY ctrl cmd 0xa06f0111 (not in allowlist / oversize)
nvkvm: DENY ctrl cmd 0xa06f0111 (not in allowlist / oversize)
nvkvm: DENY ctrl cmd 0xa06f0111 (not in allowlist / oversize)
nvkvm: DENY ctrl cmd 0xa06f0111 (not in allowlist / oversize)
nvkvm: DENY ctrl cmd 0xa06f0111 (not in allowlist / oversize)
nvkvm: DENY ctrl cmd 0xa06f0111 (not in allowlist / oversize)
nvkvm: DENY ctrl cmd 0xa06f0111 (not in allowlist / oversize)
nvkvm: DENY ctrl cmd 0xa06f0111 (not in allowlist / oversize)
nvkvm: DENY ctrl cmd 0xa06f0111 (not in allowlist / oversize)
nvkvm: DENY ctrl cmd 0xa06f0111 (not in allowlist / oversize)
nvkvm disp stats: 58.9 frames/s dropped=0 failed=0 present_mean=0.54ms (total consumed=2872 dropped=0 failed=1)
nvkvm: DENY ctrl cmd 0xa06f0111 (not in allowlist / oversize)
nvkvm: DENY ctrl cmd 0xa06f0111 (not in allowlist / oversize)
nvkvm: DENY ctrl cmd 0xa06f0111 (not in allowlist / oversize)
nvkvm: DENY ctrl cmd 0xa06f0111 (not in allowlist / oversize)
nvkvm: DENY ctrl cmd 0xa06f0111 (not in allowlist / oversize)
nvkvm: DENY ctrl cmd 0xa06f0111 (not in allowlist / oversize)
nvkvm: DENY ctrl cmd 0xa06f0111 (not in allowlist / oversize)
nvkvm: DENY ctrl cmd 0xa06f0111 (not in allowlist / oversize)
nvkvm: DENY ctrl cmd 0xa06f0111 (not in allowlist / oversize)
nvkvm: DENY ctrl cmd 0xa06f0111 (not in allowlist / oversize)
nvkvm: DENY ctrl cmd 0xa06f0111 (not in allowlist / oversize)
nvkvm: DENY ctrl cmd 0xa06f0111 (not in allowlist / oversize)
nvkvm: DENY ctrl cmd 0xa06f0111 (not in allowlist / oversize)
nvkvm: DENY ctrl cmd 0xa06f0111 (not in allowlist / oversize)
nvkvm: DENY ctrl cmd 0xa06f0111 (not in allowlist / oversize)
nvkvm: DENY ctrl cmd 0xa06f0111 (not in allowlist / oversize)
nvkvm: DENY ctrl cmd 0xa06f0111 (not in allowlist / oversize)
nvkvm: DENY ctrl cmd 0xa06f0111 (not in allowlist / oversize)
nvkvm: DENY ctrl cmd 0xa06f0111 (not in allowlist / oversize)
nvkvm: DENY ctrl cmd 0xa06f0111 (not in allowlist / oversize)
nvkvm: DENY ctrl cmd 0xa06f0111 (not in allowlist / oversize)
nvkvm: DENY ctrl cmd 0xa06f0111 (not in allowlist / oversize)
nvkvm: DENY ctrl cmd 0xa06f0111 (not in allowlist / oversize)
nvkvm: DENY ctrl cmd 0xa06f0111 (not in allowlist / oversize)
nvkvm: DENY ctrl cmd 0xa06f0111 (not in allowlist / oversize)
nvkvm: DENY ctrl cmd 0xa06f0111 (not in allowlist / oversize)
nvkvm: DENY ctrl cmd 0xa06f0111 (not in allowlist / oversize)
nvkvm: DENY ctrl cmd 0xa06f0111 (not in allowlist / oversize)
nvkvm: DENY ctrl cmd 0xa06f0111 (not in allowlist / oversize)
nvkvm: DENY ctrl cmd 0xa06f0111 (not in allowlist / oversize)
nvkvm: DENY ctrl cmd 0xa06f0111 (not in allowlist / oversize)
nvkvm: DENY ctrl cmd 0xa06f0111 (not in allowlist / oversize)
nvkvm: DENY ctrl cmd 0xa06f0111 (not in allowlist / oversize)
nvkvm: DENY ctrl cmd 0xa06f0111 (not in allowlist / oversize)
nvkvm: DENY ctrl cmd 0xa06f0111 (not in allowlist / oversize)
nvkvm: DENY ctrl cmd 0xa06f0111 (not in allowlist / oversize)
nvkvm: DENY ctrl cmd 0xa06f0111 (not in allowlist / oversize)
nvkvm: DENY ctrl cmd 0xa06f0111 (not in allowlist / oversize)
nvkvm: DENY ctrl cmd 0xa06f0111 (not in allowlist / oversize)
nvkvm: DENY ctrl cmd 0xa06f0111 (not in allowlist / oversize)
nvkvm: DENY ctrl cmd 0xa06f0111 (not in allowlist / oversize)
nvkvm: DENY ctrl cmd 0xa06f0111 (not in allowlist / oversize)
nvkvm: DENY ctrl cmd 0xa06f0111 (not in allowlist / oversize)
nvkvm: DENY ctrl cmd 0xa06f0111 (not in allowlist / oversize)
nvkvm: DENY ctrl cmd 0xa06f0111 (not in allowlist / oversize)
nvkvm: DENY ctrl cmd 0xa06f0111 (not in allowlist / oversize)
nvkvm: DENY ctrl cmd 0xa06f0111 (not in allowlist / oversize)
nvkvm: DENY ctrl cmd 0xa06f0111 (not in allowlist / oversize)
nvkvm: DENY ctrl cmd 0xa06f0111 (not in allowlist / oversize)
nvkvm: DENY ctrl cmd 0xa06f0111 (not in allowlist / oversize)
nvkvm: DENY ctrl cmd 0xa06f0111 (not in allowlist / oversize)
nvkvm: DENY ctrl cmd 0xa06f0111 (not in allowlist / oversize)
nvkvm: DENY ctrl cmd 0xa06f0111 (not in allowlist / oversize)
nvkvm: DENY ctrl cmd 0xa06f0111 (not in allowlist / oversize)
nvkvm: DENY ctrl cmd 0xa06f0111 (not in allowlist / oversize)
nvkvm: DENY ctrl cmd 0xa06f0111 (not in allowlist / oversize)
nvkvm: DENY ctrl cmd 0xa06f0111 (not in allowlist / oversize)
nvkvm: DENY ctrl cmd 0xa06f0111 (not in allowlist / oversize)
nvkvm: DENY ctrl cmd 0xa06f0111 (not in allowlist / oversize)
nvkvm: DENY ctrl cmd 0xa06f0111 (not in allowlist / oversize)
nvkvm: DENY ctrl cmd 0xa06f0111 (not in allowlist / oversize)
nvkvm disp stats: 60.0 frames/s dropped=0 failed=0 present_mean=0.59ms (total consumed=2933 dropped=0 failed=1)
nvkvm: DENY ctrl cmd 0xa06f0111 (not in allowlist / oversize)
nvkvm: DENY ctrl cmd 0xa06f0111 (not in allowlist / oversize)
nvkvm: DENY ctrl cmd 0xa06f0111 (not in allowlist / oversize)
nvkvm: DENY ctrl cmd 0xa06f0111 (not in allowlist / oversize)
nvkvm: DENY ctrl cmd 0xa06f0111 (not in allowlist / oversize)
nvkvm: DENY ctrl cmd 0xa06f0111 (not in allowlist / oversize)
nvkvm: DENY ctrl cmd 0xa06f0111 (not in allowlist / oversize)
nvkvm: DENY ctrl cmd 0xa06f0111 (not in allowlist / oversize)
nvkvm: DENY ctrl cmd 0xa06f0111 (not in allowlist / oversize)
nvkvm: DENY ctrl cmd 0xa06f0111 (not in allowlist / oversize)
nvkvm: DENY ctrl cmd 0xa06f0111 (not in allowlist / oversize)
nvkvm: DENY ctrl cmd 0xa06f0111 (not in allowlist / oversize)
nvkvm: DENY ctrl cmd 0xa06f0111 (not in allowlist / oversize)
nvkvm: DENY ctrl cmd 0xa06f0111 (not in allowlist / oversize)
nvkvm: DENY ctrl cmd 0xa06f0111 (not in allowlist / oversize)
nvkvm: DENY ctrl cmd 0xa06f0111 (not in allowlist / oversize)
nvkvm: DENY ctrl cmd 0xa06f0111 (not in allowlist / oversize)
nvkvm: DENY ctrl cmd 0xa06f0111 (not in allowlist / oversize)
nvkvm: DENY ctrl cmd 0xa06f0111 (not in allowlist / oversize)
nvkvm: DENY ctrl cmd 0xa06f0111 (not in allowlist / oversize)
nvkvm: DENY ctrl cmd 0xa06f0111 (not in allowlist / oversize)
nvkvm: DENY ctrl cmd 0xa06f0111 (not in allowlist / oversize)
nvkvm: DENY ctrl cmd 0xa06f0111 (not in allowlist / oversize)
nvkvm: DENY ctrl cmd 0xa06f0111 (not in allowlist / oversize)
nvkvm: DENY ctrl cmd 0xa06f0111 (not in allowlist / oversize)
nvkvm: DENY ctrl cmd 0xa06f0111 (not in allowlist / oversize)
nvkvm: DENY ctrl cmd 0xa06f0111 (not in allowlist / oversize)
nvkvm: DENY ctrl cmd 0xa06f0111 (not in allowlist / oversize)
nvkvm: DENY ctrl cmd 0xa06f0111 (not in allowlist / oversize)
nvkvm: DENY ctrl cmd 0xa06f0111 (not in allowlist / oversize)
nvkvm: DENY ctrl cmd 0xa06f0111 (not in allowlist / oversize)
nvkvm: DENY ctrl cmd 0xa06f0111 (not in allowlist / oversize)
nvkvm: DENY ctrl cmd 0xa06f0111 (not in allowlist / oversize)
nvkvm: DENY ctrl cmd 0xa06f0111 (not in allowlist / oversize)
nvkvm: DENY ctrl cmd 0xa06f0111 (not in allowlist / oversize)
nvkvm: DENY ctrl cmd 0xa06f0111 (not in allowlist / oversize)
nvkvm: DENY ctrl cmd 0xa06f0111 (not in allowlist / oversize)
nvkvm: DENY ctrl cmd 0xa06f0111 (not in allowlist / oversize)
nvkvm: DENY ctrl cmd 0xa06f0111 (not in allowlist / oversize)
nvkvm: DENY ctrl cmd 0xa06f0111 (not in allowlist / oversize)
nvkvm: DENY ctrl cmd 0xa06f0111 (not in allowlist / oversize)
nvkvm: DENY ctrl cmd 0xa06f0111 (not in allowlist / oversize)
nvkvm: DENY ctrl cmd 0xa06f0111 (not in allowlist / oversize)
nvkvm: DENY ctrl cmd 0xa06f0111 (not in allowlist / oversize)
nvkvm: DENY ctrl cmd 0xa06f0111 (not in allowlist / oversize)
nvkvm: DENY ctrl cmd 0xa06f0111 (not in allowlist / oversize)
nvkvm: DENY ctrl cmd 0xa06f0111 (not in allowlist / oversize)
nvkvm: DENY ctrl cmd 0xa06f0111 (not in allowlist / oversize)
nvkvm: DENY ctrl cmd 0xa06f0111 (not in allowlist / oversize)
nvkvm: DENY ctrl cmd 0xa06f0111 (not in allowlist / oversize)
nvkvm: DENY ctrl cmd 0xa06f0111 (not in allowlist / oversize)
nvkvm: DENY ctrl cmd 0xa06f0111 (not in allowlist / oversize)
nvkvm: DENY ctrl cmd 0xa06f0111 (not in allowlist / oversize)
nvkvm: DENY ctrl cmd 0xa06f0111 (not in allowlist / oversize)
nvkvm: DENY ctrl cmd 0xa06f0111 (not in allowlist / oversize)
nvkvm: DENY ctrl cmd 0xa06f0111 (not in allowlist / oversize)
nvkvm: DENY ctrl cmd 0xa06f0111 (not in allowlist / oversize)
nvkvm: DENY ctrl cmd 0xa06f0111 (not in allowlist / oversize)
nvkvm: DENY ctrl cmd 0xa06f0111 (not in allowlist / oversize)
nvkvm: DENY ctrl cmd 0xa06f0111 (not in allowlist / oversize)
nvkvm: DENY ctrl cmd 0xa06f0111 (not in allowlist / oversize)
nvkvm disp stats: 60.0 frames/s dropped=0 failed=0 present_mean=0.67ms (total consumed=2994 dropped=0 failed=1)
nvkvm: DENY ctrl cmd 0xa06f0111 (not in allowlist / oversize)
nvkvm: DENY ctrl cmd 0xa06f0111 (not in allowlist / oversize)
nvkvm: DENY ctrl cmd 0xa06f0111 (not in allowlist / oversize)
nvkvm: DENY ctrl cmd 0xa06f0111 (not in allowlist / oversize)
nvkvm: DENY ctrl cmd 0xa06f0111 (not in allowlist / oversize)
nvkvm: DENY ctrl cmd 0xa06f0111 (not in allowlist / oversize)
nvkvm: DENY ctrl cmd 0xa06f0111 (not in allowlist / oversize)
nvkvm: DENY ctrl cmd 0xa06f0111 (not in allowlist / oversize)
nvkvm: DENY ctrl cmd 0xa06f0111 (not in allowlist / oversize)
nvkvm: DENY ctrl cmd 0xa06f0111 (not in allowlist / oversize)
nvkvm: DENY ctrl cmd 0xa06f0111 (not in allowlist / oversize)
nvkvm: DENY ctrl cmd 0xa06f0111 (not in allowlist / oversize)
nvkvm: DENY ctrl cmd 0xa06f0111 (not in allowlist / oversize)
nvkvm: DENY ctrl cmd 0xa06f0111 (not in allowlist / oversize)
nvkvm: DENY ctrl cmd 0xa06f0111 (not in allowlist / oversize)
nvkvm: DENY ctrl cmd 0xa06f0111 (not in allowlist / oversize)
nvkvm: DENY ctrl cmd 0xa06f0111 (not in allowlist / oversize)
nvkvm: DENY ctrl cmd 0xa06f0111 (not in allowlist / oversize)
nvkvm: DENY ctrl cmd 0xa06f0111 (not in allowlist / oversize)
nvkvm: DENY ctrl cmd 0xa06f0111 (not in allowlist / oversize)
nvkvm: DENY ctrl cmd 0xa06f0111 (not in allowlist / oversize)
nvkvm: DENY ctrl cmd 0xa06f0111 (not in allowlist / oversize)
nvkvm: DENY ctrl cmd 0xa06f0111 (not in allowlist / oversize)
nvkvm: DENY ctrl cmd 0xa06f0111 (not in allowlist / oversize)
nvkvm: DENY ctrl cmd 0xa06f0111 (not in allowlist / oversize)
nvkvm: DENY ctrl cmd 0xa06f0111 (not in allowlist / oversize)
nvkvm: DENY ctrl cmd 0xa06f0111 (not in allowlist / oversize)
nvkvm: DENY ctrl cmd 0xa06f0111 (not in allowlist / oversize)
nvkvm: DENY ctrl cmd 0xa06f0111 (not in allowlist / oversize)
nvkvm: DENY ctrl cmd 0xa06f0111 (not in allowlist / oversize)
nvkvm: DENY ctrl cmd 0xa06f0111 (not in allowlist / oversize)
nvkvm: DENY ctrl cmd 0xa06f0111 (not in allowlist / oversize)
nvkvm: DENY ctrl cmd 0xa06f0111 (not in allowlist / oversize)
nvkvm: DENY ctrl cmd 0xa06f0111 (not in allowlist / oversize)
nvkvm: DENY ctrl cmd 0xa06f0111 (not in allowlist / oversize)
nvkvm: DENY ctrl cmd 0xa06f0111 (not in allowlist / oversize)
nvkvm: DENY ctrl cmd 0xa06f0111 (not in allowlist / oversize)
nvkvm: DENY ctrl cmd 0xa06f0111 (not in allowlist / oversize)
nvkvm: DENY ctrl cmd 0xa06f0111 (not in allowlist / oversize)
nvkvm: DENY ctrl cmd 0xa06f0111 (not in allowlist / oversize)
nvkvm: DENY ctrl cmd 0xa06f0111 (not in allowlist / oversize)
nvkvm: DENY ctrl cmd 0xa06f0111 (not in allowlist / oversize)
nvkvm: DENY ctrl cmd 0xa06f0111 (not in allowlist / oversize)
nvkvm: DENY ctrl cmd 0xa06f0111 (not in allowlist / oversize)
nvkvm: DENY ctrl cmd 0xa06f0111 (not in allowlist / oversize)
nvkvm: DENY ctrl cmd 0xa06f0111 (not in allowlist / oversize)
nvkvm: DENY ctrl cmd 0xa06f0111 (not in allowlist / oversize)
nvkvm: DENY ctrl cmd 0xa06f0111 (not in allowlist / oversize)
nvkvm: DENY ctrl cmd 0xa06f0111 (not in allowlist / oversize)
nvkvm: DENY ctrl cmd 0xa06f0111 (not in allowlist / oversize)
nvkvm: DENY ctrl cmd 0xa06f0111 (not in allowlist / oversize)
nvkvm: DENY ctrl cmd 0xa06f0111 (not in allowlist / oversize)
nvkvm: DENY ctrl cmd 0xa06f0111 (not in allowlist / oversize)
nvkvm: DENY ctrl cmd 0xa06f0111 (not in allowlist / oversize)
nvkvm: DENY ctrl cmd 0xa06f0111 (not in allowlist / oversize)
nvkvm: DENY ctrl cmd 0xa06f0111 (not in allowlist / oversize)
nvkvm: DENY ctrl cmd 0xa06f0111 (not in allowlist / oversize)
nvkvm: DENY ctrl cmd 0xa06f0111 (not in allowlist / oversize)
nvkvm: DENY ctrl cmd 0xa06f0111 (not in allowlist / oversize)
nvkvm: DENY ctrl cmd 0xa06f0111 (not in allowlist / oversize)
nvkvm disp stats: 59.0 frames/s dropped=0 failed=0 present_mean=0.55ms (total consumed=3054 dropped=0 failed=1)
nvkvm: DENY ctrl cmd 0xa06f0111 (not in allowlist / oversize)
nvkvm: DENY ctrl cmd 0xa06f0111 (not in allowlist / oversize)
nvkvm: DENY ctrl cmd 0xa06f0111 (not in allowlist / oversize)
nvkvm: DENY ctrl cmd 0xa06f0111 (not in allowlist / oversize)
nvkvm: DENY ctrl cmd 0xa06f0111 (not in allowlist / oversize)
nvkvm: DENY ctrl cmd 0xa06f0111 (not in allowlist / oversize)
nvkvm: DENY ctrl cmd 0xa06f0111 (not in allowlist / oversize)
nvkvm: DENY ctrl cmd 0xa06f0111 (not in allowlist / oversize)
nvkvm: DENY ctrl cmd 0xa06f0111 (not in allowlist / oversize)
nvkvm: DENY ctrl cmd 0xa06f0111 (not in allowlist / oversize)
nvkvm: DENY ctrl cmd 0xa06f0111 (not in allowlist / oversize)
nvkvm: DENY ctrl cmd 0xa06f0111 (not in allowlist / oversize)
nvkvm: DENY ctrl cmd 0xa06f0111 (not in allowlist / oversize)
nvkvm: DENY ctrl cmd 0xa06f0111 (not in allowlist / oversize)
nvkvm: DENY ctrl cmd 0xa06f0111 (not in allowlist / oversize)
nvkvm: DENY ctrl cmd 0xa06f0111 (not in allowlist / oversize)
nvkvm: DENY ctrl cmd 0xa06f0111 (not in allowlist / oversize)
nvkvm: DENY ctrl cmd 0xa06f0111 (not in allowlist / oversize)
nvkvm: DENY ctrl cmd 0xa06f0111 (not in allowlist / oversize)
nvkvm: DENY ctrl cmd 0xa06f0111 (not in allowlist / oversize)
nvkvm: DENY ctrl cmd 0xa06f0111 (not in allowlist / oversize)
nvkvm: DENY ctrl cmd 0xa06f0111 (not in allowlist / oversize)
nvkvm: DENY ctrl cmd 0xa06f0111 (not in allowlist / oversize)
nvkvm: DENY ctrl cmd 0xa06f0111 (not in allowlist / oversize)
nvkvm: DENY ctrl cmd 0xa06f0111 (not in allowlist / oversize)
nvkvm: DENY ctrl cmd 0xa06f0111 (not in allowlist / oversize)
nvkvm: DENY ctrl cmd 0xa06f0111 (not in allowlist / oversize)
nvkvm: DENY ctrl cmd 0xa06f0111 (not in allowlist / oversize)
nvkvm: DENY ctrl cmd 0xa06f0111 (not in allowlist / oversize)
nvkvm: DENY ctrl cmd 0xa06f0111 (not in allowlist / oversize)
nvkvm: DENY ctrl cmd 0xa06f0111 (not in allowlist / oversize)
nvkvm: DENY ctrl cmd 0xa06f0111 (not in allowlist / oversize)
nvkvm: DENY ctrl cmd 0xa06f0111 (not in allowlist / oversize)
nvkvm: DENY ctrl cmd 0xa06f0111 (not in allowlist / oversize)
nvkvm: DENY ctrl cmd 0xa06f0111 (not in allowlist / oversize)
nvkvm: DENY ctrl cmd 0xa06f0111 (not in allowlist / oversize)
nvkvm: DENY ctrl cmd 0xa06f0111 (not in allowlist / oversize)
nvkvm: DENY ctrl cmd 0xa06f0111 (not in allowlist / oversize)
nvkvm: DENY ctrl cmd 0xa06f0111 (not in allowlist / oversize)
nvkvm: DENY ctrl cmd 0xa06f0111 (not in allowlist / oversize)
nvkvm: DENY ctrl cmd 0xa06f0111 (not in allowlist / oversize)
nvkvm: DENY ctrl cmd 0xa06f0111 (not in allowlist / oversize)
nvkvm: DENY ctrl cmd 0xa06f0111 (not in allowlist / oversize)
nvkvm: DENY ctrl cmd 0xa06f0111 (not in allowlist / oversize)
nvkvm: DENY ctrl cmd 0xa06f0111 (not in allowlist / oversize)
nvkvm: DENY ctrl cmd 0xa06f0111 (not in allowlist / oversize)
nvkvm: DENY ctrl cmd 0xa06f0111 (not in allowlist / oversize)
nvkvm: DENY ctrl cmd 0xa06f0111 (not in allowlist / oversize)
nvkvm: DENY ctrl cmd 0xa06f0111 (not in allowlist / oversize)
nvkvm: DENY ctrl cmd 0xa06f0111 (not in allowlist / oversize)
nvkvm: DENY ctrl cmd 0xa06f0111 (not in allowlist / oversize)
nvkvm: DENY ctrl cmd 0xa06f0111 (not in allowlist / oversize)
nvkvm: DENY ctrl cmd 0xa06f0111 (not in allowlist / oversize)
nvkvm: DENY ctrl cmd 0xa06f0111 (not in allowlist / oversize)
nvkvm: DENY ctrl cmd 0xa06f0111 (not in allowlist / oversize)
nvkvm: DENY ctrl cmd 0xa06f0111 (not in allowlist / oversize)
nvkvm: DENY ctrl cmd 0xa06f0111 (not in allowlist / oversize)
nvkvm: DENY ctrl cmd 0xa06f0111 (not in allowlist / oversize)
nvkvm: DENY ctrl cmd 0xa06f0111 (not in allowlist / oversize)
nvkvm disp stats: 59.0 frames/s dropped=0 failed=0 present_mean=0.61ms (total consumed=3113 dropped=0 failed=1)
nvkvm: DENY ctrl cmd 0xa06f0111 (not in allowlist / oversize)
nvkvm: DENY ctrl cmd 0xa06f0111 (not in allowlist / oversize)
nvkvm: DENY ctrl cmd 0xa06f0111 (not in allowlist / oversize)
nvkvm: DENY ctrl cmd 0xa06f0111 (not in allowlist / oversize)
nvkvm: DENY ctrl cmd 0xa06f0111 (not in allowlist / oversize)
nvkvm: DENY ctrl cmd 0xa06f0111 (not in allowlist / oversize)
nvkvm: DENY ctrl cmd 0xa06f0111 (not in allowlist / oversize)
nvkvm: DENY ctrl cmd 0xa06f0111 (not in allowlist / oversize)
nvkvm: DENY ctrl cmd 0xa06f0111 (not in allowlist / oversize)
nvkvm: DENY ctrl cmd 0xa06f0111 (not in allowlist / oversize)
nvkvm: DENY ctrl cmd 0xa06f0111 (not in allowlist / oversize)
nvkvm: DENY ctrl cmd 0xa06f0111 (not in allowlist / oversize)
nvkvm: DENY ctrl cmd 0xa06f0111 (not in allowlist / oversize)
nvkvm: DENY ctrl cmd 0xa06f0111 (not in allowlist / oversize)
nvkvm: DENY ctrl cmd 0xa06f0111 (not in allowlist / oversize)
nvkvm: DENY ctrl cmd 0xa06f0111 (not in allowlist / oversize)
nvkvm: DENY ctrl cmd 0xa06f0111 (not in allowlist / oversize)
nvkvm: DENY ctrl cmd 0xa06f0111 (not in allowlist / oversize)
nvkvm: DENY ctrl cmd 0xa06f0111 (not in allowlist / oversize)
nvkvm: DENY ctrl cmd 0xa06f0111 (not in allowlist / oversize)
nvkvm: DENY ctrl cmd 0xa06f0111 (not in allowlist / oversize)
nvkvm: DENY ctrl cmd 0xa06f0111 (not in allowlist / oversize)
nvkvm: DENY ctrl cmd 0xa06f0111 (not in allowlist / oversize)
nvkvm: DENY ctrl cmd 0xa06f0111 (not in allowlist / oversize)
nvkvm: DENY ctrl cmd 0xa06f0111 (not in allowlist / oversize)
nvkvm: DENY ctrl cmd 0xa06f0111 (not in allowlist / oversize)
nvkvm: DENY ctrl cmd 0xa06f0111 (not in allowlist / oversize)
nvkvm: DENY ctrl cmd 0xa06f0111 (not in allowlist / oversize)
nvkvm: DENY ctrl cmd 0xa06f0111 (not in allowlist / oversize)
nvkvm: DENY ctrl cmd 0xa06f0111 (not in allowlist / oversize)
nvkvm: DENY ctrl cmd 0xa06f0111 (not in allowlist / oversize)
nvkvm: DENY ctrl cmd 0xa06f0111 (not in allowlist / oversize)
nvkvm: DENY ctrl cmd 0xa06f0111 (not in allowlist / oversize)
nvkvm: DENY ctrl cmd 0xa06f0111 (not in allowlist / oversize)
nvkvm: DENY ctrl cmd 0xa06f0111 (not in allowlist / oversize)
nvkvm: DENY ctrl cmd 0xa06f0111 (not in allowlist / oversize)
nvkvm: DENY ctrl cmd 0xa06f0111 (not in allowlist / oversize)
nvkvm: DENY ctrl cmd 0xa06f0111 (not in allowlist / oversize)
nvkvm: DENY ctrl cmd 0xa06f0111 (not in allowlist / oversize)
nvkvm: DENY ctrl cmd 0xa06f0111 (not in allowlist / oversize)
nvkvm: DENY ctrl cmd 0xa06f0111 (not in allowlist / oversize)
nvkvm: DENY ctrl cmd 0xa06f0111 (not in allowlist / oversize)
nvkvm: DENY ctrl cmd 0xa06f0111 (not in allowlist / oversize)
nvkvm: DENY ctrl cmd 0xa06f0111 (not in allowlist / oversize)
nvkvm: DENY ctrl cmd 0xa06f0111 (not in allowlist / oversize)
nvkvm: DENY ctrl cmd 0xa06f0111 (not in allowlist / oversize)
nvkvm: DENY ctrl cmd 0xa06f0111 (not in allowlist / oversize)
nvkvm: DENY ctrl cmd 0xa06f0111 (not in allowlist / oversize)
nvkvm: DENY ctrl cmd 0xa06f0111 (not in allowlist / oversize)
nvkvm: DENY ctrl cmd 0xa06f0111 (not in allowlist / oversize)
nvkvm: DENY ctrl cmd 0xa06f0111 (not in allowlist / oversize)
nvkvm: DENY ctrl cmd 0xa06f0111 (not in allowlist / oversize)
nvkvm: DENY ctrl cmd 0xa06f0111 (not in allowlist / oversize)
nvkvm: DENY ctrl cmd 0xa06f0111 (not in allowlist / oversize)
nvkvm: DENY ctrl cmd 0xa06f0111 (not in allowlist / oversize)
nvkvm: DENY ctrl cmd 0xa06f0111 (not in allowlist / oversize)
nvkvm: DENY ctrl cmd 0xa06f0111 (not in allowlist / oversize)
nvkvm: DENY ctrl cmd 0xa06f0111 (not in allowlist / oversize)
nvkvm: DENY ctrl cmd 0xa06f0111 (not in allowlist / oversize)
nvkvm: DENY ctrl cmd 0xa06f0111 (not in allowlist / oversize)
nvkvm disp stats: 59.9 frames/s dropped=0 failed=0 present_mean=0.58ms (total consumed=3173 dropped=0 failed=1)
nvkvm: DENY ctrl cmd 0xa06f0111 (not in allowlist / oversize)
nvkvm: DENY ctrl cmd 0xa06f0111 (not in allowlist / oversize)
nvkvm: DENY ctrl cmd 0xa06f0111 (not in allowlist / oversize)
nvkvm: DENY ctrl cmd 0xa06f0111 (not in allowlist / oversize)
nvkvm: DENY ctrl cmd 0xa06f0111 (not in allowlist / oversize)
nvkvm: DENY ctrl cmd 0xa06f0111 (not in allowlist / oversize)
nvkvm: DENY ctrl cmd 0xa06f0111 (not in allowlist / oversize)
nvkvm: DENY ctrl cmd 0xa06f0111 (not in allowlist / oversize)
nvkvm: DENY ctrl cmd 0xa06f0111 (not in allowlist / oversize)
nvkvm: DENY ctrl cmd 0xa06f0111 (not in allowlist / oversize)
nvkvm: DENY ctrl cmd 0xa06f0111 (not in allowlist / oversize)
nvkvm: DENY ctrl cmd 0xa06f0111 (not in allowlist / oversize)
nvkvm: DENY ctrl cmd 0xa06f0111 (not in allowlist / oversize)
nvkvm: DENY ctrl cmd 0xa06f0111 (not in allowlist / oversize)
nvkvm: DENY ctrl cmd 0xa06f0111 (not in allowlist / oversize)
nvkvm: DENY ctrl cmd 0xa06f0111 (not in allowlist / oversize)
nvkvm: DENY ctrl cmd 0xa06f0111 (not in allowlist / oversize)
nvkvm: DENY ctrl cmd 0xa06f0111 (not in allowlist / oversize)
nvkvm: DENY ctrl cmd 0xa06f0111 (not in allowlist / oversize)
nvkvm: DENY ctrl cmd 0xa06f0111 (not in allowlist / oversize)
nvkvm: DENY ctrl cmd 0xa06f0111 (not in allowlist / oversize)
nvkvm: DENY ctrl cmd 0xa06f0111 (not in allowlist / oversize)
nvkvm: DENY ctrl cmd 0xa06f0111 (not in allowlist / oversize)
nvkvm: DENY ctrl cmd 0xa06f0111 (not in allowlist / oversize)
nvkvm: DENY ctrl cmd 0xa06f0111 (not in allowlist / oversize)
nvkvm: DENY ctrl cmd 0xa06f0111 (not in allowlist / oversize)
nvkvm: DENY ctrl cmd 0xa06f0111 (not in allowlist / oversize)
nvkvm: DENY ctrl cmd 0xa06f0111 (not in allowlist / oversize)
nvkvm: DENY ctrl cmd 0xa06f0111 (not in allowlist / oversize)
nvkvm: DENY ctrl cmd 0xa06f0111 (not in allowlist / oversize)
nvkvm: DENY ctrl cmd 0xa06f0111 (not in allowlist / oversize)
nvkvm: DENY ctrl cmd 0xa06f0111 (not in allowlist / oversize)
nvkvm: DENY ctrl cmd 0xa06f0111 (not in allowlist / oversize)
nvkvm: DENY ctrl cmd 0xa06f0111 (not in allowlist / oversize)
nvkvm: DENY ctrl cmd 0xa06f0111 (not in allowlist / oversize)
nvkvm: DENY ctrl cmd 0xa06f0111 (not in allowlist / oversize)
nvkvm: DENY ctrl cmd 0xa06f0111 (not in allowlist / oversize)
nvkvm: DENY ctrl cmd 0xa06f0111 (not in allowlist / oversize)
nvkvm: DENY ctrl cmd 0xa06f0111 (not in allowlist / oversize)
nvkvm: DENY ctrl cmd 0xa06f0111 (not in allowlist / oversize)
nvkvm: DENY ctrl cmd 0xa06f0111 (not in allowlist / oversize)
nvkvm: DENY ctrl cmd 0xa06f0111 (not in allowlist / oversize)
nvkvm: DENY ctrl cmd 0xa06f0111 (not in allowlist / oversize)
nvkvm: DENY ctrl cmd 0xa06f0111 (not in allowlist / oversize)
nvkvm: DENY ctrl cmd 0xa06f0111 (not in allowlist / oversize)
nvkvm: DENY ctrl cmd 0xa06f0111 (not in allowlist / oversize)
nvkvm: DENY ctrl cmd 0xa06f0111 (not in allowlist / oversize)
nvkvm: DENY ctrl cmd 0xa06f0111 (not in allowlist / oversize)
nvkvm: DENY ctrl cmd 0xa06f0111 (not in allowlist / oversize)
nvkvm: DENY ctrl cmd 0xa06f0111 (not in allowlist / oversize)
nvkvm: DENY ctrl cmd 0xa06f0111 (not in allowlist / oversize)
nvkvm: DENY ctrl cmd 0xa06f0111 (not in allowlist / oversize)
nvkvm: DENY ctrl cmd 0xa06f0111 (not in allowlist / oversize)
nvkvm: DENY ctrl cmd 0xa06f0111 (not in allowlist / oversize)
nvkvm: DENY ctrl cmd 0xa06f0111 (not in allowlist / oversize)
nvkvm: DENY ctrl cmd 0xa06f0111 (not in allowlist / oversize)
nvkvm: DENY ctrl cmd 0xa06f0111 (not in allowlist / oversize)
nvkvm: DENY ctrl cmd 0xa06f0111 (not in allowlist / oversize)
nvkvm: DENY ctrl cmd 0xa06f0111 (not in allowlist / oversize)
nvkvm: DENY ctrl cmd 0xa06f0111 (not in allowlist / oversize)
nvkvm disp stats: 59.0 frames/s dropped=0 failed=0 present_mean=0.55ms (total consumed=3233 dropped=0 failed=1)
nvkvm: DENY ctrl cmd 0xa06f0111 (not in allowlist / oversize)
nvkvm: DENY ctrl cmd 0xa06f0111 (not in allowlist / oversize)
nvkvm: DENY ctrl cmd 0xa06f0111 (not in allowlist / oversize)
nvkvm: DENY ctrl cmd 0xa06f0111 (not in allowlist / oversize)
nvkvm: DENY ctrl cmd 0xa06f0111 (not in allowlist / oversize)
nvkvm: DENY ctrl cmd 0xa06f0111 (not in allowlist / oversize)
nvkvm: DENY ctrl cmd 0xa06f0111 (not in allowlist / oversize)
nvkvm: DENY ctrl cmd 0xa06f0111 (not in allowlist / oversize)
nvkvm: DENY ctrl cmd 0xa06f0111 (not in allowlist / oversize)
nvkvm: DENY ctrl cmd 0xa06f0111 (not in allowlist / oversize)
nvkvm: DENY ctrl cmd 0xa06f0111 (not in allowlist / oversize)
nvkvm: DENY ctrl cmd 0xa06f0111 (not in allowlist / oversize)
nvkvm: DENY ctrl cmd 0xa06f0111 (not in allowlist / oversize)
nvkvm: DENY ctrl cmd 0xa06f0111 (not in allowlist / oversize)
nvkvm: DENY ctrl cmd 0xa06f0111 (not in allowlist / oversize)
nvkvm: DENY ctrl cmd 0xa06f0111 (not in allowlist / oversize)
nvkvm: DENY ctrl cmd 0xa06f0111 (not in allowlist / oversize)
nvkvm: DENY ctrl cmd 0xa06f0111 (not in allowlist / oversize)
nvkvm: DENY ctrl cmd 0xa06f0111 (not in allowlist / oversize)
nvkvm: DENY ctrl cmd 0xa06f0111 (not in allowlist / oversize)
nvkvm: DENY ctrl cmd 0xa06f0111 (not in allowlist / oversize)
nvkvm: DENY ctrl cmd 0xa06f0111 (not in allowlist / oversize)
nvkvm: DENY ctrl cmd 0xa06f0111 (not in allowlist / oversize)
nvkvm: DENY ctrl cmd 0xa06f0111 (not in allowlist / oversize)
nvkvm: DENY ctrl cmd 0xa06f0111 (not in allowlist / oversize)
nvkvm: DENY ctrl cmd 0xa06f0111 (not in allowlist / oversize)
nvkvm: DENY ctrl cmd 0xa06f0111 (not in allowlist / oversize)
nvkvm: DENY ctrl cmd 0xa06f0111 (not in allowlist / oversize)
nvkvm: DENY ctrl cmd 0xa06f0111 (not in allowlist / oversize)
nvkvm: DENY ctrl cmd 0xa06f0111 (not in allowlist / oversize)
nvkvm: DENY ctrl cmd 0xa06f0111 (not in allowlist / oversize)
nvkvm: DENY ctrl cmd 0xa06f0111 (not in allowlist / oversize)
nvkvm: DENY ctrl cmd 0xa06f0111 (not in allowlist / oversize)
nvkvm: DENY ctrl cmd 0xa06f0111 (not in allowlist / oversize)
nvkvm: DENY ctrl cmd 0xa06f0111 (not in allowlist / oversize)
nvkvm: DENY ctrl cmd 0xa06f0111 (not in allowlist / oversize)
nvkvm: DENY ctrl cmd 0xa06f0111 (not in allowlist / oversize)
nvkvm: DENY ctrl cmd 0xa06f0111 (not in allowlist / oversize)
nvkvm: DENY ctrl cmd 0xa06f0111 (not in allowlist / oversize)
nvkvm: DENY ctrl cmd 0xa06f0111 (not in allowlist / oversize)
nvkvm: DENY ctrl cmd 0xa06f0111 (not in allowlist / oversize)
nvkvm: DENY ctrl cmd 0xa06f0111 (not in allowlist / oversize)
nvkvm: DENY ctrl cmd 0xa06f0111 (not in allowlist / oversize)
nvkvm: DENY ctrl cmd 0xa06f0111 (not in allowlist / oversize)
nvkvm: DENY ctrl cmd 0xa06f0111 (not in allowlist / oversize)
nvkvm: DENY ctrl cmd 0xa06f0111 (not in allowlist / oversize)
nvkvm: DENY ctrl cmd 0xa06f0111 (not in allowlist / oversize)
nvkvm: DENY ctrl cmd 0xa06f0111 (not in allowlist / oversize)
nvkvm: DENY ctrl cmd 0xa06f0111 (not in allowlist / oversize)
nvkvm: DENY ctrl cmd 0xa06f0111 (not in allowlist / oversize)
nvkvm: DENY ctrl cmd 0xa06f0111 (not in allowlist / oversize)
nvkvm: DENY ctrl cmd 0xa06f0111 (not in allowlist / oversize)
nvkvm: DENY ctrl cmd 0xa06f0111 (not in allowlist / oversize)
nvkvm: DENY ctrl cmd 0xa06f0111 (not in allowlist / oversize)
nvkvm: DENY ctrl cmd 0xa06f0111 (not in allowlist / oversize)
nvkvm: DENY ctrl cmd 0xa06f0111 (not in allowlist / oversize)
nvkvm: DENY ctrl cmd 0xa06f0111 (not in allowlist / oversize)
nvkvm: DENY ctrl cmd 0xa06f0111 (not in allowlist / oversize)
nvkvm: DENY ctrl cmd 0xa06f0111 (not in allowlist / oversize)
nvkvm: DENY ctrl cmd 0xa06f0111 (not in allowlist / oversize)
nvkvm: DENY ctrl cmd 0xa06f0111 (not in allowlist / oversize)
nvkvm disp stats: 60.1 frames/s dropped=0 failed=0 present_mean=0.44ms (total consumed=3294 dropped=0 failed=1)
nvkvm: DENY ctrl cmd 0xa06f0111 (not in allowlist / oversize)
nvkvm: DENY ctrl cmd 0xa06f0111 (not in allowlist / oversize)
nvkvm: DENY ctrl cmd 0xa06f0111 (not in allowlist / oversize)
nvkvm: DENY ctrl cmd 0xa06f0111 (not in allowlist / oversize)
nvkvm: DENY ctrl cmd 0xa06f0111 (not in allowlist / oversize)
nvkvm: DENY ctrl cmd 0xa06f0111 (not in allowlist / oversize)
nvkvm: DENY ctrl cmd 0xa06f0111 (not in allowlist / oversize)
nvkvm: DENY ctrl cmd 0xa06f0111 (not in allowlist / oversize)
nvkvm: DENY ctrl cmd 0xa06f0111 (not in allowlist / oversize)
nvkvm: DENY ctrl cmd 0xa06f0111 (not in allowlist / oversize)
nvkvm: DENY ctrl cmd 0xa06f0111 (not in allowlist / oversize)
nvkvm: DENY ctrl cmd 0xa06f0111 (not in allowlist / oversize)
nvkvm: DENY ctrl cmd 0xa06f0111 (not in allowlist / oversize)
nvkvm: DENY ctrl cmd 0xa06f0111 (not in allowlist / oversize)
nvkvm: DENY ctrl cmd 0xa06f0111 (not in allowlist / oversize)
nvkvm: DENY ctrl cmd 0xa06f0111 (not in allowlist / oversize)
nvkvm: DENY ctrl cmd 0xa06f0111 (not in allowlist / oversize)
nvkvm: DENY ctrl cmd 0xa06f0111 (not in allowlist / oversize)
nvkvm: DENY ctrl cmd 0xa06f0111 (not in allowlist / oversize)
nvkvm: DENY ctrl cmd 0xa06f0111 (not in allowlist / oversize)
nvkvm: DENY ctrl cmd 0xa06f0111 (not in allowlist / oversize)
nvkvm: DENY ctrl cmd 0xa06f0111 (not in allowlist / oversize)
nvkvm: DENY ctrl cmd 0xa06f0111 (not in allowlist / oversize)
nvkvm: DENY ctrl cmd 0xa06f0111 (not in allowlist / oversize)
nvkvm: DENY ctrl cmd 0xa06f0111 (not in allowlist / oversize)
nvkvm: DENY ctrl cmd 0xa06f0111 (not in allowlist / oversize)
nvkvm: DENY ctrl cmd 0xa06f0111 (not in allowlist / oversize)
nvkvm: DENY ctrl cmd 0xa06f0111 (not in allowlist / oversize)
nvkvm: DENY ctrl cmd 0xa06f0111 (not in allowlist / oversize)
nvkvm: DENY ctrl cmd 0xa06f0111 (not in allowlist / oversize)
nvkvm: DENY ctrl cmd 0xa06f0111 (not in allowlist / oversize)
nvkvm: DENY ctrl cmd 0xa06f0111 (not in allowlist / oversize)
nvkvm: DENY ctrl cmd 0xa06f0111 (not in allowlist / oversize)
nvkvm: DENY ctrl cmd 0xa06f0111 (not in allowlist / oversize)
nvkvm: DENY ctrl cmd 0xa06f0111 (not in allowlist / oversize)
nvkvm: DENY ctrl cmd 0xa06f0111 (not in allowlist / oversize)
nvkvm: DENY ctrl cmd 0xa06f0111 (not in allowlist / oversize)
nvkvm: DENY ctrl cmd 0xa06f0111 (not in allowlist / oversize)
nvkvm: DENY ctrl cmd 0xa06f0111 (not in allowlist / oversize)
nvkvm: DENY ctrl cmd 0xa06f0111 (not in allowlist / oversize)
nvkvm: DENY ctrl cmd 0xa06f0111 (not in allowlist / oversize)
nvkvm: DENY ctrl cmd 0xa06f0111 (not in allowlist / oversize)
nvkvm: DENY ctrl cmd 0xa06f0111 (not in allowlist / oversize)
nvkvm: DENY ctrl cmd 0xa06f0111 (not in allowlist / oversize)
nvkvm: DENY ctrl cmd 0xa06f0111 (not in allowlist / oversize)
nvkvm: DENY ctrl cmd 0xa06f0111 (not in allowlist / oversize)
nvkvm: DENY ctrl cmd 0xa06f0111 (not in allowlist / oversize)
nvkvm: DENY ctrl cmd 0xa06f0111 (not in allowlist / oversize)
nvkvm: DENY ctrl cmd 0xa06f0111 (not in allowlist / oversize)
nvkvm: DENY ctrl cmd 0xa06f0111 (not in allowlist / oversize)
nvkvm: DENY ctrl cmd 0xa06f0111 (not in allowlist / oversize)
nvkvm: DENY ctrl cmd 0xa06f0111 (not in allowlist / oversize)
nvkvm: DENY ctrl cmd 0xa06f0111 (not in allowlist / oversize)
nvkvm: DENY ctrl cmd 0xa06f0111 (not in allowlist / oversize)
nvkvm: DENY ctrl cmd 0xa06f0111 (not in allowlist / oversize)
nvkvm: DENY ctrl cmd 0xa06f0111 (not in allowlist / oversize)
nvkvm: DENY ctrl cmd 0xa06f0111 (not in allowlist / oversize)
nvkvm: DENY ctrl cmd 0xa06f0111 (not in allowlist / oversize)
nvkvm: DENY ctrl cmd 0xa06f0111 (not in allowlist / oversize)
nvkvm disp stats: 59.0 frames/s dropped=0 failed=0 present_mean=0.48ms (total consumed=3353 dropped=0 failed=1)
nvkvm: DENY ctrl cmd 0xa06f0111 (not in allowlist / oversize)
nvkvm: DENY ctrl cmd 0xa06f0111 (not in allowlist / oversize)
nvkvm: DENY ctrl cmd 0xa06f0111 (not in allowlist / oversize)
nvkvm: DENY ctrl cmd 0xa06f0111 (not in allowlist / oversize)
nvkvm: DENY ctrl cmd 0xa06f0111 (not in allowlist / oversize)
nvkvm: DENY ctrl cmd 0xa06f0111 (not in allowlist / oversize)
nvkvm: DENY ctrl cmd 0xa06f0111 (not in allowlist / oversize)
nvkvm: DENY ctrl cmd 0xa06f0111 (not in allowlist / oversize)
nvkvm: DENY ctrl cmd 0xa06f0111 (not in allowlist / oversize)
nvkvm: DENY ctrl cmd 0xa06f0111 (not in allowlist / oversize)
nvkvm: DENY ctrl cmd 0xa06f0111 (not in allowlist / oversize)
nvkvm: DENY ctrl cmd 0xa06f0111 (not in allowlist / oversize)
nvkvm: DENY ctrl cmd 0xa06f0111 (not in allowlist / oversize)
nvkvm: DENY ctrl cmd 0xa06f0111 (not in allowlist / oversize)
nvkvm: DENY ctrl cmd 0xa06f0111 (not in allowlist / oversize)
nvkvm: DENY ctrl cmd 0xa06f0111 (not in allowlist / oversize)
nvkvm: DENY ctrl cmd 0xa06f0111 (not in allowlist / oversize)
nvkvm: DENY ctrl cmd 0xa06f0111 (not in allowlist / oversize)
nvkvm: DENY ctrl cmd 0xa06f0111 (not in allowlist / oversize)
nvkvm: DENY ctrl cmd 0xa06f0111 (not in allowlist / oversize)
nvkvm: DENY ctrl cmd 0xa06f0111 (not in allowlist / oversize)
nvkvm: DENY ctrl cmd 0xa06f0111 (not in allowlist / oversize)
nvkvm: DENY ctrl cmd 0xa06f0111 (not in allowlist / oversize)
nvkvm: DENY ctrl cmd 0xa06f0111 (not in allowlist / oversize)
nvkvm: DENY ctrl cmd 0xa06f0111 (not in allowlist / oversize)
nvkvm: DENY ctrl cmd 0xa06f0111 (not in allowlist / oversize)
nvkvm: DENY ctrl cmd 0xa06f0111 (not in allowlist / oversize)
nvkvm: DENY ctrl cmd 0xa06f0111 (not in allowlist / oversize)
nvkvm: DENY ctrl cmd 0xa06f0111 (not in allowlist / oversize)
nvkvm: DENY ctrl cmd 0xa06f0111 (not in allowlist / oversize)
nvkvm: DENY ctrl cmd 0xa06f0111 (not in allowlist / oversize)
nvkvm: DENY ctrl cmd 0xa06f0111 (not in allowlist / oversize)
nvkvm: DENY ctrl cmd 0xa06f0111 (not in allowlist / oversize)
nvkvm: DENY ctrl cmd 0xa06f0111 (not in allowlist / oversize)
nvkvm: DENY ctrl cmd 0xa06f0111 (not in allowlist / oversize)
nvkvm: DENY ctrl cmd 0xa06f0111 (not in allowlist / oversize)
nvkvm: DENY ctrl cmd 0xa06f0111 (not in allowlist / oversize)
nvkvm: DENY ctrl cmd 0xa06f0111 (not in allowlist / oversize)
nvkvm: DENY ctrl cmd 0xa06f0111 (not in allowlist / oversize)
nvkvm: DENY ctrl cmd 0xa06f0111 (not in allowlist / oversize)
nvkvm: DENY ctrl cmd 0xa06f0111 (not in allowlist / oversize)
nvkvm: DENY ctrl cmd 0xa06f0111 (not in allowlist / oversize)
nvkvm: DENY ctrl cmd 0xa06f0111 (not in allowlist / oversize)
nvkvm: DENY ctrl cmd 0xa06f0111 (not in allowlist / oversize)
nvkvm: DENY ctrl cmd 0xa06f0111 (not in allowlist / oversize)
nvkvm: DENY ctrl cmd 0xa06f0111 (not in allowlist / oversize)
nvkvm: DENY ctrl cmd 0xa06f0111 (not in allowlist / oversize)
nvkvm: DENY ctrl cmd 0xa06f0111 (not in allowlist / oversize)
nvkvm: DENY ctrl cmd 0xa06f0111 (not in allowlist / oversize)
nvkvm: DENY ctrl cmd 0xa06f0111 (not in allowlist / oversize)
nvkvm: DENY ctrl cmd 0xa06f0111 (not in allowlist / oversize)
nvkvm: DENY ctrl cmd 0xa06f0111 (not in allowlist / oversize)
nvkvm: DENY ctrl cmd 0xa06f0111 (not in allowlist / oversize)
nvkvm: DENY ctrl cmd 0xa06f0111 (not in allowlist / oversize)
nvkvm: DENY ctrl cmd 0xa06f0111 (not in allowlist / oversize)
nvkvm: DENY ctrl cmd 0xa06f0111 (not in allowlist / oversize)
nvkvm: DENY ctrl cmd 0xa06f0111 (not in allowlist / oversize)
nvkvm: DENY ctrl cmd 0xa06f0111 (not in allowlist / oversize)
nvkvm: DENY ctrl cmd 0xa06f0111 (not in allowlist / oversize)
nvkvm: DENY ctrl cmd 0xa06f0111 (not in allowlist / oversize)
nvkvm disp stats: 59.9 frames/s dropped=0 failed=0 present_mean=0.59ms (total consumed=3413 dropped=0 failed=1)
nvkvm: DENY ctrl cmd 0xa06f0111 (not in allowlist / oversize)
nvkvm: DENY ctrl cmd 0xa06f0111 (not in allowlist / oversize)
nvkvm: DENY ctrl cmd 0xa06f0111 (not in allowlist / oversize)
nvkvm: DENY ctrl cmd 0xa06f0111 (not in allowlist / oversize)
nvkvm: DENY ctrl cmd 0xa06f0111 (not in allowlist / oversize)
nvkvm: DENY ctrl cmd 0xa06f0111 (not in allowlist / oversize)
nvkvm: DENY ctrl cmd 0xa06f0111 (not in allowlist / oversize)
nvkvm: DENY ctrl cmd 0xa06f0111 (not in allowlist / oversize)
nvkvm: DENY ctrl cmd 0xa06f0111 (not in allowlist / oversize)
nvkvm: DENY ctrl cmd 0xa06f0111 (not in allowlist / oversize)
nvkvm: DENY ctrl cmd 0xa06f0111 (not in allowlist / oversize)
nvkvm: DENY ctrl cmd 0xa06f0111 (not in allowlist / oversize)
nvkvm: DENY ctrl cmd 0xa06f0111 (not in allowlist / oversize)
nvkvm: DENY ctrl cmd 0xa06f0111 (not in allowlist / oversize)
nvkvm: DENY ctrl cmd 0xa06f0111 (not in allowlist / oversize)
nvkvm: DENY ctrl cmd 0xa06f0111 (not in allowlist / oversize)
nvkvm: DENY ctrl cmd 0xa06f0111 (not in allowlist / oversize)
nvkvm: DENY ctrl cmd 0xa06f0111 (not in allowlist / oversize)
nvkvm: DENY ctrl cmd 0xa06f0111 (not in allowlist / oversize)
nvkvm: DENY ctrl cmd 0xa06f0111 (not in allowlist / oversize)
nvkvm: DENY ctrl cmd 0xa06f0111 (not in allowlist / oversize)
nvkvm: DENY ctrl cmd 0xa06f0111 (not in allowlist / oversize)
nvkvm: DENY ctrl cmd 0xa06f0111 (not in allowlist / oversize)
nvkvm: DENY ctrl cmd 0xa06f0111 (not in allowlist / oversize)
nvkvm: DENY ctrl cmd 0xa06f0111 (not in allowlist / oversize)
nvkvm: DENY ctrl cmd 0xa06f0111 (not in allowlist / oversize)
nvkvm: DENY ctrl cmd 0xa06f0111 (not in allowlist / oversize)
nvkvm: DENY ctrl cmd 0xa06f0111 (not in allowlist / oversize)
nvkvm: DENY ctrl cmd 0xa06f0111 (not in allowlist / oversize)
nvkvm: DENY ctrl cmd 0xa06f0111 (not in allowlist / oversize)
nvkvm: DENY ctrl cmd 0xa06f0111 (not in allowlist / oversize)
nvkvm: DENY ctrl cmd 0xa06f0111 (not in allowlist / oversize)
nvkvm: DENY ctrl cmd 0xa06f0111 (not in allowlist / oversize)
nvkvm: DENY ctrl cmd 0xa06f0111 (not in allowlist / oversize)
nvkvm: DENY ctrl cmd 0xa06f0111 (not in allowlist / oversize)
nvkvm: DENY ctrl cmd 0xa06f0111 (not in allowlist / oversize)
nvkvm: DENY ctrl cmd 0xa06f0111 (not in allowlist / oversize)
nvkvm: DENY ctrl cmd 0xa06f0111 (not in allowlist / oversize)
nvkvm: DENY ctrl cmd 0xa06f0111 (not in allowlist / oversize)
nvkvm: DENY ctrl cmd 0xa06f0111 (not in allowlist / oversize)
nvkvm: DENY ctrl cmd 0xa06f0111 (not in allowlist / oversize)
nvkvm: DENY ctrl cmd 0xa06f0111 (not in allowlist / oversize)
nvkvm: DENY ctrl cmd 0xa06f0111 (not in allowlist / oversize)
nvkvm: DENY ctrl cmd 0xa06f0111 (not in allowlist / oversize)
nvkvm: DENY ctrl cmd 0xa06f0111 (not in allowlist / oversize)
nvkvm: DENY ctrl cmd 0xa06f0111 (not in allowlist / oversize)
nvkvm: DENY ctrl cmd 0xa06f0111 (not in allowlist / oversize)
nvkvm: DENY ctrl cmd 0xa06f0111 (not in allowlist / oversize)
nvkvm: DENY ctrl cmd 0xa06f0111 (not in allowlist / oversize)
nvkvm: DENY ctrl cmd 0xa06f0111 (not in allowlist / oversize)
nvkvm: DENY ctrl cmd 0xa06f0111 (not in allowlist / oversize)
nvkvm: DENY ctrl cmd 0xa06f0111 (not in allowlist / oversize)
nvkvm: DENY ctrl cmd 0xa06f0111 (not in allowlist / oversize)
nvkvm: DENY ctrl cmd 0xa06f0111 (not in allowlist / oversize)
nvkvm: DENY ctrl cmd 0xa06f0111 (not in allowlist / oversize)
nvkvm: DENY ctrl cmd 0xa06f0111 (not in allowlist / oversize)
nvkvm: DENY ctrl cmd 0xa06f0111 (not in allowlist / oversize)
nvkvm: DENY ctrl cmd 0xa06f0111 (not in allowlist / oversize)
nvkvm: DENY ctrl cmd 0xa06f0111 (not in allowlist / oversize)
nvkvm: DENY ctrl cmd 0xa06f0111 (not in allowlist / oversize)
nvkvm disp stats: 60.0 frames/s dropped=0 failed=0 present_mean=0.68ms (total consumed=3473 dropped=0 failed=1)
nvkvm: DENY ctrl cmd 0xa06f0111 (not in allowlist / oversize)
nvkvm: DENY ctrl cmd 0xa06f0111 (not in allowlist / oversize)
nvkvm: DENY ctrl cmd 0xa06f0111 (not in allowlist / oversize)
nvkvm: DENY ctrl cmd 0xa06f0111 (not in allowlist / oversize)
nvkvm: DENY ctrl cmd 0xa06f0111 (not in allowlist / oversize)
nvkvm: DENY ctrl cmd 0xa06f0111 (not in allowlist / oversize)
nvkvm: DENY ctrl cmd 0xa06f0111 (not in allowlist / oversize)
nvkvm: DENY ctrl cmd 0xa06f0111 (not in allowlist / oversize)
nvkvm: DENY ctrl cmd 0xa06f0111 (not in allowlist / oversize)
nvkvm: DENY ctrl cmd 0xa06f0111 (not in allowlist / oversize)
nvkvm: DENY ctrl cmd 0xa06f0111 (not in allowlist / oversize)
nvkvm: DENY ctrl cmd 0xa06f0111 (not in allowlist / oversize)
nvkvm: DENY ctrl cmd 0xa06f0111 (not in allowlist / oversize)
nvkvm: DENY ctrl cmd 0xa06f0111 (not in allowlist / oversize)
nvkvm: DENY ctrl cmd 0xa06f0111 (not in allowlist / oversize)
nvkvm: DENY ctrl cmd 0xa06f0111 (not in allowlist / oversize)
nvkvm: DENY ctrl cmd 0xa06f0111 (not in allowlist / oversize)
nvkvm: DENY ctrl cmd 0xa06f0111 (not in allowlist / oversize)
nvkvm: DENY ctrl cmd 0xa06f0111 (not in allowlist / oversize)
nvkvm: DENY ctrl cmd 0xa06f0111 (not in allowlist / oversize)
nvkvm: DENY ctrl cmd 0xa06f0111 (not in allowlist / oversize)
nvkvm: DENY ctrl cmd 0xa06f0111 (not in allowlist / oversize)
nvkvm: DENY ctrl cmd 0xa06f0111 (not in allowlist / oversize)
nvkvm: DENY ctrl cmd 0xa06f0111 (not in allowlist / oversize)
nvkvm: DENY ctrl cmd 0xa06f0111 (not in allowlist / oversize)
nvkvm: DENY ctrl cmd 0xa06f0111 (not in allowlist / oversize)
nvkvm: DENY ctrl cmd 0xa06f0111 (not in allowlist / oversize)
nvkvm: DENY ctrl cmd 0xa06f0111 (not in allowlist / oversize)
nvkvm: DENY ctrl cmd 0xa06f0111 (not in allowlist / oversize)
nvkvm: DENY ctrl cmd 0xa06f0111 (not in allowlist / oversize)
nvkvm: DENY ctrl cmd 0xa06f0111 (not in allowlist / oversize)
nvkvm: DENY ctrl cmd 0xa06f0111 (not in allowlist / oversize)
nvkvm: DENY ctrl cmd 0xa06f0111 (not in allowlist / oversize)
nvkvm: DENY ctrl cmd 0xa06f0111 (not in allowlist / oversize)
nvkvm: DENY ctrl cmd 0xa06f0111 (not in allowlist / oversize)
nvkvm: DENY ctrl cmd 0xa06f0111 (not in allowlist / oversize)
nvkvm: DENY ctrl cmd 0xa06f0111 (not in allowlist / oversize)
nvkvm: DENY ctrl cmd 0xa06f0111 (not in allowlist / oversize)
nvkvm: DENY ctrl cmd 0xa06f0111 (not in allowlist / oversize)
nvkvm: DENY ctrl cmd 0xa06f0111 (not in allowlist / oversize)
nvkvm: DENY ctrl cmd 0xa06f0111 (not in allowlist / oversize)
nvkvm: DENY ctrl cmd 0xa06f0111 (not in allowlist / oversize)
nvkvm: DENY ctrl cmd 0xa06f0111 (not in allowlist / oversize)
nvkvm: DENY ctrl cmd 0xa06f0111 (not in allowlist / oversize)
nvkvm: DENY ctrl cmd 0xa06f0111 (not in allowlist / oversize)
nvkvm: DENY ctrl cmd 0xa06f0111 (not in allowlist / oversize)
nvkvm: DENY ctrl cmd 0xa06f0111 (not in allowlist / oversize)
nvkvm: DENY ctrl cmd 0xa06f0111 (not in allowlist / oversize)
nvkvm: DENY ctrl cmd 0xa06f0111 (not in allowlist / oversize)
nvkvm: DENY ctrl cmd 0xa06f0111 (not in allowlist / oversize)
nvkvm: DENY ctrl cmd 0xa06f0111 (not in allowlist / oversize)
nvkvm: DENY ctrl cmd 0xa06f0111 (not in allowlist / oversize)
nvkvm: DENY ctrl cmd 0xa06f0111 (not in allowlist / oversize)
nvkvm: DENY ctrl cmd 0xa06f0111 (not in allowlist / oversize)
nvkvm: DENY ctrl cmd 0xa06f0111 (not in allowlist / oversize)
nvkvm: DENY ctrl cmd 0xa06f0111 (not in allowlist / oversize)
nvkvm: DENY ctrl cmd 0xa06f0111 (not in allowlist / oversize)
nvkvm: DENY ctrl cmd 0xa06f0111 (not in allowlist / oversize)
nvkvm: DENY ctrl cmd 0xa06f0111 (not in allowlist / oversize)
nvkvm disp stats: 59.0 frames/s dropped=0 failed=0 present_mean=0.44ms (total consumed=3532 dropped=0 failed=1)
nvkvm: DENY ctrl cmd 0xa06f0111 (not in allowlist / oversize)
nvkvm: DENY ctrl cmd 0xa06f0111 (not in allowlist / oversize)
nvkvm: DENY ctrl cmd 0xa06f0111 (not in allowlist / oversize)
nvkvm: DENY ctrl cmd 0xa06f0111 (not in allowlist / oversize)
nvkvm: DENY ctrl cmd 0xa06f0111 (not in allowlist / oversize)
nvkvm: DENY ctrl cmd 0xa06f0111 (not in allowlist / oversize)
nvkvm: DENY ctrl cmd 0xa06f0111 (not in allowlist / oversize)
nvkvm: DENY ctrl cmd 0xa06f0111 (not in allowlist / oversize)
nvkvm: DENY ctrl cmd 0xa06f0111 (not in allowlist / oversize)
nvkvm: DENY ctrl cmd 0xa06f0111 (not in allowlist / oversize)
nvkvm: DENY ctrl cmd 0xa06f0111 (not in allowlist / oversize)
nvkvm: DENY ctrl cmd 0xa06f0111 (not in allowlist / oversize)
nvkvm: DENY ctrl cmd 0xa06f0111 (not in allowlist / oversize)
nvkvm: DENY ctrl cmd 0xa06f0111 (not in allowlist / oversize)
nvkvm: DENY ctrl cmd 0xa06f0111 (not in allowlist / oversize)
nvkvm: DENY ctrl cmd 0xa06f0111 (not in allowlist / oversize)
nvkvm: DENY ctrl cmd 0xa06f0111 (not in allowlist / oversize)
nvkvm: DENY ctrl cmd 0xa06f0111 (not in allowlist / oversize)
nvkvm: DENY ctrl cmd 0xa06f0111 (not in allowlist / oversize)
nvkvm: DENY ctrl cmd 0xa06f0111 (not in allowlist / oversize)
nvkvm: DENY ctrl cmd 0xa06f0111 (not in allowlist / oversize)
nvkvm: DENY ctrl cmd 0xa06f0111 (not in allowlist / oversize)
nvkvm: DENY ctrl cmd 0xa06f0111 (not in allowlist / oversize)
nvkvm: DENY ctrl cmd 0xa06f0111 (not in allowlist / oversize)
nvkvm: DENY ctrl cmd 0xa06f0111 (not in allowlist / oversize)
nvkvm: DENY ctrl cmd 0xa06f0111 (not in allowlist / oversize)
nvkvm: DENY ctrl cmd 0xa06f0111 (not in allowlist / oversize)
nvkvm: DENY ctrl cmd 0xa06f0111 (not in allowlist / oversize)
nvkvm: DENY ctrl cmd 0xa06f0111 (not in allowlist / oversize)
nvkvm: DENY ctrl cmd 0xa06f0111 (not in allowlist / oversize)
nvkvm: DENY ctrl cmd 0xa06f0111 (not in allowlist / oversize)
nvkvm: DENY ctrl cmd 0xa06f0111 (not in allowlist / oversize)
nvkvm: DENY ctrl cmd 0xa06f0111 (not in allowlist / oversize)
nvkvm: DENY ctrl cmd 0xa06f0111 (not in allowlist / oversize)
nvkvm: DENY ctrl cmd 0xa06f0111 (not in allowlist / oversize)
nvkvm: DENY ctrl cmd 0xa06f0111 (not in allowlist / oversize)
nvkvm: DENY ctrl cmd 0xa06f0111 (not in allowlist / oversize)
nvkvm: DENY ctrl cmd 0xa06f0111 (not in allowlist / oversize)
nvkvm: DENY ctrl cmd 0xa06f0111 (not in allowlist / oversize)
nvkvm: DENY ctrl cmd 0xa06f0111 (not in allowlist / oversize)
nvkvm: DENY ctrl cmd 0xa06f0111 (not in allowlist / oversize)
nvkvm: DENY ctrl cmd 0xa06f0111 (not in allowlist / oversize)
nvkvm: DENY ctrl cmd 0xa06f0111 (not in allowlist / oversize)
nvkvm: DENY ctrl cmd 0xa06f0111 (not in allowlist / oversize)
nvkvm: DENY ctrl cmd 0xa06f0111 (not in allowlist / oversize)
nvkvm: DENY ctrl cmd 0xa06f0111 (not in allowlist / oversize)
nvkvm: DENY ctrl cmd 0xa06f0111 (not in allowlist / oversize)
nvkvm: DENY ctrl cmd 0xa06f0111 (not in allowlist / oversize)
nvkvm: DENY ctrl cmd 0xa06f0111 (not in allowlist / oversize)
nvkvm: DENY ctrl cmd 0xa06f0111 (not in allowlist / oversize)
nvkvm: DENY ctrl cmd 0xa06f0111 (not in allowlist / oversize)
nvkvm: DENY ctrl cmd 0xa06f0111 (not in allowlist / oversize)
nvkvm: DENY ctrl cmd 0xa06f0111 (not in allowlist / oversize)
nvkvm: DENY ctrl cmd 0xa06f0111 (not in allowlist / oversize)
nvkvm: DENY ctrl cmd 0xa06f0111 (not in allowlist / oversize)
nvkvm: DENY ctrl cmd 0xa06f0111 (not in allowlist / oversize)
nvkvm: DENY ctrl cmd 0xa06f0111 (not in allowlist / oversize)
nvkvm: DENY ctrl cmd 0xa06f0111 (not in allowlist / oversize)
nvkvm: DENY ctrl cmd 0xa06f0111 (not in allowlist / oversize)
nvkvm: DENY ctrl cmd 0xa06f0111 (not in allowlist / oversize)
nvkvm: DENY ctrl cmd 0xa06f0111 (not in allowlist / oversize)
nvkvm disp stats: 60.0 frames/s dropped=0 failed=0 present_mean=0.65ms (total consumed=3593 dropped=0 failed=1)
nvkvm: DENY ctrl cmd 0xa06f0111 (not in allowlist / oversize)
nvkvm: DENY ctrl cmd 0xa06f0111 (not in allowlist / oversize)
nvkvm: DENY ctrl cmd 0xa06f0111 (not in allowlist / oversize)
nvkvm: DENY ctrl cmd 0xa06f0111 (not in allowlist / oversize)
nvkvm: DENY ctrl cmd 0xa06f0111 (not in allowlist / oversize)
nvkvm: DENY ctrl cmd 0xa06f0111 (not in allowlist / oversize)
nvkvm: DENY ctrl cmd 0xa06f0111 (not in allowlist / oversize)
nvkvm: DENY ctrl cmd 0xa06f0111 (not in allowlist / oversize)
nvkvm: DENY ctrl cmd 0xa06f0111 (not in allowlist / oversize)
nvkvm: DENY ctrl cmd 0xa06f0111 (not in allowlist / oversize)
nvkvm: DENY ctrl cmd 0xa06f0111 (not in allowlist / oversize)
nvkvm: DENY ctrl cmd 0xa06f0111 (not in allowlist / oversize)
nvkvm: DENY ctrl cmd 0xa06f0111 (not in allowlist / oversize)
nvkvm: DENY ctrl cmd 0xa06f0111 (not in allowlist / oversize)
nvkvm: DENY ctrl cmd 0xa06f0111 (not in allowlist / oversize)
nvkvm: DENY ctrl cmd 0xa06f0111 (not in allowlist / oversize)
nvkvm: DENY ctrl cmd 0xa06f0111 (not in allowlist / oversize)
nvkvm: DENY ctrl cmd 0xa06f0111 (not in allowlist / oversize)
nvkvm: DENY ctrl cmd 0xa06f0111 (not in allowlist / oversize)
nvkvm: DENY ctrl cmd 0xa06f0111 (not in allowlist / oversize)
nvkvm: DENY ctrl cmd 0xa06f0111 (not in allowlist / oversize)
nvkvm: DENY ctrl cmd 0xa06f0111 (not in allowlist / oversize)
nvkvm: DENY ctrl cmd 0xa06f0111 (not in allowlist / oversize)
nvkvm: DENY ctrl cmd 0xa06f0111 (not in allowlist / oversize)
nvkvm: DENY ctrl cmd 0xa06f0111 (not in allowlist / oversize)
nvkvm: DENY ctrl cmd 0xa06f0111 (not in allowlist / oversize)
nvkvm: DENY ctrl cmd 0xa06f0111 (not in allowlist / oversize)
nvkvm: DENY ctrl cmd 0xa06f0111 (not in allowlist / oversize)
nvkvm: DENY ctrl cmd 0xa06f0111 (not in allowlist / oversize)
nvkvm: DENY ctrl cmd 0xa06f0111 (not in allowlist / oversize)
nvkvm: DENY ctrl cmd 0xa06f0111 (not in allowlist / oversize)
nvkvm: DENY ctrl cmd 0xa06f0111 (not in allowlist / oversize)
nvkvm: DENY ctrl cmd 0xa06f0111 (not in allowlist / oversize)
nvkvm: DENY ctrl cmd 0xa06f0111 (not in allowlist / oversize)
nvkvm: DENY ctrl cmd 0xa06f0111 (not in allowlist / oversize)
nvkvm: DENY ctrl cmd 0xa06f0111 (not in allowlist / oversize)
nvkvm: DENY ctrl cmd 0xa06f0111 (not in allowlist / oversize)
nvkvm: DENY ctrl cmd 0xa06f0111 (not in allowlist / oversize)
nvkvm: DENY ctrl cmd 0xa06f0111 (not in allowlist / oversize)
nvkvm: DENY ctrl cmd 0xa06f0111 (not in allowlist / oversize)
nvkvm: DENY ctrl cmd 0xa06f0111 (not in allowlist / oversize)
nvkvm: DENY ctrl cmd 0xa06f0111 (not in allowlist / oversize)
nvkvm: DENY ctrl cmd 0xa06f0111 (not in allowlist / oversize)
nvkvm: DENY ctrl cmd 0xa06f0111 (not in allowlist / oversize)
nvkvm: DENY ctrl cmd 0xa06f0111 (not in allowlist / oversize)
nvkvm: DENY ctrl cmd 0xa06f0111 (not in allowlist / oversize)
nvkvm: DENY ctrl cmd 0xa06f0111 (not in allowlist / oversize)
nvkvm: DENY ctrl cmd 0xa06f0111 (not in allowlist / oversize)
nvkvm: DENY ctrl cmd 0xa06f0111 (not in allowlist / oversize)
nvkvm: DENY ctrl cmd 0xa06f0111 (not in allowlist / oversize)
nvkvm: DENY ctrl cmd 0xa06f0111 (not in allowlist / oversize)
nvkvm: DENY ctrl cmd 0xa06f0111 (not in allowlist / oversize)
nvkvm: DENY ctrl cmd 0xa06f0111 (not in allowlist / oversize)
nvkvm: DENY ctrl cmd 0xa06f0111 (not in allowlist / oversize)
nvkvm: DENY ctrl cmd 0xa06f0111 (not in allowlist / oversize)
nvkvm: DENY ctrl cmd 0xa06f0111 (not in allowlist / oversize)
nvkvm: DENY ctrl cmd 0xa06f0111 (not in allowlist / oversize)
nvkvm: DENY ctrl cmd 0xa06f0111 (not in allowlist / oversize)
nvkvm: DENY ctrl cmd 0xa06f0111 (not in allowlist / oversize)
nvkvm disp stats: 58.9 frames/s dropped=0 failed=0 present_mean=0.64ms (total consumed=3652 dropped=0 failed=1)
nvkvm: DENY ctrl cmd 0xa06f0111 (not in allowlist / oversize)
nvkvm: DENY ctrl cmd 0xa06f0111 (not in allowlist / oversize)
nvkvm: DENY ctrl cmd 0xa06f0111 (not in allowlist / oversize)
nvkvm: DENY ctrl cmd 0xa06f0111 (not in allowlist / oversize)
nvkvm: DENY ctrl cmd 0xa06f0111 (not in allowlist / oversize)
nvkvm: DENY ctrl cmd 0xa06f0111 (not in allowlist / oversize)
nvkvm: DENY ctrl cmd 0xa06f0111 (not in allowlist / oversize)
nvkvm: DENY ctrl cmd 0xa06f0111 (not in allowlist / oversize)
nvkvm: DENY ctrl cmd 0xa06f0111 (not in allowlist / oversize)
nvkvm: DENY ctrl cmd 0xa06f0111 (not in allowlist / oversize)
nvkvm: DENY ctrl cmd 0xa06f0111 (not in allowlist / oversize)
nvkvm: DENY ctrl cmd 0xa06f0111 (not in allowlist / oversize)
nvkvm: DENY ctrl cmd 0xa06f0111 (not in allowlist / oversize)
nvkvm: DENY ctrl cmd 0xa06f0111 (not in allowlist / oversize)
nvkvm: DENY ctrl cmd 0xa06f0111 (not in allowlist / oversize)
nvkvm: DENY ctrl cmd 0xa06f0111 (not in allowlist / oversize)
nvkvm: DENY ctrl cmd 0xa06f0111 (not in allowlist / oversize)
nvkvm: DENY ctrl cmd 0xa06f0111 (not in allowlist / oversize)
nvkvm: DENY ctrl cmd 0xa06f0111 (not in allowlist / oversize)
nvkvm: DENY ctrl cmd 0xa06f0111 (not in allowlist / oversize)
nvkvm: DENY ctrl cmd 0xa06f0111 (not in allowlist / oversize)
nvkvm: DENY ctrl cmd 0xa06f0111 (not in allowlist / oversize)
nvkvm: DENY ctrl cmd 0xa06f0111 (not in allowlist / oversize)
nvkvm: DENY ctrl cmd 0xa06f0111 (not in allowlist / oversize)
nvkvm: DENY ctrl cmd 0xa06f0111 (not in allowlist / oversize)
nvkvm: DENY ctrl cmd 0xa06f0111 (not in allowlist / oversize)
nvkvm: DENY ctrl cmd 0xa06f0111 (not in allowlist / oversize)
nvkvm: DENY ctrl cmd 0xa06f0111 (not in allowlist / oversize)
nvkvm: DENY ctrl cmd 0xa06f0111 (not in allowlist / oversize)
nvkvm: DENY ctrl cmd 0xa06f0111 (not in allowlist / oversize)
nvkvm: DENY ctrl cmd 0xa06f0111 (not in allowlist / oversize)
nvkvm: DENY ctrl cmd 0xa06f0111 (not in allowlist / oversize)
nvkvm: DENY ctrl cmd 0xa06f0111 (not in allowlist / oversize)
nvkvm: DENY ctrl cmd 0xa06f0111 (not in allowlist / oversize)
nvkvm: DENY ctrl cmd 0xa06f0111 (not in allowlist / oversize)
nvkvm: DENY ctrl cmd 0xa06f0111 (not in allowlist / oversize)
nvkvm: DENY ctrl cmd 0xa06f0111 (not in allowlist / oversize)
nvkvm: DENY ctrl cmd 0xa06f0111 (not in allowlist / oversize)
nvkvm: DENY ctrl cmd 0xa06f0111 (not in allowlist / oversize)
nvkvm: DENY ctrl cmd 0xa06f0111 (not in allowlist / oversize)
nvkvm: DENY ctrl cmd 0xa06f0111 (not in allowlist / oversize)
nvkvm: DENY ctrl cmd 0xa06f0111 (not in allowlist / oversize)
nvkvm: DENY ctrl cmd 0xa06f0111 (not in allowlist / oversize)
nvkvm: DENY ctrl cmd 0xa06f0111 (not in allowlist / oversize)
nvkvm: DENY ctrl cmd 0xa06f0111 (not in allowlist / oversize)
nvkvm: DENY ctrl cmd 0xa06f0111 (not in allowlist / oversize)
nvkvm: DENY ctrl cmd 0xa06f0111 (not in allowlist / oversize)
nvkvm: DENY ctrl cmd 0xa06f0111 (not in allowlist / oversize)
nvkvm: DENY ctrl cmd 0xa06f0111 (not in allowlist / oversize)
nvkvm: DENY ctrl cmd 0xa06f0111 (not in allowlist / oversize)
nvkvm: DENY ctrl cmd 0xa06f0111 (not in allowlist / oversize)
nvkvm: DENY ctrl cmd 0xa06f0111 (not in allowlist / oversize)
nvkvm: DENY ctrl cmd 0xa06f0111 (not in allowlist / oversize)
nvkvm: DENY ctrl cmd 0xa06f0111 (not in allowlist / oversize)
nvkvm: DENY ctrl cmd 0xa06f0111 (not in allowlist / oversize)
nvkvm: DENY ctrl cmd 0xa06f0111 (not in allowlist / oversize)
nvkvm: DENY ctrl cmd 0xa06f0111 (not in allowlist / oversize)
nvkvm: DENY ctrl cmd 0xa06f0111 (not in allowlist / oversize)
nvkvm: DENY ctrl cmd 0xa06f0111 (not in allowlist / oversize)
nvkvm: DENY ctrl cmd 0xa06f0111 (not in allowlist / oversize)
nvkvm disp stats: 59.2 frames/s dropped=0 failed=0 present_mean=0.56ms (total consumed=3712 dropped=0 failed=1)
nvkvm: DENY ctrl cmd 0xa06f0111 (not in allowlist / oversize)
nvkvm: DENY ctrl cmd 0xa06f0111 (not in allowlist / oversize)
nvkvm: DENY ctrl cmd 0xa06f0111 (not in allowlist / oversize)
nvkvm: DENY ctrl cmd 0xa06f0111 (not in allowlist / oversize)
nvkvm: DENY ctrl cmd 0xa06f0111 (not in allowlist / oversize)
nvkvm: DENY ctrl cmd 0xa06f0111 (not in allowlist / oversize)
nvkvm: DENY ctrl cmd 0xa06f0111 (not in allowlist / oversize)
nvkvm: DENY ctrl cmd 0xa06f0111 (not in allowlist / oversize)
nvkvm: DENY ctrl cmd 0xa06f0111 (not in allowlist / oversize)
nvkvm: DENY ctrl cmd 0xa06f0111 (not in allowlist / oversize)
nvkvm: DENY ctrl cmd 0xa06f0111 (not in allowlist / oversize)
nvkvm: DENY ctrl cmd 0xa06f0111 (not in allowlist / oversize)
nvkvm: DENY ctrl cmd 0xa06f0111 (not in allowlist / oversize)
nvkvm: DENY ctrl cmd 0xa06f0111 (not in allowlist / oversize)
nvkvm: DENY ctrl cmd 0xa06f0111 (not in allowlist / oversize)
nvkvm: DENY ctrl cmd 0xa06f0111 (not in allowlist / oversize)
nvkvm: DENY ctrl cmd 0xa06f0111 (not in allowlist / oversize)
nvkvm: DENY ctrl cmd 0xa06f0111 (not in allowlist / oversize)
nvkvm: DENY ctrl cmd 0xa06f0111 (not in allowlist / oversize)
nvkvm: DENY ctrl cmd 0xa06f0111 (not in allowlist / oversize)
nvkvm: DENY ctrl cmd 0xa06f0111 (not in allowlist / oversize)
nvkvm: DENY ctrl cmd 0xa06f0111 (not in allowlist / oversize)
nvkvm: DENY ctrl cmd 0xa06f0111 (not in allowlist / oversize)
nvkvm: DENY ctrl cmd 0xa06f0111 (not in allowlist / oversize)
nvkvm: DENY ctrl cmd 0xa06f0111 (not in allowlist / oversize)
nvkvm: DENY ctrl cmd 0xa06f0111 (not in allowlist / oversize)
nvkvm: DENY ctrl cmd 0xa06f0111 (not in allowlist / oversize)
nvkvm: DENY ctrl cmd 0xa06f0111 (not in allowlist / oversize)
nvkvm: DENY ctrl cmd 0xa06f0111 (not in allowlist / oversize)
nvkvm: DENY ctrl cmd 0xa06f0111 (not in allowlist / oversize)
nvkvm: DENY ctrl cmd 0xa06f0111 (not in allowlist / oversize)
nvkvm: DENY ctrl cmd 0xa06f0111 (not in allowlist / oversize)
nvkvm: DENY ctrl cmd 0xa06f0111 (not in allowlist / oversize)
nvkvm: DENY ctrl cmd 0xa06f0111 (not in allowlist / oversize)
nvkvm: DENY ctrl cmd 0xa06f0111 (not in allowlist / oversize)
nvkvm: DENY ctrl cmd 0xa06f0111 (not in allowlist / oversize)
nvkvm: DENY ctrl cmd 0xa06f0111 (not in allowlist / oversize)
nvkvm: DENY ctrl cmd 0xa06f0111 (not in allowlist / oversize)
nvkvm: DENY ctrl cmd 0xa06f0111 (not in allowlist / oversize)
nvkvm: DENY ctrl cmd 0xa06f0111 (not in allowlist / oversize)
nvkvm: DENY ctrl cmd 0xa06f0111 (not in allowlist / oversize)
nvkvm: DENY ctrl cmd 0xa06f0111 (not in allowlist / oversize)
nvkvm: DENY ctrl cmd 0xa06f0111 (not in allowlist / oversize)
nvkvm: DENY ctrl cmd 0xa06f0111 (not in allowlist / oversize)
nvkvm: DENY ctrl cmd 0xa06f0111 (not in allowlist / oversize)
nvkvm: DENY ctrl cmd 0xa06f0111 (not in allowlist / oversize)
nvkvm: DENY ctrl cmd 0xa06f0111 (not in allowlist / oversize)
nvkvm: DENY ctrl cmd 0xa06f0111 (not in allowlist / oversize)
nvkvm: DENY ctrl cmd 0xa06f0111 (not in allowlist / oversize)
nvkvm: DENY ctrl cmd 0xa06f0111 (not in allowlist / oversize)
nvkvm: DENY ctrl cmd 0xa06f0111 (not in allowlist / oversize)
nvkvm: DENY ctrl cmd 0xa06f0111 (not in allowlist / oversize)
nvkvm: DENY ctrl cmd 0xa06f0111 (not in allowlist / oversize)
nvkvm: DENY ctrl cmd 0xa06f0111 (not in allowlist / oversize)
nvkvm: DENY ctrl cmd 0xa06f0111 (not in allowlist / oversize)
nvkvm: DENY ctrl cmd 0xa06f0111 (not in allowlist / oversize)
nvkvm: DENY ctrl cmd 0xa06f0111 (not in allowlist / oversize)
nvkvm: DENY ctrl cmd 0xa06f0111 (not in allowlist / oversize)
nvkvm: DENY ctrl cmd 0xa06f0111 (not in allowlist / oversize)
nvkvm: DENY ctrl cmd 0xa06f0111 (not in allowlist / oversize)
nvkvm disp stats: 59.0 frames/s dropped=0 failed=0 present_mean=0.51ms (total consumed=3772 dropped=0 failed=1)
nvkvm: DENY ctrl cmd 0xa06f0111 (not in allowlist / oversize)
nvkvm: DENY ctrl cmd 0xa06f0111 (not in allowlist / oversize)
nvkvm: DENY ctrl cmd 0xa06f0111 (not in allowlist / oversize)
nvkvm: DENY ctrl cmd 0xa06f0111 (not in allowlist / oversize)
nvkvm: DENY ctrl cmd 0xa06f0111 (not in allowlist / oversize)
nvkvm: DENY ctrl cmd 0xa06f0111 (not in allowlist / oversize)
nvkvm: DENY ctrl cmd 0xa06f0111 (not in allowlist / oversize)
nvkvm: DENY ctrl cmd 0xa06f0111 (not in allowlist / oversize)
nvkvm: DENY ctrl cmd 0xa06f0111 (not in allowlist / oversize)
nvkvm: DENY ctrl cmd 0xa06f0111 (not in allowlist / oversize)
nvkvm: DENY ctrl cmd 0xa06f0111 (not in allowlist / oversize)
nvkvm: DENY ctrl cmd 0xa06f0111 (not in allowlist / oversize)
nvkvm: DENY ctrl cmd 0xa06f0111 (not in allowlist / oversize)
nvkvm: DENY ctrl cmd 0xa06f0111 (not in allowlist / oversize)
nvkvm: DENY ctrl cmd 0xa06f0111 (not in allowlist / oversize)
nvkvm: DENY ctrl cmd 0xa06f0111 (not in allowlist / oversize)
nvkvm: DENY ctrl cmd 0xa06f0111 (not in allowlist / oversize)
nvkvm: DENY ctrl cmd 0xa06f0111 (not in allowlist / oversize)
nvkvm: DENY ctrl cmd 0xa06f0111 (not in allowlist / oversize)
nvkvm: DENY ctrl cmd 0xa06f0111 (not in allowlist / oversize)
nvkvm: DENY ctrl cmd 0xa06f0111 (not in allowlist / oversize)
nvkvm: DENY ctrl cmd 0xa06f0111 (not in allowlist / oversize)
nvkvm: DENY ctrl cmd 0xa06f0111 (not in allowlist / oversize)
nvkvm: DENY ctrl cmd 0xa06f0111 (not in allowlist / oversize)
nvkvm: DENY ctrl cmd 0xa06f0111 (not in allowlist / oversize)
nvkvm: DENY ctrl cmd 0xa06f0111 (not in allowlist / oversize)
nvkvm: DENY ctrl cmd 0xa06f0111 (not in allowlist / oversize)
nvkvm: DENY ctrl cmd 0xa06f0111 (not in allowlist / oversize)
nvkvm: DENY ctrl cmd 0xa06f0111 (not in allowlist / oversize)
nvkvm: DENY ctrl cmd 0xa06f0111 (not in allowlist / oversize)
nvkvm: DENY ctrl cmd 0xa06f0111 (not in allowlist / oversize)
nvkvm: DENY ctrl cmd 0xa06f0111 (not in allowlist / oversize)
nvkvm: DENY ctrl cmd 0xa06f0111 (not in allowlist / oversize)
nvkvm: DENY ctrl cmd 0xa06f0111 (not in allowlist / oversize)
nvkvm: DENY ctrl cmd 0xa06f0111 (not in allowlist / oversize)
nvkvm: DENY ctrl cmd 0xa06f0111 (not in allowlist / oversize)
nvkvm: DENY ctrl cmd 0xa06f0111 (not in allowlist / oversize)
nvkvm: DENY ctrl cmd 0xa06f0111 (not in allowlist / oversize)
nvkvm: DENY ctrl cmd 0xa06f0111 (not in allowlist / oversize)
nvkvm: DENY ctrl cmd 0xa06f0111 (not in allowlist / oversize)
nvkvm: DENY ctrl cmd 0xa06f0111 (not in allowlist / oversize)
nvkvm: DENY ctrl cmd 0xa06f0111 (not in allowlist / oversize)
nvkvm: DENY ctrl cmd 0xa06f0111 (not in allowlist / oversize)
nvkvm: DENY ctrl cmd 0xa06f0111 (not in allowlist / oversize)
nvkvm: DENY ctrl cmd 0xa06f0111 (not in allowlist / oversize)
nvkvm: DENY ctrl cmd 0xa06f0111 (not in allowlist / oversize)
nvkvm: DENY ctrl cmd 0xa06f0111 (not in allowlist / oversize)
nvkvm: DENY ctrl cmd 0xa06f0111 (not in allowlist / oversize)
nvkvm: DENY ctrl cmd 0xa06f0111 (not in allowlist / oversize)
nvkvm: DENY ctrl cmd 0xa06f0111 (not in allowlist / oversize)
nvkvm: DENY ctrl cmd 0xa06f0111 (not in allowlist / oversize)
nvkvm: DENY ctrl cmd 0xa06f0111 (not in allowlist / oversize)
nvkvm: DENY ctrl cmd 0xa06f0111 (not in allowlist / oversize)
nvkvm: DENY ctrl cmd 0xa06f0111 (not in allowlist / oversize)
nvkvm: DENY ctrl cmd 0xa06f0111 (not in allowlist / oversize)
nvkvm: DENY ctrl cmd 0xa06f0111 (not in allowlist / oversize)
nvkvm: DENY ctrl cmd 0xa06f0111 (not in allowlist / oversize)
nvkvm: DENY ctrl cmd 0xa06f0111 (not in allowlist / oversize)
nvkvm: DENY ctrl cmd 0xa06f0111 (not in allowlist / oversize)
nvkvm: DENY ctrl cmd 0xa06f0111 (not in allowlist / oversize)
nvkvm disp stats: 59.0 frames/s dropped=0 failed=0 present_mean=0.54ms (total consumed=3832 dropped=0 failed=1)
nvkvm: DENY ctrl cmd 0xa06f0111 (not in allowlist / oversize)
nvkvm: DENY ctrl cmd 0xa06f0111 (not in allowlist / oversize)
nvkvm: DENY ctrl cmd 0xa06f0111 (not in allowlist / oversize)
nvkvm: DENY ctrl cmd 0xa06f0111 (not in allowlist / oversize)
nvkvm: DENY ctrl cmd 0xa06f0111 (not in allowlist / oversize)
nvkvm: DENY ctrl cmd 0xa06f0111 (not in allowlist / oversize)
nvkvm: DENY ctrl cmd 0xa06f0111 (not in allowlist / oversize)
nvkvm: DENY ctrl cmd 0xa06f0111 (not in allowlist / oversize)
nvkvm: DENY ctrl cmd 0xa06f0111 (not in allowlist / oversize)
nvkvm: DENY ctrl cmd 0xa06f0111 (not in allowlist / oversize)
nvkvm: DENY ctrl cmd 0xa06f0111 (not in allowlist / oversize)
nvkvm: DENY ctrl cmd 0xa06f0111 (not in allowlist / oversize)
nvkvm: DENY ctrl cmd 0xa06f0111 (not in allowlist / oversize)
nvkvm: DENY ctrl cmd 0xa06f0111 (not in allowlist / oversize)
nvkvm: DENY ctrl cmd 0xa06f0111 (not in allowlist / oversize)
nvkvm: DENY ctrl cmd 0xa06f0111 (not in allowlist / oversize)
nvkvm: DENY ctrl cmd 0xa06f0111 (not in allowlist / oversize)
nvkvm: DENY ctrl cmd 0xa06f0111 (not in allowlist / oversize)
nvkvm: DENY ctrl cmd 0xa06f0111 (not in allowlist / oversize)
nvkvm: DENY ctrl cmd 0xa06f0111 (not in allowlist / oversize)
nvkvm: DENY ctrl cmd 0xa06f0111 (not in allowlist / oversize)
nvkvm: DENY ctrl cmd 0xa06f0111 (not in allowlist / oversize)
nvkvm: DENY ctrl cmd 0xa06f0111 (not in allowlist / oversize)
nvkvm: DENY ctrl cmd 0xa06f0111 (not in allowlist / oversize)
nvkvm: DENY ctrl cmd 0xa06f0111 (not in allowlist / oversize)
nvkvm: DENY ctrl cmd 0xa06f0111 (not in allowlist / oversize)
nvkvm: DENY ctrl cmd 0xa06f0111 (not in allowlist / oversize)
nvkvm: DENY ctrl cmd 0xa06f0111 (not in allowlist / oversize)
nvkvm: DENY ctrl cmd 0xa06f0111 (not in allowlist / oversize)
nvkvm: DENY ctrl cmd 0xa06f0111 (not in allowlist / oversize)
nvkvm: DENY ctrl cmd 0xa06f0111 (not in allowlist / oversize)
nvkvm: DENY ctrl cmd 0xa06f0111 (not in allowlist / oversize)
nvkvm: DENY ctrl cmd 0xa06f0111 (not in allowlist / oversize)
nvkvm: DENY ctrl cmd 0xa06f0111 (not in allowlist / oversize)
nvkvm: DENY ctrl cmd 0xa06f0111 (not in allowlist / oversize)
nvkvm: DENY ctrl cmd 0xa06f0111 (not in allowlist / oversize)
nvkvm: DENY ctrl cmd 0xa06f0111 (not in allowlist / oversize)
nvkvm: DENY ctrl cmd 0xa06f0111 (not in allowlist / oversize)
nvkvm: DENY ctrl cmd 0xa06f0111 (not in allowlist / oversize)
nvkvm: DENY ctrl cmd 0xa06f0111 (not in allowlist / oversize)
nvkvm: DENY ctrl cmd 0xa06f0111 (not in allowlist / oversize)
nvkvm: DENY ctrl cmd 0xa06f0111 (not in allowlist / oversize)
nvkvm: DENY ctrl cmd 0xa06f0111 (not in allowlist / oversize)
nvkvm: DENY ctrl cmd 0xa06f0111 (not in allowlist / oversize)
nvkvm: DENY ctrl cmd 0xa06f0111 (not in allowlist / oversize)
nvkvm: DENY ctrl cmd 0xa06f0111 (not in allowlist / oversize)
nvkvm: DENY ctrl cmd 0xa06f0111 (not in allowlist / oversize)
nvkvm: DENY ctrl cmd 0xa06f0111 (not in allowlist / oversize)
nvkvm: DENY ctrl cmd 0xa06f0111 (not in allowlist / oversize)
nvkvm: DENY ctrl cmd 0xa06f0111 (not in allowlist / oversize)
nvkvm: DENY ctrl cmd 0xa06f0111 (not in allowlist / oversize)
nvkvm: DENY ctrl cmd 0xa06f0111 (not in allowlist / oversize)
nvkvm: DENY ctrl cmd 0xa06f0111 (not in allowlist / oversize)
nvkvm: DENY ctrl cmd 0xa06f0111 (not in allowlist / oversize)
nvkvm: DENY ctrl cmd 0xa06f0111 (not in allowlist / oversize)
nvkvm: DENY ctrl cmd 0xa06f0111 (not in allowlist / oversize)
nvkvm: DENY ctrl cmd 0xa06f0111 (not in allowlist / oversize)
nvkvm: DENY ctrl cmd 0xa06f0111 (not in allowlist / oversize)
nvkvm: DENY ctrl cmd 0xa06f0111 (not in allowlist / oversize)
nvkvm: DENY ctrl cmd 0xa06f0111 (not in allowlist / oversize)
nvkvm disp stats: 60.0 frames/s dropped=0 failed=0 present_mean=0.59ms (total consumed=3892 dropped=0 failed=1)
nvkvm: DENY ctrl cmd 0xa06f0111 (not in allowlist / oversize)
nvkvm: DENY ctrl cmd 0xa06f0111 (not in allowlist / oversize)
nvkvm: DENY ctrl cmd 0xa06f0111 (not in allowlist / oversize)
nvkvm: DENY ctrl cmd 0xa06f0111 (not in allowlist / oversize)
nvkvm: DENY ctrl cmd 0xa06f0111 (not in allowlist / oversize)
nvkvm: DENY ctrl cmd 0xa06f0111 (not in allowlist / oversize)
nvkvm: DENY ctrl cmd 0xa06f0111 (not in allowlist / oversize)
nvkvm: DENY ctrl cmd 0xa06f0111 (not in allowlist / oversize)
nvkvm: DENY ctrl cmd 0xa06f0111 (not in allowlist / oversize)
nvkvm: DENY ctrl cmd 0xa06f0111 (not in allowlist / oversize)
nvkvm: DENY ctrl cmd 0xa06f0111 (not in allowlist / oversize)
nvkvm: DENY ctrl cmd 0xa06f0111 (not in allowlist / oversize)
nvkvm: DENY ctrl cmd 0xa06f0111 (not in allowlist / oversize)
nvkvm: DENY ctrl cmd 0xa06f0111 (not in allowlist / oversize)
nvkvm: DENY ctrl cmd 0xa06f0111 (not in allowlist / oversize)
nvkvm: DENY ctrl cmd 0xa06f0111 (not in allowlist / oversize)
nvkvm: DENY ctrl cmd 0xa06f0111 (not in allowlist / oversize)
nvkvm: DENY ctrl cmd 0xa06f0111 (not in allowlist / oversize)
nvkvm: DENY ctrl cmd 0xa06f0111 (not in allowlist / oversize)
nvkvm: DENY ctrl cmd 0xa06f0111 (not in allowlist / oversize)
nvkvm: DENY ctrl cmd 0xa06f0111 (not in allowlist / oversize)
nvkvm: DENY ctrl cmd 0xa06f0111 (not in allowlist / oversize)
nvkvm: DENY ctrl cmd 0xa06f0111 (not in allowlist / oversize)
nvkvm: DENY ctrl cmd 0xa06f0111 (not in allowlist / oversize)
nvkvm: DENY ctrl cmd 0xa06f0111 (not in allowlist / oversize)
nvkvm: DENY ctrl cmd 0xa06f0111 (not in allowlist / oversize)
nvkvm: DENY ctrl cmd 0xa06f0111 (not in allowlist / oversize)
nvkvm: DENY ctrl cmd 0xa06f0111 (not in allowlist / oversize)
nvkvm: DENY ctrl cmd 0xa06f0111 (not in allowlist / oversize)
nvkvm: DENY ctrl cmd 0xa06f0111 (not in allowlist / oversize)
nvkvm: DENY ctrl cmd 0xa06f0111 (not in allowlist / oversize)
nvkvm: DENY ctrl cmd 0xa06f0111 (not in allowlist / oversize)
nvkvm: DENY ctrl cmd 0xa06f0111 (not in allowlist / oversize)
nvkvm: DENY ctrl cmd 0xa06f0111 (not in allowlist / oversize)
nvkvm: DENY ctrl cmd 0xa06f0111 (not in allowlist / oversize)
nvkvm: DENY ctrl cmd 0xa06f0111 (not in allowlist / oversize)
nvkvm: DENY ctrl cmd 0xa06f0111 (not in allowlist / oversize)
nvkvm: DENY ctrl cmd 0xa06f0111 (not in allowlist / oversize)
nvkvm: DENY ctrl cmd 0xa06f0111 (not in allowlist / oversize)
nvkvm: DENY ctrl cmd 0xa06f0111 (not in allowlist / oversize)
nvkvm: DENY ctrl cmd 0xa06f0111 (not in allowlist / oversize)
nvkvm: DENY ctrl cmd 0xa06f0111 (not in allowlist / oversize)
nvkvm: DENY ctrl cmd 0xa06f0111 (not in allowlist / oversize)
nvkvm: DENY ctrl cmd 0xa06f0111 (not in allowlist / oversize)
nvkvm: DENY ctrl cmd 0xa06f0111 (not in allowlist / oversize)
nvkvm: DENY ctrl cmd 0xa06f0111 (not in allowlist / oversize)
nvkvm: DENY ctrl cmd 0xa06f0111 (not in allowlist / oversize)
nvkvm: DENY ctrl cmd 0xa06f0111 (not in allowlist / oversize)
nvkvm: DENY ctrl cmd 0xa06f0111 (not in allowlist / oversize)
nvkvm: DENY ctrl cmd 0xa06f0111 (not in allowlist / oversize)
nvkvm: DENY ctrl cmd 0xa06f0111 (not in allowlist / oversize)
nvkvm: DENY ctrl cmd 0xa06f0111 (not in allowlist / oversize)
nvkvm: DENY ctrl cmd 0xa06f0111 (not in allowlist / oversize)
nvkvm: DENY ctrl cmd 0xa06f0111 (not in allowlist / oversize)
nvkvm: DENY ctrl cmd 0xa06f0111 (not in allowlist / oversize)
nvkvm: DENY ctrl cmd 0xa06f0111 (not in allowlist / oversize)
nvkvm: DENY ctrl cmd 0xa06f0111 (not in allowlist / oversize)
nvkvm: DENY ctrl cmd 0xa06f0111 (not in allowlist / oversize)
nvkvm: DENY ctrl cmd 0xa06f0111 (not in allowlist / oversize)
nvkvm: DENY ctrl cmd 0xa06f0111 (not in allowlist / oversize)
nvkvm disp stats: 60.0 frames/s dropped=0 failed=0 present_mean=0.62ms (total consumed=3952 dropped=0 failed=1)
nvkvm: DENY ctrl cmd 0xa06f0111 (not in allowlist / oversize)
nvkvm: DENY ctrl cmd 0xa06f0111 (not in allowlist / oversize)
nvkvm: DENY ctrl cmd 0xa06f0111 (not in allowlist / oversize)
nvkvm: DENY ctrl cmd 0xa06f0111 (not in allowlist / oversize)
nvkvm: DENY ctrl cmd 0xa06f0111 (not in allowlist / oversize)
nvkvm: DENY ctrl cmd 0xa06f0111 (not in allowlist / oversize)
nvkvm: DENY ctrl cmd 0xa06f0111 (not in allowlist / oversize)
nvkvm: DENY ctrl cmd 0xa06f0111 (not in allowlist / oversize)
nvkvm: DENY ctrl cmd 0xa06f0111 (not in allowlist / oversize)
nvkvm: DENY ctrl cmd 0xa06f0111 (not in allowlist / oversize)
nvkvm: DENY ctrl cmd 0xa06f0111 (not in allowlist / oversize)
nvkvm: DENY ctrl cmd 0xa06f0111 (not in allowlist / oversize)
nvkvm: DENY ctrl cmd 0xa06f0111 (not in allowlist / oversize)
nvkvm: DENY ctrl cmd 0xa06f0111 (not in allowlist / oversize)
nvkvm: DENY ctrl cmd 0xa06f0111 (not in allowlist / oversize)
nvkvm: DENY ctrl cmd 0xa06f0111 (not in allowlist / oversize)
nvkvm: DENY ctrl cmd 0xa06f0111 (not in allowlist / oversize)
nvkvm: DENY ctrl cmd 0xa06f0111 (not in allowlist / oversize)
nvkvm: DENY ctrl cmd 0xa06f0111 (not in allowlist / oversize)
nvkvm: DENY ctrl cmd 0xa06f0111 (not in allowlist / oversize)
nvkvm: DENY ctrl cmd 0xa06f0111 (not in allowlist / oversize)
nvkvm: DENY ctrl cmd 0xa06f0111 (not in allowlist / oversize)
nvkvm: DENY ctrl cmd 0xa06f0111 (not in allowlist / oversize)
nvkvm: DENY ctrl cmd 0xa06f0111 (not in allowlist / oversize)
nvkvm: DENY ctrl cmd 0xa06f0111 (not in allowlist / oversize)
nvkvm: DENY ctrl cmd 0xa06f0111 (not in allowlist / oversize)
nvkvm: DENY ctrl cmd 0xa06f0111 (not in allowlist / oversize)
nvkvm: DENY ctrl cmd 0xa06f0111 (not in allowlist / oversize)
nvkvm: DENY ctrl cmd 0xa06f0111 (not in allowlist / oversize)
nvkvm: DENY ctrl cmd 0xa06f0111 (not in allowlist / oversize)
nvkvm: DENY ctrl cmd 0xa06f0111 (not in allowlist / oversize)
nvkvm: DENY ctrl cmd 0xa06f0111 (not in allowlist / oversize)
nvkvm: DENY ctrl cmd 0xa06f0111 (not in allowlist / oversize)
nvkvm: DENY ctrl cmd 0xa06f0111 (not in allowlist / oversize)
nvkvm: DENY ctrl cmd 0xa06f0111 (not in allowlist / oversize)
nvkvm: DENY ctrl cmd 0xa06f0111 (not in allowlist / oversize)
nvkvm: DENY ctrl cmd 0xa06f0111 (not in allowlist / oversize)
nvkvm: DENY ctrl cmd 0xa06f0111 (not in allowlist / oversize)
nvkvm: DENY ctrl cmd 0xa06f0111 (not in allowlist / oversize)
nvkvm: DENY ctrl cmd 0xa06f0111 (not in allowlist / oversize)
nvkvm: DENY ctrl cmd 0xa06f0111 (not in allowlist / oversize)
nvkvm: DENY ctrl cmd 0xa06f0111 (not in allowlist / oversize)
nvkvm: DENY ctrl cmd 0xa06f0111 (not in allowlist / oversize)
nvkvm: DENY ctrl cmd 0xa06f0111 (not in allowlist / oversize)
nvkvm: DENY ctrl cmd 0xa06f0111 (not in allowlist / oversize)
nvkvm: DENY ctrl cmd 0xa06f0111 (not in allowlist / oversize)
nvkvm: DENY ctrl cmd 0xa06f0111 (not in allowlist / oversize)
nvkvm: DENY ctrl cmd 0xa06f0111 (not in allowlist / oversize)
nvkvm: DENY ctrl cmd 0xa06f0111 (not in allowlist / oversize)
nvkvm: DENY ctrl cmd 0xa06f0111 (not in allowlist / oversize)
nvkvm: DENY ctrl cmd 0xa06f0111 (not in allowlist / oversize)
nvkvm: DENY ctrl cmd 0xa06f0111 (not in allowlist / oversize)
nvkvm: DENY ctrl cmd 0xa06f0111 (not in allowlist / oversize)
nvkvm: DENY ctrl cmd 0xa06f0111 (not in allowlist / oversize)
nvkvm: DENY ctrl cmd 0xa06f0111 (not in allowlist / oversize)
nvkvm: DENY ctrl cmd 0xa06f0111 (not in allowlist / oversize)
nvkvm: DENY ctrl cmd 0xa06f0111 (not in allowlist / oversize)
nvkvm: DENY ctrl cmd 0xa06f0111 (not in allowlist / oversize)
nvkvm: DENY ctrl cmd 0xa06f0111 (not in allowlist / oversize)
nvkvm: DENY ctrl cmd 0xa06f0111 (not in allowlist / oversize)
nvkvm: DENY ctrl cmd 0xa06f0111 (not in allowlist / oversize)
nvkvm disp stats: 60.0 frames/s dropped=0 failed=0 present_mean=0.56ms (total consumed=4013 dropped=0 failed=1)
nvkvm: DENY ctrl cmd 0xa06f0111 (not in allowlist / oversize)
nvkvm: DENY ctrl cmd 0xa06f0111 (not in allowlist / oversize)
nvkvm: DENY ctrl cmd 0xa06f0111 (not in allowlist / oversize)
nvkvm: DENY ctrl cmd 0xa06f0111 (not in allowlist / oversize)
nvkvm: DENY ctrl cmd 0xa06f0111 (not in allowlist / oversize)
nvkvm: DENY ctrl cmd 0xa06f0111 (not in allowlist / oversize)
nvkvm: DENY ctrl cmd 0xa06f0111 (not in allowlist / oversize)
nvkvm: DENY ctrl cmd 0xa06f0111 (not in allowlist / oversize)
nvkvm: DENY ctrl cmd 0xa06f0111 (not in allowlist / oversize)
nvkvm: DENY ctrl cmd 0xa06f0111 (not in allowlist / oversize)
nvkvm: DENY ctrl cmd 0xa06f0111 (not in allowlist / oversize)
nvkvm: DENY ctrl cmd 0xa06f0111 (not in allowlist / oversize)
nvkvm: DENY ctrl cmd 0xa06f0111 (not in allowlist / oversize)
nvkvm: DENY ctrl cmd 0xa06f0111 (not in allowlist / oversize)
nvkvm: DENY ctrl cmd 0xa06f0111 (not in allowlist / oversize)
nvkvm: DENY ctrl cmd 0xa06f0111 (not in allowlist / oversize)
nvkvm: DENY ctrl cmd 0xa06f0111 (not in allowlist / oversize)
nvkvm: DENY ctrl cmd 0xa06f0111 (not in allowlist / oversize)
nvkvm: DENY ctrl cmd 0xa06f0111 (not in allowlist / oversize)
nvkvm: DENY ctrl cmd 0xa06f0111 (not in allowlist / oversize)
nvkvm: DENY ctrl cmd 0xa06f0111 (not in allowlist / oversize)
nvkvm: DENY ctrl cmd 0xa06f0111 (not in allowlist / oversize)
nvkvm: DENY ctrl cmd 0xa06f0111 (not in allowlist / oversize)
nvkvm: DENY ctrl cmd 0xa06f0111 (not in allowlist / oversize)
nvkvm: DENY ctrl cmd 0xa06f0111 (not in allowlist / oversize)
nvkvm: DENY ctrl cmd 0xa06f0111 (not in allowlist / oversize)
nvkvm: DENY ctrl cmd 0xa06f0111 (not in allowlist / oversize)
nvkvm: DENY ctrl cmd 0xa06f0111 (not in allowlist / oversize)
nvkvm: DENY ctrl cmd 0xa06f0111 (not in allowlist / oversize)
nvkvm: DENY ctrl cmd 0xa06f0111 (not in allowlist / oversize)
nvkvm: DENY ctrl cmd 0xa06f0111 (not in allowlist / oversize)
nvkvm: DENY ctrl cmd 0xa06f0111 (not in allowlist / oversize)
nvkvm: DENY ctrl cmd 0xa06f0111 (not in allowlist / oversize)
nvkvm: DENY ctrl cmd 0xa06f0111 (not in allowlist / oversize)
nvkvm: DENY ctrl cmd 0xa06f0111 (not in allowlist / oversize)
nvkvm: DENY ctrl cmd 0xa06f0111 (not in allowlist / oversize)
nvkvm: DENY ctrl cmd 0xa06f0111 (not in allowlist / oversize)
nvkvm: DENY ctrl cmd 0xa06f0111 (not in allowlist / oversize)
nvkvm: DENY ctrl cmd 0xa06f0111 (not in allowlist / oversize)
nvkvm: DENY ctrl cmd 0xa06f0111 (not in allowlist / oversize)
nvkvm: DENY ctrl cmd 0xa06f0111 (not in allowlist / oversize)
nvkvm: DENY ctrl cmd 0xa06f0111 (not in allowlist / oversize)
nvkvm: DENY ctrl cmd 0xa06f0111 (not in allowlist / oversize)
nvkvm: DENY ctrl cmd 0xa06f0111 (not in allowlist / oversize)
nvkvm: DENY ctrl cmd 0xa06f0111 (not in allowlist / oversize)
nvkvm: DENY ctrl cmd 0xa06f0111 (not in allowlist / oversize)
nvkvm: DENY ctrl cmd 0xa06f0111 (not in allowlist / oversize)
nvkvm: DENY ctrl cmd 0xa06f0111 (not in allowlist / oversize)
nvkvm: DENY ctrl cmd 0xa06f0111 (not in allowlist / oversize)
nvkvm: DENY ctrl cmd 0xa06f0111 (not in allowlist / oversize)
nvkvm: DENY ctrl cmd 0xa06f0111 (not in allowlist / oversize)
nvkvm: DENY ctrl cmd 0xa06f0111 (not in allowlist / oversize)
nvkvm: DENY ctrl cmd 0xa06f0111 (not in allowlist / oversize)
nvkvm: DENY ctrl cmd 0xa06f0111 (not in allowlist / oversize)
nvkvm: DENY ctrl cmd 0xa06f0111 (not in allowlist / oversize)
nvkvm: DENY ctrl cmd 0xa06f0111 (not in allowlist / oversize)
nvkvm: DENY ctrl cmd 0xa06f0111 (not in allowlist / oversize)
nvkvm: DENY ctrl cmd 0xa06f0111 (not in allowlist / oversize)
nvkvm: DENY ctrl cmd 0xa06f0111 (not in allowlist / oversize)
nvkvm: DENY ctrl cmd 0xa06f0111 (not in allowlist / oversize)
nvkvm disp stats: 59.9 frames/s dropped=0 failed=0 present_mean=0.62ms (total consumed=4073 dropped=0 failed=1)
nvkvm: DENY ctrl cmd 0xa06f0111 (not in allowlist / oversize)
nvkvm: DENY ctrl cmd 0xa06f0111 (not in allowlist / oversize)
nvkvm: DENY ctrl cmd 0xa06f0111 (not in allowlist / oversize)
nvkvm: DENY ctrl cmd 0xa06f0111 (not in allowlist / oversize)
nvkvm: DENY ctrl cmd 0xa06f0111 (not in allowlist / oversize)
nvkvm: DENY ctrl cmd 0xa06f0111 (not in allowlist / oversize)
nvkvm: DENY ctrl cmd 0xa06f0111 (not in allowlist / oversize)
nvkvm: DENY ctrl cmd 0xa06f0111 (not in allowlist / oversize)
nvkvm: DENY ctrl cmd 0xa06f0111 (not in allowlist / oversize)
nvkvm: DENY ctrl cmd 0xa06f0111 (not in allowlist / oversize)
nvkvm: DENY ctrl cmd 0xa06f0111 (not in allowlist / oversize)
nvkvm: DENY ctrl cmd 0xa06f0111 (not in allowlist / oversize)
nvkvm: DENY ctrl cmd 0xa06f0111 (not in allowlist / oversize)
nvkvm: DENY ctrl cmd 0xa06f0111 (not in allowlist / oversize)
nvkvm: DENY ctrl cmd 0xa06f0111 (not in allowlist / oversize)
nvkvm: DENY ctrl cmd 0xa06f0111 (not in allowlist / oversize)
nvkvm: DENY ctrl cmd 0xa06f0111 (not in allowlist / oversize)
nvkvm: DENY ctrl cmd 0xa06f0111 (not in allowlist / oversize)
nvkvm: DENY ctrl cmd 0xa06f0111 (not in allowlist / oversize)
nvkvm: DENY ctrl cmd 0xa06f0111 (not in allowlist / oversize)
nvkvm: DENY ctrl cmd 0xa06f0111 (not in allowlist / oversize)
nvkvm: DENY ctrl cmd 0xa06f0111 (not in allowlist / oversize)
nvkvm: DENY ctrl cmd 0xa06f0111 (not in allowlist / oversize)
nvkvm: DENY ctrl cmd 0xa06f0111 (not in allowlist / oversize)
nvkvm: DENY ctrl cmd 0xa06f0111 (not in allowlist / oversize)
nvkvm: DENY ctrl cmd 0xa06f0111 (not in allowlist / oversize)
nvkvm: DENY ctrl cmd 0xa06f0111 (not in allowlist / oversize)
nvkvm: DENY ctrl cmd 0xa06f0111 (not in allowlist / oversize)
nvkvm: DENY ctrl cmd 0xa06f0111 (not in allowlist / oversize)
nvkvm: DENY ctrl cmd 0xa06f0111 (not in allowlist / oversize)
nvkvm: DENY ctrl cmd 0xa06f0111 (not in allowlist / oversize)
nvkvm: DENY ctrl cmd 0xa06f0111 (not in allowlist / oversize)
nvkvm: DENY ctrl cmd 0xa06f0111 (not in allowlist / oversize)
nvkvm: DENY ctrl cmd 0xa06f0111 (not in allowlist / oversize)
nvkvm: DENY ctrl cmd 0xa06f0111 (not in allowlist / oversize)
nvkvm: DENY ctrl cmd 0xa06f0111 (not in allowlist / oversize)
nvkvm: DENY ctrl cmd 0xa06f0111 (not in allowlist / oversize)
nvkvm: DENY ctrl cmd 0xa06f0111 (not in allowlist / oversize)
nvkvm: DENY ctrl cmd 0xa06f0111 (not in allowlist / oversize)
nvkvm: DENY ctrl cmd 0xa06f0111 (not in allowlist / oversize)
nvkvm: DENY ctrl cmd 0xa06f0111 (not in allowlist / oversize)
nvkvm: DENY ctrl cmd 0xa06f0111 (not in allowlist / oversize)
nvkvm: DENY ctrl cmd 0xa06f0111 (not in allowlist / oversize)
nvkvm: DENY ctrl cmd 0xa06f0111 (not in allowlist / oversize)
nvkvm: DENY ctrl cmd 0xa06f0111 (not in allowlist / oversize)
nvkvm: DENY ctrl cmd 0xa06f0111 (not in allowlist / oversize)
nvkvm: DENY ctrl cmd 0xa06f0111 (not in allowlist / oversize)
nvkvm: DENY ctrl cmd 0xa06f0111 (not in allowlist / oversize)
nvkvm: DENY ctrl cmd 0xa06f0111 (not in allowlist / oversize)
nvkvm: DENY ctrl cmd 0xa06f0111 (not in allowlist / oversize)
nvkvm: DENY ctrl cmd 0xa06f0111 (not in allowlist / oversize)
nvkvm: DENY ctrl cmd 0xa06f0111 (not in allowlist / oversize)
nvkvm: DENY ctrl cmd 0xa06f0111 (not in allowlist / oversize)
nvkvm: DENY ctrl cmd 0xa06f0111 (not in allowlist / oversize)
nvkvm: DENY ctrl cmd 0xa06f0111 (not in allowlist / oversize)
nvkvm: DENY ctrl cmd 0xa06f0111 (not in allowlist / oversize)
nvkvm: DENY ctrl cmd 0xa06f0111 (not in allowlist / oversize)
nvkvm: DENY ctrl cmd 0xa06f0111 (not in allowlist / oversize)
nvkvm: DENY ctrl cmd 0xa06f0111 (not in allowlist / oversize)
nvkvm: DENY ctrl cmd 0xa06f0111 (not in allowlist / oversize)
nvkvm disp stats: 59.0 frames/s dropped=0 failed=0 present_mean=0.64ms (total consumed=4133 dropped=0 failed=1)
nvkvm: DENY ctrl cmd 0xa06f0111 (not in allowlist / oversize)
nvkvm: DENY ctrl cmd 0xa06f0111 (not in allowlist / oversize)
nvkvm: DENY ctrl cmd 0xa06f0111 (not in allowlist / oversize)
nvkvm: DENY ctrl cmd 0xa06f0111 (not in allowlist / oversize)
nvkvm: DENY ctrl cmd 0xa06f0111 (not in allowlist / oversize)
nvkvm: DENY ctrl cmd 0xa06f0111 (not in allowlist / oversize)
nvkvm: DENY ctrl cmd 0xa06f0111 (not in allowlist / oversize)
nvkvm: DENY ctrl cmd 0xa06f0111 (not in allowlist / oversize)
nvkvm: DENY ctrl cmd 0xa06f0111 (not in allowlist / oversize)
nvkvm: DENY ctrl cmd 0xa06f0111 (not in allowlist / oversize)
nvkvm: DENY ctrl cmd 0xa06f0111 (not in allowlist / oversize)
nvkvm: DENY ctrl cmd 0xa06f0111 (not in allowlist / oversize)
nvkvm: DENY ctrl cmd 0xa06f0111 (not in allowlist / oversize)
nvkvm: DENY ctrl cmd 0xa06f0111 (not in allowlist / oversize)
nvkvm: DENY ctrl cmd 0xa06f0111 (not in allowlist / oversize)
nvkvm: DENY ctrl cmd 0xa06f0111 (not in allowlist / oversize)
nvkvm: DENY ctrl cmd 0xa06f0111 (not in allowlist / oversize)
nvkvm: DENY ctrl cmd 0xa06f0111 (not in allowlist / oversize)
nvkvm: DENY ctrl cmd 0xa06f0111 (not in allowlist / oversize)
nvkvm: DENY ctrl cmd 0xa06f0111 (not in allowlist / oversize)
nvkvm: DENY ctrl cmd 0xa06f0111 (not in allowlist / oversize)
nvkvm: DENY ctrl cmd 0xa06f0111 (not in allowlist / oversize)
nvkvm: DENY ctrl cmd 0xa06f0111 (not in allowlist / oversize)
nvkvm: DENY ctrl cmd 0xa06f0111 (not in allowlist / oversize)
nvkvm: DENY ctrl cmd 0xa06f0111 (not in allowlist / oversize)
nvkvm: DENY ctrl cmd 0xa06f0111 (not in allowlist / oversize)
nvkvm: DENY ctrl cmd 0xa06f0111 (not in allowlist / oversize)
nvkvm: DENY ctrl cmd 0xa06f0111 (not in allowlist / oversize)
nvkvm: DENY ctrl cmd 0xa06f0111 (not in allowlist / oversize)
nvkvm: DENY ctrl cmd 0xa06f0111 (not in allowlist / oversize)
nvkvm: DENY ctrl cmd 0xa06f0111 (not in allowlist / oversize)
nvkvm: DENY ctrl cmd 0xa06f0111 (not in allowlist / oversize)
nvkvm: DENY ctrl cmd 0xa06f0111 (not in allowlist / oversize)
nvkvm: DENY ctrl cmd 0xa06f0111 (not in allowlist / oversize)
nvkvm: DENY ctrl cmd 0xa06f0111 (not in allowlist / oversize)
nvkvm: DENY ctrl cmd 0xa06f0111 (not in allowlist / oversize)
nvkvm: DENY ctrl cmd 0xa06f0111 (not in allowlist / oversize)
nvkvm: DENY ctrl cmd 0xa06f0111 (not in allowlist / oversize)
nvkvm: DENY ctrl cmd 0xa06f0111 (not in allowlist / oversize)
nvkvm: DENY ctrl cmd 0xa06f0111 (not in allowlist / oversize)
nvkvm: DENY ctrl cmd 0xa06f0111 (not in allowlist / oversize)
nvkvm: DENY ctrl cmd 0xa06f0111 (not in allowlist / oversize)
nvkvm: DENY ctrl cmd 0xa06f0111 (not in allowlist / oversize)
nvkvm: DENY ctrl cmd 0xa06f0111 (not in allowlist / oversize)
nvkvm: DENY ctrl cmd 0xa06f0111 (not in allowlist / oversize)
nvkvm: DENY ctrl cmd 0xa06f0111 (not in allowlist / oversize)
nvkvm: DENY ctrl cmd 0xa06f0111 (not in allowlist / oversize)
nvkvm: DENY ctrl cmd 0xa06f0111 (not in allowlist / oversize)
nvkvm: DENY ctrl cmd 0xa06f0111 (not in allowlist / oversize)
nvkvm: DENY ctrl cmd 0xa06f0111 (not in allowlist / oversize)
nvkvm: DENY ctrl cmd 0xa06f0111 (not in allowlist / oversize)
nvkvm: DENY ctrl cmd 0xa06f0111 (not in allowlist / oversize)
nvkvm: DENY ctrl cmd 0xa06f0111 (not in allowlist / oversize)
nvkvm: DENY ctrl cmd 0xa06f0111 (not in allowlist / oversize)
nvkvm: DENY ctrl cmd 0xa06f0111 (not in allowlist / oversize)
nvkvm: DENY ctrl cmd 0xa06f0111 (not in allowlist / oversize)
nvkvm: DENY ctrl cmd 0xa06f0111 (not in allowlist / oversize)
nvkvm: DENY ctrl cmd 0xa06f0111 (not in allowlist / oversize)
nvkvm: DENY ctrl cmd 0xa06f0111 (not in allowlist / oversize)
nvkvm: DENY ctrl cmd 0xa06f0111 (not in allowlist / oversize)
nvkvm: DENY ctrl cmd 0xa06f0111 (not in allowlist / oversize)
nvkvm disp stats: 60.0 frames/s dropped=0 failed=0 present_mean=0.57ms (total consumed=4194 dropped=0 failed=1)
nvkvm: DENY ctrl cmd 0xa06f0111 (not in allowlist / oversize)
nvkvm: DENY ctrl cmd 0xa06f0111 (not in allowlist / oversize)
nvkvm: DENY ctrl cmd 0xa06f0111 (not in allowlist / oversize)
nvkvm: DENY ctrl cmd 0xa06f0111 (not in allowlist / oversize)
nvkvm: DENY ctrl cmd 0xa06f0111 (not in allowlist / oversize)
nvkvm: DENY ctrl cmd 0xa06f0111 (not in allowlist / oversize)
nvkvm: DENY ctrl cmd 0xa06f0111 (not in allowlist / oversize)
nvkvm: DENY ctrl cmd 0xa06f0111 (not in allowlist / oversize)
nvkvm: DENY ctrl cmd 0xa06f0111 (not in allowlist / oversize)
nvkvm: DENY ctrl cmd 0xa06f0111 (not in allowlist / oversize)
nvkvm: DENY ctrl cmd 0xa06f0111 (not in allowlist / oversize)
nvkvm: DENY ctrl cmd 0xa06f0111 (not in allowlist / oversize)
nvkvm: DENY ctrl cmd 0xa06f0111 (not in allowlist / oversize)
nvkvm: DENY ctrl cmd 0xa06f0111 (not in allowlist / oversize)
nvkvm: DENY ctrl cmd 0xa06f0111 (not in allowlist / oversize)
nvkvm: DENY ctrl cmd 0xa06f0111 (not in allowlist / oversize)
nvkvm: DENY ctrl cmd 0xa06f0111 (not in allowlist / oversize)
nvkvm: DENY ctrl cmd 0xa06f0111 (not in allowlist / oversize)
nvkvm: DENY ctrl cmd 0xa06f0111 (not in allowlist / oversize)
nvkvm: DENY ctrl cmd 0xa06f0111 (not in allowlist / oversize)
nvkvm: DENY ctrl cmd 0xa06f0111 (not in allowlist / oversize)
nvkvm: DENY ctrl cmd 0xa06f0111 (not in allowlist / oversize)
nvkvm: DENY ctrl cmd 0xa06f0111 (not in allowlist / oversize)
nvkvm: DENY ctrl cmd 0xa06f0111 (not in allowlist / oversize)
nvkvm: DENY ctrl cmd 0xa06f0111 (not in allowlist / oversize)
nvkvm: DENY ctrl cmd 0xa06f0111 (not in allowlist / oversize)
nvkvm: DENY ctrl cmd 0xa06f0111 (not in allowlist / oversize)
nvkvm: DENY ctrl cmd 0xa06f0111 (not in allowlist / oversize)
nvkvm: DENY ctrl cmd 0xa06f0111 (not in allowlist / oversize)
nvkvm: DENY ctrl cmd 0xa06f0111 (not in allowlist / oversize)
nvkvm: DENY ctrl cmd 0xa06f0111 (not in allowlist / oversize)
nvkvm: DENY ctrl cmd 0xa06f0111 (not in allowlist / oversize)
nvkvm: DENY ctrl cmd 0xa06f0111 (not in allowlist / oversize)
nvkvm: DENY ctrl cmd 0xa06f0111 (not in allowlist / oversize)
nvkvm: DENY ctrl cmd 0xa06f0111 (not in allowlist / oversize)
nvkvm: DENY ctrl cmd 0xa06f0111 (not in allowlist / oversize)
nvkvm: DENY ctrl cmd 0xa06f0111 (not in allowlist / oversize)
nvkvm: DENY ctrl cmd 0xa06f0111 (not in allowlist / oversize)
nvkvm: DENY ctrl cmd 0xa06f0111 (not in allowlist / oversize)
nvkvm: DENY ctrl cmd 0xa06f0111 (not in allowlist / oversize)
nvkvm: DENY ctrl cmd 0xa06f0111 (not in allowlist / oversize)
nvkvm: DENY ctrl cmd 0xa06f0111 (not in allowlist / oversize)
nvkvm: DENY ctrl cmd 0xa06f0111 (not in allowlist / oversize)
nvkvm: DENY ctrl cmd 0xa06f0111 (not in allowlist / oversize)
nvkvm: DENY ctrl cmd 0xa06f0111 (not in allowlist / oversize)
nvkvm: DENY ctrl cmd 0xa06f0111 (not in allowlist / oversize)
nvkvm: DENY ctrl cmd 0xa06f0111 (not in allowlist / oversize)
nvkvm: DENY ctrl cmd 0xa06f0111 (not in allowlist / oversize)
nvkvm: DENY ctrl cmd 0xa06f0111 (not in allowlist / oversize)
nvkvm: DENY ctrl cmd 0xa06f0111 (not in allowlist / oversize)
nvkvm: DENY ctrl cmd 0xa06f0111 (not in allowlist / oversize)
nvkvm: DENY ctrl cmd 0xa06f0111 (not in allowlist / oversize)
nvkvm: DENY ctrl cmd 0xa06f0111 (not in allowlist / oversize)
nvkvm: DENY ctrl cmd 0xa06f0111 (not in allowlist / oversize)
nvkvm: DENY ctrl cmd 0xa06f0111 (not in allowlist / oversize)
nvkvm: DENY ctrl cmd 0xa06f0111 (not in allowlist / oversize)
nvkvm: DENY ctrl cmd 0xa06f0111 (not in allowlist / oversize)
nvkvm: DENY ctrl cmd 0xa06f0111 (not in allowlist / oversize)
nvkvm: DENY ctrl cmd 0xa06f0111 (not in allowlist / oversize)
nvkvm disp stats: 59.0 frames/s dropped=0 failed=0 present_mean=0.68ms (total consumed=4253 dropped=0 failed=1)
nvkvm: DENY ctrl cmd 0xa06f0111 (not in allowlist / oversize)
nvkvm: DENY ctrl cmd 0xa06f0111 (not in allowlist / oversize)
nvkvm: DENY ctrl cmd 0xa06f0111 (not in allowlist / oversize)
nvkvm: DENY ctrl cmd 0xa06f0111 (not in allowlist / oversize)
nvkvm: DENY ctrl cmd 0xa06f0111 (not in allowlist / oversize)
nvkvm: DENY ctrl cmd 0xa06f0111 (not in allowlist / oversize)
nvkvm: DENY ctrl cmd 0xa06f0111 (not in allowlist / oversize)
nvkvm: DENY ctrl cmd 0xa06f0111 (not in allowlist / oversize)
nvkvm: DENY ctrl cmd 0xa06f0111 (not in allowlist / oversize)
nvkvm: DENY ctrl cmd 0xa06f0111 (not in allowlist / oversize)
nvkvm: DENY ctrl cmd 0xa06f0111 (not in allowlist / oversize)
nvkvm: DENY ctrl cmd 0xa06f0111 (not in allowlist / oversize)
nvkvm: DENY ctrl cmd 0xa06f0111 (not in allowlist / oversize)
nvkvm: DENY ctrl cmd 0xa06f0111 (not in allowlist / oversize)
nvkvm: DENY ctrl cmd 0xa06f0111 (not in allowlist / oversize)
nvkvm: DENY ctrl cmd 0xa06f0111 (not in allowlist / oversize)
nvkvm: DENY ctrl cmd 0xa06f0111 (not in allowlist / oversize)
nvkvm: DENY ctrl cmd 0xa06f0111 (not in allowlist / oversize)
nvkvm: DENY ctrl cmd 0xa06f0111 (not in allowlist / oversize)
nvkvm: DENY ctrl cmd 0xa06f0111 (not in allowlist / oversize)
nvkvm: DENY ctrl cmd 0xa06f0111 (not in allowlist / oversize)
nvkvm: DENY ctrl cmd 0xa06f0111 (not in allowlist / oversize)
nvkvm: DENY ctrl cmd 0xa06f0111 (not in allowlist / oversize)
nvkvm: DENY ctrl cmd 0xa06f0111 (not in allowlist / oversize)
nvkvm: DENY ctrl cmd 0xa06f0111 (not in allowlist / oversize)
nvkvm: DENY ctrl cmd 0xa06f0111 (not in allowlist / oversize)
nvkvm: DENY ctrl cmd 0xa06f0111 (not in allowlist / oversize)
nvkvm: DENY ctrl cmd 0xa06f0111 (not in allowlist / oversize)
nvkvm: DENY ctrl cmd 0xa06f0111 (not in allowlist / oversize)
nvkvm: DENY ctrl cmd 0xa06f0111 (not in allowlist / oversize)
nvkvm: DENY ctrl cmd 0xa06f0111 (not in allowlist / oversize)
nvkvm: DENY ctrl cmd 0xa06f0111 (not in allowlist / oversize)
nvkvm: DENY ctrl cmd 0xa06f0111 (not in allowlist / oversize)
nvkvm: DENY ctrl cmd 0xa06f0111 (not in allowlist / oversize)
nvkvm: DENY ctrl cmd 0xa06f0111 (not in allowlist / oversize)
nvkvm: DENY ctrl cmd 0xa06f0111 (not in allowlist / oversize)
nvkvm: DENY ctrl cmd 0xa06f0111 (not in allowlist / oversize)
nvkvm: DENY ctrl cmd 0xa06f0111 (not in allowlist / oversize)
nvkvm: DENY ctrl cmd 0xa06f0111 (not in allowlist / oversize)
nvkvm: DENY ctrl cmd 0xa06f0111 (not in allowlist / oversize)
nvkvm: DENY ctrl cmd 0xa06f0111 (not in allowlist / oversize)
nvkvm: DENY ctrl cmd 0xa06f0111 (not in allowlist / oversize)
nvkvm: DENY ctrl cmd 0xa06f0111 (not in allowlist / oversize)
nvkvm: DENY ctrl cmd 0xa06f0111 (not in allowlist / oversize)
nvkvm: DENY ctrl cmd 0xa06f0111 (not in allowlist / oversize)
nvkvm: DENY ctrl cmd 0xa06f0111 (not in allowlist / oversize)
nvkvm: DENY ctrl cmd 0xa06f0111 (not in allowlist / oversize)
nvkvm: DENY ctrl cmd 0xa06f0111 (not in allowlist / oversize)
nvkvm: DENY ctrl cmd 0xa06f0111 (not in allowlist / oversize)
nvkvm: DENY ctrl cmd 0xa06f0111 (not in allowlist / oversize)
nvkvm: DENY ctrl cmd 0xa06f0111 (not in allowlist / oversize)
nvkvm: DENY ctrl cmd 0xa06f0111 (not in allowlist / oversize)
nvkvm: DENY ctrl cmd 0xa06f0111 (not in allowlist / oversize)
nvkvm: DENY ctrl cmd 0xa06f0111 (not in allowlist / oversize)
nvkvm: DENY ctrl cmd 0xa06f0111 (not in allowlist / oversize)
nvkvm: DENY ctrl cmd 0xa06f0111 (not in allowlist / oversize)
nvkvm: DENY ctrl cmd 0xa06f0111 (not in allowlist / oversize)
nvkvm: DENY ctrl cmd 0xa06f0111 (not in allowlist / oversize)
nvkvm: DENY ctrl cmd 0xa06f0111 (not in allowlist / oversize)
nvkvm: DENY ctrl cmd 0xa06f0111 (not in allowlist / oversize)
nvkvm disp stats: 59.9 frames/s dropped=0 failed=0 present_mean=0.65ms (total consumed=4313 dropped=0 failed=1)
nvkvm: DENY ctrl cmd 0xa06f0111 (not in allowlist / oversize)
nvkvm: DENY ctrl cmd 0xa06f0111 (not in allowlist / oversize)
nvkvm: DENY ctrl cmd 0xa06f0111 (not in allowlist / oversize)
nvkvm: DENY ctrl cmd 0xa06f0111 (not in allowlist / oversize)
nvkvm: DENY ctrl cmd 0xa06f0111 (not in allowlist / oversize)
nvkvm: DENY ctrl cmd 0xa06f0111 (not in allowlist / oversize)
nvkvm: DENY ctrl cmd 0xa06f0111 (not in allowlist / oversize)
nvkvm: DENY ctrl cmd 0xa06f0111 (not in allowlist / oversize)
nvkvm: DENY ctrl cmd 0xa06f0111 (not in allowlist / oversize)
nvkvm: DENY ctrl cmd 0xa06f0111 (not in allowlist / oversize)
nvkvm: DENY ctrl cmd 0xa06f0111 (not in allowlist / oversize)
nvkvm: DENY ctrl cmd 0xa06f0111 (not in allowlist / oversize)
nvkvm: DENY ctrl cmd 0xa06f0111 (not in allowlist / oversize)
nvkvm: DENY ctrl cmd 0xa06f0111 (not in allowlist / oversize)
nvkvm: DENY ctrl cmd 0xa06f0111 (not in allowlist / oversize)
nvkvm: DENY ctrl cmd 0xa06f0111 (not in allowlist / oversize)
nvkvm: DENY ctrl cmd 0xa06f0111 (not in allowlist / oversize)
nvkvm: DENY ctrl cmd 0xa06f0111 (not in allowlist / oversize)
nvkvm: DENY ctrl cmd 0xa06f0111 (not in allowlist / oversize)
nvkvm: DENY ctrl cmd 0xa06f0111 (not in allowlist / oversize)
nvkvm: DENY ctrl cmd 0xa06f0111 (not in allowlist / oversize)
nvkvm: DENY ctrl cmd 0xa06f0111 (not in allowlist / oversize)
nvkvm: DENY ctrl cmd 0xa06f0111 (not in allowlist / oversize)
nvkvm: DENY ctrl cmd 0xa06f0111 (not in allowlist / oversize)
nvkvm: DENY ctrl cmd 0xa06f0111 (not in allowlist / oversize)
nvkvm: DENY ctrl cmd 0xa06f0111 (not in allowlist / oversize)
nvkvm: DENY ctrl cmd 0xa06f0111 (not in allowlist / oversize)
nvkvm: DENY ctrl cmd 0xa06f0111 (not in allowlist / oversize)
nvkvm: DENY ctrl cmd 0xa06f0111 (not in allowlist / oversize)
nvkvm: DENY ctrl cmd 0xa06f0111 (not in allowlist / oversize)
nvkvm: DENY ctrl cmd 0xa06f0111 (not in allowlist / oversize)
nvkvm: DENY ctrl cmd 0xa06f0111 (not in allowlist / oversize)
nvkvm: DENY ctrl cmd 0xa06f0111 (not in allowlist / oversize)
nvkvm: DENY ctrl cmd 0xa06f0111 (not in allowlist / oversize)
nvkvm: DENY ctrl cmd 0xa06f0111 (not in allowlist / oversize)
nvkvm: DENY ctrl cmd 0xa06f0111 (not in allowlist / oversize)
nvkvm: DENY ctrl cmd 0xa06f0111 (not in allowlist / oversize)
nvkvm: DENY ctrl cmd 0xa06f0111 (not in allowlist / oversize)
nvkvm: DENY ctrl cmd 0xa06f0111 (not in allowlist / oversize)
nvkvm: DENY ctrl cmd 0xa06f0111 (not in allowlist / oversize)
nvkvm: DENY ctrl cmd 0xa06f0111 (not in allowlist / oversize)
nvkvm: DENY ctrl cmd 0xa06f0111 (not in allowlist / oversize)
nvkvm: DENY ctrl cmd 0xa06f0111 (not in allowlist / oversize)
nvkvm: DENY ctrl cmd 0xa06f0111 (not in allowlist / oversize)
nvkvm: DENY ctrl cmd 0xa06f0111 (not in allowlist / oversize)
nvkvm: DENY ctrl cmd 0xa06f0111 (not in allowlist / oversize)
nvkvm: DENY ctrl cmd 0xa06f0111 (not in allowlist / oversize)
nvkvm: DENY ctrl cmd 0xa06f0111 (not in allowlist / oversize)
nvkvm: DENY ctrl cmd 0xa06f0111 (not in allowlist / oversize)
nvkvm: DENY ctrl cmd 0xa06f0111 (not in allowlist / oversize)
nvkvm: DENY ctrl cmd 0xa06f0111 (not in allowlist / oversize)
nvkvm: DENY ctrl cmd 0xa06f0111 (not in allowlist / oversize)
nvkvm: DENY ctrl cmd 0xa06f0111 (not in allowlist / oversize)
nvkvm: DENY ctrl cmd 0xa06f0111 (not in allowlist / oversize)
nvkvm: DENY ctrl cmd 0xa06f0111 (not in allowlist / oversize)
nvkvm: DENY ctrl cmd 0xa06f0111 (not in allowlist / oversize)
nvkvm: DENY ctrl cmd 0xa06f0111 (not in allowlist / oversize)
nvkvm: DENY ctrl cmd 0xa06f0111 (not in allowlist / oversize)
nvkvm: DENY ctrl cmd 0xa06f0111 (not in allowlist / oversize)
nvkvm: DENY ctrl cmd 0xa06f0111 (not in allowlist / oversize)
nvkvm disp stats: 59.2 frames/s dropped=0 failed=0 present_mean=0.57ms (total consumed=4373 dropped=0 failed=1)
nvkvm: DENY ctrl cmd 0xa06f0111 (not in allowlist / oversize)
nvkvm: DENY ctrl cmd 0xa06f0111 (not in allowlist / oversize)
nvkvm: DENY ctrl cmd 0xa06f0111 (not in allowlist / oversize)
nvkvm: DENY ctrl cmd 0xa06f0111 (not in allowlist / oversize)
nvkvm: DENY ctrl cmd 0xa06f0111 (not in allowlist / oversize)
nvkvm: DENY ctrl cmd 0xa06f0111 (not in allowlist / oversize)
nvkvm: DENY ctrl cmd 0xa06f0111 (not in allowlist / oversize)
nvkvm: DENY ctrl cmd 0xa06f0111 (not in allowlist / oversize)
nvkvm: DENY ctrl cmd 0xa06f0111 (not in allowlist / oversize)
nvkvm: DENY ctrl cmd 0xa06f0111 (not in allowlist / oversize)
nvkvm: DENY ctrl cmd 0xa06f0111 (not in allowlist / oversize)
nvkvm: DENY ctrl cmd 0xa06f0111 (not in allowlist / oversize)
nvkvm: DENY ctrl cmd 0xa06f0111 (not in allowlist / oversize)
nvkvm: DENY ctrl cmd 0xa06f0111 (not in allowlist / oversize)
nvkvm: DENY ctrl cmd 0xa06f0111 (not in allowlist / oversize)
nvkvm: DENY ctrl cmd 0xa06f0111 (not in allowlist / oversize)
nvkvm: DENY ctrl cmd 0xa06f0111 (not in allowlist / oversize)
nvkvm: DENY ctrl cmd 0xa06f0111 (not in allowlist / oversize)
nvkvm: DENY ctrl cmd 0xa06f0111 (not in allowlist / oversize)
nvkvm: DENY ctrl cmd 0xa06f0111 (not in allowlist / oversize)
nvkvm: DENY ctrl cmd 0xa06f0111 (not in allowlist / oversize)
nvkvm: DENY ctrl cmd 0xa06f0111 (not in allowlist / oversize)
nvkvm: DENY ctrl cmd 0xa06f0111 (not in allowlist / oversize)
nvkvm: DENY ctrl cmd 0xa06f0111 (not in allowlist / oversize)
nvkvm: DENY ctrl cmd 0xa06f0111 (not in allowlist / oversize)
nvkvm: DENY ctrl cmd 0xa06f0111 (not in allowlist / oversize)
nvkvm: DENY ctrl cmd 0xa06f0111 (not in allowlist / oversize)
nvkvm: DENY ctrl cmd 0xa06f0111 (not in allowlist / oversize)
nvkvm: DENY ctrl cmd 0xa06f0111 (not in allowlist / oversize)
nvkvm: DENY ctrl cmd 0xa06f0111 (not in allowlist / oversize)
nvkvm: DENY ctrl cmd 0xa06f0111 (not in allowlist / oversize)
nvkvm: DENY ctrl cmd 0xa06f0111 (not in allowlist / oversize)
nvkvm: DENY ctrl cmd 0xa06f0111 (not in allowlist / oversize)
nvkvm: DENY ctrl cmd 0xa06f0111 (not in allowlist / oversize)
nvkvm: DENY ctrl cmd 0xa06f0111 (not in allowlist / oversize)
nvkvm: DENY ctrl cmd 0xa06f0111 (not in allowlist / oversize)
nvkvm: DENY ctrl cmd 0xa06f0111 (not in allowlist / oversize)
nvkvm: DENY ctrl cmd 0xa06f0111 (not in allowlist / oversize)
nvkvm: DENY ctrl cmd 0xa06f0111 (not in allowlist / oversize)
nvkvm: DENY ctrl cmd 0xa06f0111 (not in allowlist / oversize)
nvkvm: DENY ctrl cmd 0xa06f0111 (not in allowlist / oversize)
nvkvm: DENY ctrl cmd 0xa06f0111 (not in allowlist / oversize)
nvkvm: DENY ctrl cmd 0xa06f0111 (not in allowlist / oversize)
nvkvm: DENY ctrl cmd 0xa06f0111 (not in allowlist / oversize)
nvkvm: DENY ctrl cmd 0xa06f0111 (not in allowlist / oversize)
nvkvm: DENY ctrl cmd 0xa06f0111 (not in allowlist / oversize)
nvkvm: DENY ctrl cmd 0xa06f0111 (not in allowlist / oversize)
nvkvm: DENY ctrl cmd 0xa06f0111 (not in allowlist / oversize)
nvkvm: DENY ctrl cmd 0xa06f0111 (not in allowlist / oversize)
nvkvm: DENY ctrl cmd 0xa06f0111 (not in allowlist / oversize)
nvkvm: DENY ctrl cmd 0xa06f0111 (not in allowlist / oversize)
nvkvm: DENY ctrl cmd 0xa06f0111 (not in allowlist / oversize)
nvkvm: DENY ctrl cmd 0xa06f0111 (not in allowlist / oversize)
nvkvm: DENY ctrl cmd 0xa06f0111 (not in allowlist / oversize)
nvkvm: DENY ctrl cmd 0xa06f0111 (not in allowlist / oversize)
nvkvm: DENY ctrl cmd 0xa06f0111 (not in allowlist / oversize)
nvkvm: DENY ctrl cmd 0xa06f0111 (not in allowlist / oversize)
nvkvm: DENY ctrl cmd 0xa06f0111 (not in allowlist / oversize)
nvkvm: DENY ctrl cmd 0xa06f0111 (not in allowlist / oversize)
nvkvm disp stats: 59.0 frames/s dropped=0 failed=0 present_mean=0.64ms (total consumed=4432 dropped=0 failed=1)
nvkvm: DENY ctrl cmd 0xa06f0111 (not in allowlist / oversize)
nvkvm: DENY ctrl cmd 0xa06f0111 (not in allowlist / oversize)
nvkvm: DENY ctrl cmd 0xa06f0111 (not in allowlist / oversize)
nvkvm: DENY ctrl cmd 0xa06f0111 (not in allowlist / oversize)
nvkvm: DENY ctrl cmd 0xa06f0111 (not in allowlist / oversize)
nvkvm: DENY ctrl cmd 0xa06f0111 (not in allowlist / oversize)
nvkvm: DENY ctrl cmd 0xa06f0111 (not in allowlist / oversize)
nvkvm: DENY ctrl cmd 0xa06f0111 (not in allowlist / oversize)
nvkvm: DENY ctrl cmd 0xa06f0111 (not in allowlist / oversize)
nvkvm: DENY ctrl cmd 0xa06f0111 (not in allowlist / oversize)
nvkvm: DENY ctrl cmd 0xa06f0111 (not in allowlist / oversize)
nvkvm: DENY ctrl cmd 0xa06f0111 (not in allowlist / oversize)
nvkvm: DENY ctrl cmd 0xa06f0111 (not in allowlist / oversize)
nvkvm: DENY ctrl cmd 0xa06f0111 (not in allowlist / oversize)
nvkvm: DENY ctrl cmd 0xa06f0111 (not in allowlist / oversize)
nvkvm: DENY ctrl cmd 0xa06f0111 (not in allowlist / oversize)
nvkvm: DENY ctrl cmd 0xa06f0111 (not in allowlist / oversize)
nvkvm: DENY ctrl cmd 0xa06f0111 (not in allowlist / oversize)
nvkvm: DENY ctrl cmd 0xa06f0111 (not in allowlist / oversize)
nvkvm: DENY ctrl cmd 0xa06f0111 (not in allowlist / oversize)
nvkvm: DENY ctrl cmd 0xa06f0111 (not in allowlist / oversize)
nvkvm: DENY ctrl cmd 0xa06f0111 (not in allowlist / oversize)
nvkvm: DENY ctrl cmd 0xa06f0111 (not in allowlist / oversize)
nvkvm: DENY ctrl cmd 0xa06f0111 (not in allowlist / oversize)
nvkvm: DENY ctrl cmd 0xa06f0111 (not in allowlist / oversize)
nvkvm: DENY ctrl cmd 0xa06f0111 (not in allowlist / oversize)
nvkvm: DENY ctrl cmd 0xa06f0111 (not in allowlist / oversize)
nvkvm: DENY ctrl cmd 0xa06f0111 (not in allowlist / oversize)
nvkvm: DENY ctrl cmd 0xa06f0111 (not in allowlist / oversize)
nvkvm: DENY ctrl cmd 0xa06f0111 (not in allowlist / oversize)
nvkvm: DENY ctrl cmd 0xa06f0111 (not in allowlist / oversize)
nvkvm: DENY ctrl cmd 0xa06f0111 (not in allowlist / oversize)
nvkvm: DENY ctrl cmd 0xa06f0111 (not in allowlist / oversize)
nvkvm: DENY ctrl cmd 0xa06f0111 (not in allowlist / oversize)
nvkvm: DENY ctrl cmd 0xa06f0111 (not in allowlist / oversize)
nvkvm: DENY ctrl cmd 0xa06f0111 (not in allowlist / oversize)
nvkvm: DENY ctrl cmd 0xa06f0111 (not in allowlist / oversize)
nvkvm: DENY ctrl cmd 0xa06f0111 (not in allowlist / oversize)
nvkvm: DENY ctrl cmd 0xa06f0111 (not in allowlist / oversize)
nvkvm: DENY ctrl cmd 0xa06f0111 (not in allowlist / oversize)
nvkvm: DENY ctrl cmd 0xa06f0111 (not in allowlist / oversize)
nvkvm: DENY ctrl cmd 0xa06f0111 (not in allowlist / oversize)
nvkvm: DENY ctrl cmd 0xa06f0111 (not in allowlist / oversize)
nvkvm: DENY ctrl cmd 0xa06f0111 (not in allowlist / oversize)
nvkvm: DENY ctrl cmd 0xa06f0111 (not in allowlist / oversize)
nvkvm: DENY ctrl cmd 0xa06f0111 (not in allowlist / oversize)
nvkvm: DENY ctrl cmd 0xa06f0111 (not in allowlist / oversize)
nvkvm: DENY ctrl cmd 0xa06f0111 (not in allowlist / oversize)
nvkvm: DENY ctrl cmd 0xa06f0111 (not in allowlist / oversize)
nvkvm: DENY ctrl cmd 0xa06f0111 (not in allowlist / oversize)
nvkvm: DENY ctrl cmd 0xa06f0111 (not in allowlist / oversize)
nvkvm: DENY ctrl cmd 0xa06f0111 (not in allowlist / oversize)
nvkvm: DENY ctrl cmd 0xa06f0111 (not in allowlist / oversize)
nvkvm: DENY ctrl cmd 0xa06f0111 (not in allowlist / oversize)
nvkvm: DENY ctrl cmd 0xa06f0111 (not in allowlist / oversize)
nvkvm: DENY ctrl cmd 0xa06f0111 (not in allowlist / oversize)
nvkvm: DENY ctrl cmd 0xa06f0111 (not in allowlist / oversize)
nvkvm: DENY ctrl cmd 0xa06f0111 (not in allowlist / oversize)
nvkvm: DENY ctrl cmd 0xa06f0111 (not in allowlist / oversize)
nvkvm: DENY ctrl cmd 0xa06f0111 (not in allowlist / oversize)
nvkvm disp stats: 59.1 frames/s dropped=0 failed=0 present_mean=0.56ms (total consumed=4492 dropped=0 failed=1)
nvkvm: DENY ctrl cmd 0xa06f0111 (not in allowlist / oversize)
nvkvm: DENY ctrl cmd 0xa06f0111 (not in allowlist / oversize)
nvkvm: DENY ctrl cmd 0xa06f0111 (not in allowlist / oversize)
nvkvm: DENY ctrl cmd 0xa06f0111 (not in allowlist / oversize)
nvkvm: DENY ctrl cmd 0xa06f0111 (not in allowlist / oversize)
nvkvm: DENY ctrl cmd 0xa06f0111 (not in allowlist / oversize)
nvkvm: DENY ctrl cmd 0xa06f0111 (not in allowlist / oversize)
nvkvm: DENY ctrl cmd 0xa06f0111 (not in allowlist / oversize)
nvkvm: DENY ctrl cmd 0xa06f0111 (not in allowlist / oversize)
nvkvm: DENY ctrl cmd 0xa06f0111 (not in allowlist / oversize)
nvkvm: DENY ctrl cmd 0xa06f0111 (not in allowlist / oversize)
nvkvm: DENY ctrl cmd 0xa06f0111 (not in allowlist / oversize)
nvkvm: DENY ctrl cmd 0xa06f0111 (not in allowlist / oversize)
nvkvm: DENY ctrl cmd 0xa06f0111 (not in allowlist / oversize)
nvkvm: DENY ctrl cmd 0xa06f0111 (not in allowlist / oversize)
nvkvm: DENY ctrl cmd 0xa06f0111 (not in allowlist / oversize)
nvkvm: DENY ctrl cmd 0xa06f0111 (not in allowlist / oversize)
nvkvm: DENY ctrl cmd 0xa06f0111 (not in allowlist / oversize)
nvkvm: DENY ctrl cmd 0xa06f0111 (not in allowlist / oversize)
nvkvm: DENY ctrl cmd 0xa06f0111 (not in allowlist / oversize)
nvkvm: DENY ctrl cmd 0xa06f0111 (not in allowlist / oversize)
nvkvm: DENY ctrl cmd 0xa06f0111 (not in allowlist / oversize)
nvkvm: DENY ctrl cmd 0xa06f0111 (not in allowlist / oversize)
nvkvm: DENY ctrl cmd 0xa06f0111 (not in allowlist / oversize)
nvkvm: DENY ctrl cmd 0xa06f0111 (not in allowlist / oversize)
nvkvm: DENY ctrl cmd 0xa06f0111 (not in allowlist / oversize)
nvkvm: DENY ctrl cmd 0xa06f0111 (not in allowlist / oversize)
nvkvm: DENY ctrl cmd 0xa06f0111 (not in allowlist / oversize)
nvkvm: DENY ctrl cmd 0xa06f0111 (not in allowlist / oversize)
nvkvm: DENY ctrl cmd 0xa06f0111 (not in allowlist / oversize)
nvkvm: DENY ctrl cmd 0xa06f0111 (not in allowlist / oversize)
nvkvm: DENY ctrl cmd 0xa06f0111 (not in allowlist / oversize)
nvkvm: DENY ctrl cmd 0xa06f0111 (not in allowlist / oversize)
nvkvm: DENY ctrl cmd 0xa06f0111 (not in allowlist / oversize)
nvkvm: DENY ctrl cmd 0xa06f0111 (not in allowlist / oversize)
nvkvm: DENY ctrl cmd 0xa06f0111 (not in allowlist / oversize)
nvkvm: DENY ctrl cmd 0xa06f0111 (not in allowlist / oversize)
nvkvm: DENY ctrl cmd 0xa06f0111 (not in allowlist / oversize)
nvkvm: DENY ctrl cmd 0xa06f0111 (not in allowlist / oversize)
nvkvm: DENY ctrl cmd 0xa06f0111 (not in allowlist / oversize)
nvkvm: DENY ctrl cmd 0xa06f0111 (not in allowlist / oversize)
nvkvm: DENY ctrl cmd 0xa06f0111 (not in allowlist / oversize)
nvkvm: DENY ctrl cmd 0xa06f0111 (not in allowlist / oversize)
nvkvm: DENY ctrl cmd 0xa06f0111 (not in allowlist / oversize)
nvkvm: DENY ctrl cmd 0xa06f0111 (not in allowlist / oversize)
nvkvm: DENY ctrl cmd 0xa06f0111 (not in allowlist / oversize)
nvkvm: DENY ctrl cmd 0xa06f0111 (not in allowlist / oversize)
nvkvm: DENY ctrl cmd 0xa06f0111 (not in allowlist / oversize)
nvkvm: DENY ctrl cmd 0xa06f0111 (not in allowlist / oversize)
nvkvm: DENY ctrl cmd 0xa06f0111 (not in allowlist / oversize)
nvkvm: DENY ctrl cmd 0xa06f0111 (not in allowlist / oversize)
nvkvm: DENY ctrl cmd 0xa06f0111 (not in allowlist / oversize)
nvkvm: DENY ctrl cmd 0xa06f0111 (not in allowlist / oversize)
nvkvm: DENY ctrl cmd 0xa06f0111 (not in allowlist / oversize)
nvkvm: DENY ctrl cmd 0xa06f0111 (not in allowlist / oversize)
nvkvm: DENY ctrl cmd 0xa06f0111 (not in allowlist / oversize)
nvkvm: DENY ctrl cmd 0xa06f0111 (not in allowlist / oversize)
nvkvm: DENY ctrl cmd 0xa06f0111 (not in allowlist / oversize)
nvkvm: DENY ctrl cmd 0xa06f0111 (not in allowlist / oversize)
nvkvm: DENY ctrl cmd 0xa06f0111 (not in allowlist / oversize)
nvkvm disp stats: 59.9 frames/s dropped=0 failed=0 present_mean=0.58ms (total consumed=4552 dropped=0 failed=1)
nvkvm: DENY ctrl cmd 0xa06f0111 (not in allowlist / oversize)
nvkvm: DENY ctrl cmd 0xa06f0111 (not in allowlist / oversize)
nvkvm: DENY ctrl cmd 0xa06f0111 (not in allowlist / oversize)
nvkvm: DENY ctrl cmd 0xa06f0111 (not in allowlist / oversize)
nvkvm: DENY ctrl cmd 0xa06f0111 (not in allowlist / oversize)
nvkvm: DENY ctrl cmd 0xa06f0111 (not in allowlist / oversize)
nvkvm: DENY ctrl cmd 0xa06f0111 (not in allowlist / oversize)
nvkvm: DENY ctrl cmd 0xa06f0111 (not in allowlist / oversize)
nvkvm: DENY ctrl cmd 0xa06f0111 (not in allowlist / oversize)
nvkvm: DENY ctrl cmd 0xa06f0111 (not in allowlist / oversize)
nvkvm: DENY ctrl cmd 0xa06f0111 (not in allowlist / oversize)
nvkvm: DENY ctrl cmd 0xa06f0111 (not in allowlist / oversize)
nvkvm: DENY ctrl cmd 0xa06f0111 (not in allowlist / oversize)
nvkvm: DENY ctrl cmd 0xa06f0111 (not in allowlist / oversize)
nvkvm: DENY ctrl cmd 0xa06f0111 (not in allowlist / oversize)
nvkvm: DENY ctrl cmd 0xa06f0111 (not in allowlist / oversize)
nvkvm: DENY ctrl cmd 0xa06f0111 (not in allowlist / oversize)
nvkvm: DENY ctrl cmd 0xa06f0111 (not in allowlist / oversize)
nvkvm: DENY ctrl cmd 0xa06f0111 (not in allowlist / oversize)
nvkvm: DENY ctrl cmd 0xa06f0111 (not in allowlist / oversize)
nvkvm: DENY ctrl cmd 0xa06f0111 (not in allowlist / oversize)
nvkvm: DENY ctrl cmd 0xa06f0111 (not in allowlist / oversize)
nvkvm: DENY ctrl cmd 0xa06f0111 (not in allowlist / oversize)
nvkvm: DENY ctrl cmd 0xa06f0111 (not in allowlist / oversize)
nvkvm: DENY ctrl cmd 0xa06f0111 (not in allowlist / oversize)
nvkvm: DENY ctrl cmd 0xa06f0111 (not in allowlist / oversize)
nvkvm: DENY ctrl cmd 0xa06f0111 (not in allowlist / oversize)
nvkvm: DENY ctrl cmd 0xa06f0111 (not in allowlist / oversize)
nvkvm: DENY ctrl cmd 0xa06f0111 (not in allowlist / oversize)
nvkvm: DENY ctrl cmd 0xa06f0111 (not in allowlist / oversize)
nvkvm: DENY ctrl cmd 0xa06f0111 (not in allowlist / oversize)
nvkvm: DENY ctrl cmd 0xa06f0111 (not in allowlist / oversize)
nvkvm: DENY ctrl cmd 0xa06f0111 (not in allowlist / oversize)
nvkvm: DENY ctrl cmd 0xa06f0111 (not in allowlist / oversize)
nvkvm: DENY ctrl cmd 0xa06f0111 (not in allowlist / oversize)
nvkvm: DENY ctrl cmd 0xa06f0111 (not in allowlist / oversize)
nvkvm: DENY ctrl cmd 0xa06f0111 (not in allowlist / oversize)
nvkvm: DENY ctrl cmd 0xa06f0111 (not in allowlist / oversize)
nvkvm: DENY ctrl cmd 0xa06f0111 (not in allowlist / oversize)
nvkvm: DENY ctrl cmd 0xa06f0111 (not in allowlist / oversize)
nvkvm: DENY ctrl cmd 0xa06f0111 (not in allowlist / oversize)
nvkvm: DENY ctrl cmd 0xa06f0111 (not in allowlist / oversize)
nvkvm: DENY ctrl cmd 0xa06f0111 (not in allowlist / oversize)
nvkvm: DENY ctrl cmd 0xa06f0111 (not in allowlist / oversize)
nvkvm: DENY ctrl cmd 0xa06f0111 (not in allowlist / oversize)
nvkvm: DENY ctrl cmd 0xa06f0111 (not in allowlist / oversize)
nvkvm: DENY ctrl cmd 0xa06f0111 (not in allowlist / oversize)
nvkvm: DENY ctrl cmd 0xa06f0111 (not in allowlist / oversize)
nvkvm: DENY ctrl cmd 0xa06f0111 (not in allowlist / oversize)
nvkvm: DENY ctrl cmd 0xa06f0111 (not in allowlist / oversize)
nvkvm: DENY ctrl cmd 0xa06f0111 (not in allowlist / oversize)
nvkvm: DENY ctrl cmd 0xa06f0111 (not in allowlist / oversize)
nvkvm: DENY ctrl cmd 0xa06f0111 (not in allowlist / oversize)
nvkvm: DENY ctrl cmd 0xa06f0111 (not in allowlist / oversize)
nvkvm: DENY ctrl cmd 0xa06f0111 (not in allowlist / oversize)
nvkvm: DENY ctrl cmd 0xa06f0111 (not in allowlist / oversize)
nvkvm: DENY ctrl cmd 0xa06f0111 (not in allowlist / oversize)
nvkvm: DENY ctrl cmd 0xa06f0111 (not in allowlist / oversize)
nvkvm: DENY ctrl cmd 0xa06f0111 (not in allowlist / oversize)
nvkvm: DENY ctrl cmd 0xa06f0111 (not in allowlist / oversize)
nvkvm disp stats: 59.0 frames/s dropped=0 failed=0 present_mean=0.64ms (total consumed=4612 dropped=0 failed=1)
nvkvm: DENY ctrl cmd 0xa06f0111 (not in allowlist / oversize)
nvkvm: DENY ctrl cmd 0xa06f0111 (not in allowlist / oversize)
nvkvm: DENY ctrl cmd 0xa06f0111 (not in allowlist / oversize)
nvkvm: DENY ctrl cmd 0xa06f0111 (not in allowlist / oversize)
nvkvm: DENY ctrl cmd 0xa06f0111 (not in allowlist / oversize)
nvkvm: DENY ctrl cmd 0xa06f0111 (not in allowlist / oversize)
nvkvm: DENY ctrl cmd 0xa06f0111 (not in allowlist / oversize)
nvkvm: DENY ctrl cmd 0xa06f0111 (not in allowlist / oversize)
nvkvm: DENY ctrl cmd 0xa06f0111 (not in allowlist / oversize)
nvkvm: DENY ctrl cmd 0xa06f0111 (not in allowlist / oversize)
nvkvm: DENY ctrl cmd 0xa06f0111 (not in allowlist / oversize)
nvkvm: DENY ctrl cmd 0xa06f0111 (not in allowlist / oversize)
nvkvm: DENY ctrl cmd 0xa06f0111 (not in allowlist / oversize)
nvkvm: DENY ctrl cmd 0xa06f0111 (not in allowlist / oversize)
nvkvm: DENY ctrl cmd 0xa06f0111 (not in allowlist / oversize)
nvkvm: DENY ctrl cmd 0xa06f0111 (not in allowlist / oversize)
nvkvm: DENY ctrl cmd 0xa06f0111 (not in allowlist / oversize)
nvkvm: DENY ctrl cmd 0xa06f0111 (not in allowlist / oversize)
nvkvm: DENY ctrl cmd 0xa06f0111 (not in allowlist / oversize)
nvkvm: DENY ctrl cmd 0xa06f0111 (not in allowlist / oversize)
nvkvm: DENY ctrl cmd 0xa06f0111 (not in allowlist / oversize)
nvkvm: DENY ctrl cmd 0xa06f0111 (not in allowlist / oversize)
nvkvm: DENY ctrl cmd 0xa06f0111 (not in allowlist / oversize)
nvkvm: DENY ctrl cmd 0xa06f0111 (not in allowlist / oversize)
nvkvm: DENY ctrl cmd 0xa06f0111 (not in allowlist / oversize)
nvkvm: DENY ctrl cmd 0xa06f0111 (not in allowlist / oversize)
nvkvm: DENY ctrl cmd 0xa06f0111 (not in allowlist / oversize)
nvkvm: DENY ctrl cmd 0xa06f0111 (not in allowlist / oversize)
nvkvm: DENY ctrl cmd 0xa06f0111 (not in allowlist / oversize)
nvkvm: DENY ctrl cmd 0xa06f0111 (not in allowlist / oversize)
nvkvm: DENY ctrl cmd 0xa06f0111 (not in allowlist / oversize)
nvkvm: DENY ctrl cmd 0xa06f0111 (not in allowlist / oversize)
nvkvm: DENY ctrl cmd 0xa06f0111 (not in allowlist / oversize)
nvkvm: DENY ctrl cmd 0xa06f0111 (not in allowlist / oversize)
nvkvm: DENY ctrl cmd 0xa06f0111 (not in allowlist / oversize)
nvkvm: DENY ctrl cmd 0xa06f0111 (not in allowlist / oversize)
nvkvm: DENY ctrl cmd 0xa06f0111 (not in allowlist / oversize)
nvkvm: DENY ctrl cmd 0xa06f0111 (not in allowlist / oversize)
nvkvm: DENY ctrl cmd 0xa06f0111 (not in allowlist / oversize)
nvkvm: DENY ctrl cmd 0xa06f0111 (not in allowlist / oversize)
nvkvm: DENY ctrl cmd 0xa06f0111 (not in allowlist / oversize)
nvkvm: DENY ctrl cmd 0xa06f0111 (not in allowlist / oversize)
nvkvm: DENY ctrl cmd 0xa06f0111 (not in allowlist / oversize)
nvkvm: DENY ctrl cmd 0xa06f0111 (not in allowlist / oversize)
nvkvm: DENY ctrl cmd 0xa06f0111 (not in allowlist / oversize)
nvkvm: DENY ctrl cmd 0xa06f0111 (not in allowlist / oversize)
nvkvm: DENY ctrl cmd 0xa06f0111 (not in allowlist / oversize)
nvkvm: DENY ctrl cmd 0xa06f0111 (not in allowlist / oversize)
nvkvm: DENY ctrl cmd 0xa06f0111 (not in allowlist / oversize)
nvkvm: DENY ctrl cmd 0xa06f0111 (not in allowlist / oversize)
nvkvm: DENY ctrl cmd 0xa06f0111 (not in allowlist / oversize)
nvkvm: DENY ctrl cmd 0xa06f0111 (not in allowlist / oversize)
nvkvm: DENY ctrl cmd 0xa06f0111 (not in allowlist / oversize)
nvkvm: DENY ctrl cmd 0xa06f0111 (not in allowlist / oversize)
nvkvm: DENY ctrl cmd 0xa06f0111 (not in allowlist / oversize)
nvkvm: DENY ctrl cmd 0xa06f0111 (not in allowlist / oversize)
nvkvm: DENY ctrl cmd 0xa06f0111 (not in allowlist / oversize)
nvkvm: DENY ctrl cmd 0xa06f0111 (not in allowlist / oversize)
nvkvm: DENY ctrl cmd 0xa06f0111 (not in allowlist / oversize)
nvkvm: DENY ctrl cmd 0xa06f0111 (not in allowlist / oversize)
nvkvm: DENY ctrl cmd 0xa06f0111 (not in allowlist / oversize)
nvkvm disp stats: 60.1 frames/s dropped=0 failed=0 present_mean=0.54ms (total consumed=4673 dropped=0 failed=1)
nvkvm: DENY ctrl cmd 0xa06f0111 (not in allowlist / oversize)
nvkvm: DENY ctrl cmd 0xa06f0111 (not in allowlist / oversize)
nvkvm: DENY ctrl cmd 0xa06f0111 (not in allowlist / oversize)
nvkvm: DENY ctrl cmd 0xa06f0111 (not in allowlist / oversize)
nvkvm: DENY ctrl cmd 0xa06f0111 (not in allowlist / oversize)
nvkvm: DENY ctrl cmd 0xa06f0111 (not in allowlist / oversize)
nvkvm: DENY ctrl cmd 0xa06f0111 (not in allowlist / oversize)
nvkvm: DENY ctrl cmd 0xa06f0111 (not in allowlist / oversize)
nvkvm: DENY ctrl cmd 0xa06f0111 (not in allowlist / oversize)
nvkvm: DENY ctrl cmd 0xa06f0111 (not in allowlist / oversize)
nvkvm: DENY ctrl cmd 0xa06f0111 (not in allowlist / oversize)
nvkvm: DENY ctrl cmd 0xa06f0111 (not in allowlist / oversize)
nvkvm: DENY ctrl cmd 0xa06f0111 (not in allowlist / oversize)
nvkvm: DENY ctrl cmd 0xa06f0111 (not in allowlist / oversize)
nvkvm: DENY ctrl cmd 0xa06f0111 (not in allowlist / oversize)
nvkvm: DENY ctrl cmd 0xa06f0111 (not in allowlist / oversize)
nvkvm: DENY ctrl cmd 0xa06f0111 (not in allowlist / oversize)
nvkvm: DENY ctrl cmd 0xa06f0111 (not in allowlist / oversize)
nvkvm: DENY ctrl cmd 0xa06f0111 (not in allowlist / oversize)
nvkvm: DENY ctrl cmd 0xa06f0111 (not in allowlist / oversize)
nvkvm: DENY ctrl cmd 0xa06f0111 (not in allowlist / oversize)
nvkvm: DENY ctrl cmd 0xa06f0111 (not in allowlist / oversize)
nvkvm: DENY ctrl cmd 0xa06f0111 (not in allowlist / oversize)
nvkvm: DENY ctrl cmd 0xa06f0111 (not in allowlist / oversize)
nvkvm: DENY ctrl cmd 0xa06f0111 (not in allowlist / oversize)
nvkvm: DENY ctrl cmd 0xa06f0111 (not in allowlist / oversize)
nvkvm: DENY ctrl cmd 0xa06f0111 (not in allowlist / oversize)
nvkvm: DENY ctrl cmd 0xa06f0111 (not in allowlist / oversize)
nvkvm: DENY ctrl cmd 0xa06f0111 (not in allowlist / oversize)
nvkvm: DENY ctrl cmd 0xa06f0111 (not in allowlist / oversize)
nvkvm: DENY ctrl cmd 0xa06f0111 (not in allowlist / oversize)
nvkvm: DENY ctrl cmd 0xa06f0111 (not in allowlist / oversize)
nvkvm: DENY ctrl cmd 0xa06f0111 (not in allowlist / oversize)
nvkvm: DENY ctrl cmd 0xa06f0111 (not in allowlist / oversize)
nvkvm: DENY ctrl cmd 0xa06f0111 (not in allowlist / oversize)
nvkvm: DENY ctrl cmd 0xa06f0111 (not in allowlist / oversize)
nvkvm: DENY ctrl cmd 0xa06f0111 (not in allowlist / oversize)
nvkvm: DENY ctrl cmd 0xa06f0111 (not in allowlist / oversize)
nvkvm: DENY ctrl cmd 0xa06f0111 (not in allowlist / oversize)
nvkvm: DENY ctrl cmd 0xa06f0111 (not in allowlist / oversize)
nvkvm: DENY ctrl cmd 0xa06f0111 (not in allowlist / oversize)
nvkvm: DENY ctrl cmd 0xa06f0111 (not in allowlist / oversize)
nvkvm: DENY ctrl cmd 0xa06f0111 (not in allowlist / oversize)
nvkvm: DENY ctrl cmd 0xa06f0111 (not in allowlist / oversize)
nvkvm: DENY ctrl cmd 0xa06f0111 (not in allowlist / oversize)
nvkvm: DENY ctrl cmd 0xa06f0111 (not in allowlist / oversize)
nvkvm: DENY ctrl cmd 0xa06f0111 (not in allowlist / oversize)
nvkvm: DENY ctrl cmd 0xa06f0111 (not in allowlist / oversize)
nvkvm: DENY ctrl cmd 0xa06f0111 (not in allowlist / oversize)
nvkvm: DENY ctrl cmd 0xa06f0111 (not in allowlist / oversize)
nvkvm: DENY ctrl cmd 0xa06f0111 (not in allowlist / oversize)
nvkvm: DENY ctrl cmd 0xa06f0111 (not in allowlist / oversize)
nvkvm: DENY ctrl cmd 0xa06f0111 (not in allowlist / oversize)
nvkvm: DENY ctrl cmd 0xa06f0111 (not in allowlist / oversize)
nvkvm: DENY ctrl cmd 0xa06f0111 (not in allowlist / oversize)
nvkvm: DENY ctrl cmd 0xa06f0111 (not in allowlist / oversize)
nvkvm: DENY ctrl cmd 0xa06f0111 (not in allowlist / oversize)
nvkvm: DENY ctrl cmd 0xa06f0111 (not in allowlist / oversize)
nvkvm: DENY ctrl cmd 0xa06f0111 (not in allowlist / oversize)
nvkvm: DENY ctrl cmd 0xa06f0111 (not in allowlist / oversize)
nvkvm disp stats: 59.8 frames/s dropped=0 failed=0 present_mean=0.61ms (total consumed=4733 dropped=0 failed=1)
nvkvm: DENY ctrl cmd 0xa06f0111 (not in allowlist / oversize)
nvkvm: DENY ctrl cmd 0xa06f0111 (not in allowlist / oversize)
nvkvm: DENY ctrl cmd 0xa06f0111 (not in allowlist / oversize)
nvkvm: DENY ctrl cmd 0xa06f0111 (not in allowlist / oversize)
nvkvm: DENY ctrl cmd 0xa06f0111 (not in allowlist / oversize)
nvkvm: DENY ctrl cmd 0xa06f0111 (not in allowlist / oversize)
nvkvm: DENY ctrl cmd 0xa06f0111 (not in allowlist / oversize)
nvkvm: DENY ctrl cmd 0xa06f0111 (not in allowlist / oversize)
nvkvm: DENY ctrl cmd 0xa06f0111 (not in allowlist / oversize)
nvkvm: DENY ctrl cmd 0xa06f0111 (not in allowlist / oversize)
nvkvm: DENY ctrl cmd 0xa06f0111 (not in allowlist / oversize)
nvkvm: DENY ctrl cmd 0xa06f0111 (not in allowlist / oversize)
nvkvm: DENY ctrl cmd 0xa06f0111 (not in allowlist / oversize)
nvkvm: DENY ctrl cmd 0xa06f0111 (not in allowlist / oversize)
nvkvm: DENY ctrl cmd 0xa06f0111 (not in allowlist / oversize)
nvkvm: DENY ctrl cmd 0xa06f0111 (not in allowlist / oversize)
nvkvm: DENY ctrl cmd 0xa06f0111 (not in allowlist / oversize)
nvkvm: DENY ctrl cmd 0xa06f0111 (not in allowlist / oversize)
nvkvm: DENY ctrl cmd 0xa06f0111 (not in allowlist / oversize)
nvkvm: DENY ctrl cmd 0xa06f0111 (not in allowlist / oversize)
nvkvm: DENY ctrl cmd 0xa06f0111 (not in allowlist / oversize)
nvkvm: DENY ctrl cmd 0xa06f0111 (not in allowlist / oversize)
nvkvm: DENY ctrl cmd 0xa06f0111 (not in allowlist / oversize)
nvkvm: DENY ctrl cmd 0xa06f0111 (not in allowlist / oversize)
nvkvm: DENY ctrl cmd 0xa06f0111 (not in allowlist / oversize)
nvkvm: DENY ctrl cmd 0xa06f0111 (not in allowlist / oversize)
nvkvm: DENY ctrl cmd 0xa06f0111 (not in allowlist / oversize)
nvkvm: DENY ctrl cmd 0xa06f0111 (not in allowlist / oversize)
nvkvm: DENY ctrl cmd 0xa06f0111 (not in allowlist / oversize)
nvkvm: DENY ctrl cmd 0xa06f0111 (not in allowlist / oversize)
nvkvm: DENY ctrl cmd 0xa06f0111 (not in allowlist / oversize)
nvkvm: DENY ctrl cmd 0xa06f0111 (not in allowlist / oversize)
nvkvm: DENY ctrl cmd 0xa06f0111 (not in allowlist / oversize)
nvkvm: DENY ctrl cmd 0xa06f0111 (not in allowlist / oversize)
nvkvm: DENY ctrl cmd 0xa06f0111 (not in allowlist / oversize)
nvkvm: DENY ctrl cmd 0xa06f0111 (not in allowlist / oversize)
nvkvm: DENY ctrl cmd 0xa06f0111 (not in allowlist / oversize)
nvkvm: DENY ctrl cmd 0xa06f0111 (not in allowlist / oversize)
nvkvm: DENY ctrl cmd 0xa06f0111 (not in allowlist / oversize)
nvkvm: DENY ctrl cmd 0xa06f0111 (not in allowlist / oversize)
nvkvm: DENY ctrl cmd 0xa06f0111 (not in allowlist / oversize)
nvkvm: DENY ctrl cmd 0xa06f0111 (not in allowlist / oversize)
nvkvm: DENY ctrl cmd 0xa06f0111 (not in allowlist / oversize)
nvkvm: DENY ctrl cmd 0xa06f0111 (not in allowlist / oversize)
nvkvm: DENY ctrl cmd 0xa06f0111 (not in allowlist / oversize)
nvkvm: DENY ctrl cmd 0xa06f0111 (not in allowlist / oversize)
nvkvm: DENY ctrl cmd 0xa06f0111 (not in allowlist / oversize)
nvkvm: DENY ctrl cmd 0xa06f0111 (not in allowlist / oversize)
nvkvm: DENY ctrl cmd 0xa06f0111 (not in allowlist / oversize)
nvkvm: DENY ctrl cmd 0xa06f0111 (not in allowlist / oversize)
nvkvm: DENY ctrl cmd 0xa06f0111 (not in allowlist / oversize)
nvkvm: DENY ctrl cmd 0xa06f0111 (not in allowlist / oversize)
nvkvm: DENY ctrl cmd 0xa06f0111 (not in allowlist / oversize)
nvkvm: DENY ctrl cmd 0xa06f0111 (not in allowlist / oversize)
nvkvm: DENY ctrl cmd 0xa06f0111 (not in allowlist / oversize)
nvkvm: DENY ctrl cmd 0xa06f0111 (not in allowlist / oversize)
nvkvm: DENY ctrl cmd 0xa06f0111 (not in allowlist / oversize)
nvkvm: DENY ctrl cmd 0xa06f0111 (not in allowlist / oversize)
nvkvm disp stats: 57.9 frames/s dropped=0 failed=0 present_mean=0.66ms (total consumed=4791 dropped=0 failed=1)
nvkvm: DENY ctrl cmd 0xa06f0111 (not in allowlist / oversize)
nvkvm: DENY ctrl cmd 0xa06f0111 (not in allowlist / oversize)
nvkvm: DENY ctrl cmd 0xa06f0111 (not in allowlist / oversize)
nvkvm: DENY ctrl cmd 0xa06f0111 (not in allowlist / oversize)
nvkvm: DENY ctrl cmd 0xa06f0111 (not in allowlist / oversize)
nvkvm: DENY ctrl cmd 0xa06f0111 (not in allowlist / oversize)
nvkvm: DENY ctrl cmd 0xa06f0111 (not in allowlist / oversize)
nvkvm: DENY ctrl cmd 0xa06f0111 (not in allowlist / oversize)
nvkvm: DENY ctrl cmd 0xa06f0111 (not in allowlist / oversize)
nvkvm: DENY ctrl cmd 0xa06f0111 (not in allowlist / oversize)
nvkvm: DENY ctrl cmd 0xa06f0111 (not in allowlist / oversize)
nvkvm: DENY ctrl cmd 0xa06f0111 (not in allowlist / oversize)
nvkvm: DENY ctrl cmd 0xa06f0111 (not in allowlist / oversize)
nvkvm: DENY ctrl cmd 0xa06f0111 (not in allowlist / oversize)
nvkvm: DENY ctrl cmd 0xa06f0111 (not in allowlist / oversize)
nvkvm: DENY ctrl cmd 0xa06f0111 (not in allowlist / oversize)
nvkvm: DENY ctrl cmd 0xa06f0111 (not in allowlist / oversize)
nvkvm: DENY ctrl cmd 0xa06f0111 (not in allowlist / oversize)
nvkvm: DENY ctrl cmd 0xa06f0111 (not in allowlist / oversize)
nvkvm: DENY ctrl cmd 0xa06f0111 (not in allowlist / oversize)
nvkvm: DENY ctrl cmd 0xa06f0111 (not in allowlist / oversize)
nvkvm: DENY ctrl cmd 0xa06f0111 (not in allowlist / oversize)
nvkvm: DENY ctrl cmd 0xa06f0111 (not in allowlist / oversize)
nvkvm: DENY ctrl cmd 0xa06f0111 (not in allowlist / oversize)
nvkvm: DENY ctrl cmd 0xa06f0111 (not in allowlist / oversize)
nvkvm: DENY ctrl cmd 0xa06f0111 (not in allowlist / oversize)
nvkvm: DENY ctrl cmd 0xa06f0111 (not in allowlist / oversize)
nvkvm: DENY ctrl cmd 0xa06f0111 (not in allowlist / oversize)
nvkvm: DENY ctrl cmd 0xa06f0111 (not in allowlist / oversize)
nvkvm: DENY ctrl cmd 0xa06f0111 (not in allowlist / oversize)
nvkvm: DENY ctrl cmd 0xa06f0111 (not in allowlist / oversize)
nvkvm: DENY ctrl cmd 0xa06f0111 (not in allowlist / oversize)
nvkvm: DENY ctrl cmd 0xa06f0111 (not in allowlist / oversize)
nvkvm: DENY ctrl cmd 0xa06f0111 (not in allowlist / oversize)
nvkvm: DENY ctrl cmd 0xa06f0111 (not in allowlist / oversize)
nvkvm: DENY ctrl cmd 0xa06f0111 (not in allowlist / oversize)
nvkvm: DENY ctrl cmd 0xa06f0111 (not in allowlist / oversize)
nvkvm: DENY ctrl cmd 0xa06f0111 (not in allowlist / oversize)
nvkvm: DENY ctrl cmd 0xa06f0111 (not in allowlist / oversize)
nvkvm: DENY ctrl cmd 0xa06f0111 (not in allowlist / oversize)
nvkvm: DENY ctrl cmd 0xa06f0111 (not in allowlist / oversize)
nvkvm: DENY ctrl cmd 0xa06f0111 (not in allowlist / oversize)
nvkvm: DENY ctrl cmd 0xa06f0111 (not in allowlist / oversize)
nvkvm: DENY ctrl cmd 0xa06f0111 (not in allowlist / oversize)
nvkvm: DENY ctrl cmd 0xa06f0111 (not in allowlist / oversize)
nvkvm: DENY ctrl cmd 0xa06f0111 (not in allowlist / oversize)
nvkvm: DENY ctrl cmd 0xa06f0111 (not in allowlist / oversize)
nvkvm: DENY ctrl cmd 0xa06f0111 (not in allowlist / oversize)
nvkvm: DENY ctrl cmd 0xa06f0111 (not in allowlist / oversize)
nvkvm: DENY ctrl cmd 0xa06f0111 (not in allowlist / oversize)
nvkvm: DENY ctrl cmd 0xa06f0111 (not in allowlist / oversize)
nvkvm: DENY ctrl cmd 0xa06f0111 (not in allowlist / oversize)
nvkvm: DENY ctrl cmd 0xa06f0111 (not in allowlist / oversize)
nvkvm: DENY ctrl cmd 0xa06f0111 (not in allowlist / oversize)
nvkvm: DENY ctrl cmd 0xa06f0111 (not in allowlist / oversize)
nvkvm: DENY ctrl cmd 0xa06f0111 (not in allowlist / oversize)
nvkvm: DENY ctrl cmd 0xa06f0111 (not in allowlist / oversize)
nvkvm: DENY ctrl cmd 0xa06f0111 (not in allowlist / oversize)
nvkvm: DENY ctrl cmd 0xa06f0111 (not in allowlist / oversize)
nvkvm: DENY ctrl cmd 0xa06f0111 (not in allowlist / oversize)
nvkvm: DENY ctrl cmd 0xa06f0111 (not in allowlist / oversize)
nvkvm disp stats: 60.1 frames/s dropped=0 failed=0 present_mean=0.57ms (total consumed=4852 dropped=0 failed=1)
nvkvm: DENY ctrl cmd 0xa06f0111 (not in allowlist / oversize)
nvkvm: DENY ctrl cmd 0xa06f0111 (not in allowlist / oversize)
nvkvm: DENY ctrl cmd 0xa06f0111 (not in allowlist / oversize)
nvkvm: DENY ctrl cmd 0xa06f0111 (not in allowlist / oversize)
nvkvm: DENY ctrl cmd 0xa06f0111 (not in allowlist / oversize)
nvkvm: DENY ctrl cmd 0xa06f0111 (not in allowlist / oversize)
nvkvm: DENY ctrl cmd 0xa06f0111 (not in allowlist / oversize)
nvkvm: DENY ctrl cmd 0xa06f0111 (not in allowlist / oversize)
nvkvm: DENY ctrl cmd 0xa06f0111 (not in allowlist / oversize)
nvkvm: DENY ctrl cmd 0xa06f0111 (not in allowlist / oversize)
nvkvm: DENY ctrl cmd 0xa06f0111 (not in allowlist / oversize)
nvkvm: DENY ctrl cmd 0xa06f0111 (not in allowlist / oversize)
nvkvm: DENY ctrl cmd 0xa06f0111 (not in allowlist / oversize)
nvkvm: DENY ctrl cmd 0xa06f0111 (not in allowlist / oversize)
nvkvm: DENY ctrl cmd 0xa06f0111 (not in allowlist / oversize)
nvkvm: DENY ctrl cmd 0xa06f0111 (not in allowlist / oversize)
nvkvm: DENY ctrl cmd 0xa06f0111 (not in allowlist / oversize)
nvkvm: DENY ctrl cmd 0xa06f0111 (not in allowlist / oversize)
nvkvm: DENY ctrl cmd 0xa06f0111 (not in allowlist / oversize)
nvkvm: DENY ctrl cmd 0xa06f0111 (not in allowlist / oversize)
nvkvm: DENY ctrl cmd 0xa06f0111 (not in allowlist / oversize)
nvkvm: DENY ctrl cmd 0xa06f0111 (not in allowlist / oversize)
nvkvm: DENY ctrl cmd 0xa06f0111 (not in allowlist / oversize)
nvkvm: DENY ctrl cmd 0xa06f0111 (not in allowlist / oversize)
nvkvm: DENY ctrl cmd 0xa06f0111 (not in allowlist / oversize)
nvkvm: DENY ctrl cmd 0xa06f0111 (not in allowlist / oversize)
nvkvm: DENY ctrl cmd 0xa06f0111 (not in allowlist / oversize)
nvkvm: DENY ctrl cmd 0xa06f0111 (not in allowlist / oversize)
nvkvm: DENY ctrl cmd 0xa06f0111 (not in allowlist / oversize)
nvkvm: DENY ctrl cmd 0xa06f0111 (not in allowlist / oversize)
nvkvm: DENY ctrl cmd 0xa06f0111 (not in allowlist / oversize)
nvkvm: DENY ctrl cmd 0xa06f0111 (not in allowlist / oversize)
nvkvm: DENY ctrl cmd 0xa06f0111 (not in allowlist / oversize)
nvkvm: DENY ctrl cmd 0xa06f0111 (not in allowlist / oversize)
nvkvm: DENY ctrl cmd 0xa06f0111 (not in allowlist / oversize)
nvkvm: DENY ctrl cmd 0xa06f0111 (not in allowlist / oversize)
nvkvm: DENY ctrl cmd 0xa06f0111 (not in allowlist / oversize)
nvkvm: DENY ctrl cmd 0xa06f0111 (not in allowlist / oversize)
nvkvm: DENY ctrl cmd 0xa06f0111 (not in allowlist / oversize)
nvkvm: DENY ctrl cmd 0xa06f0111 (not in allowlist / oversize)
nvkvm: DENY ctrl cmd 0xa06f0111 (not in allowlist / oversize)
nvkvm: DENY ctrl cmd 0xa06f0111 (not in allowlist / oversize)
nvkvm: DENY ctrl cmd 0xa06f0111 (not in allowlist / oversize)
nvkvm: DENY ctrl cmd 0xa06f0111 (not in allowlist / oversize)
nvkvm: DENY ctrl cmd 0xa06f0111 (not in allowlist / oversize)
nvkvm: DENY ctrl cmd 0xa06f0111 (not in allowlist / oversize)
nvkvm: DENY ctrl cmd 0xa06f0111 (not in allowlist / oversize)
nvkvm: DENY ctrl cmd 0xa06f0111 (not in allowlist / oversize)
nvkvm: DENY ctrl cmd 0xa06f0111 (not in allowlist / oversize)
nvkvm: DENY ctrl cmd 0xa06f0111 (not in allowlist / oversize)
nvkvm: DENY ctrl cmd 0xa06f0111 (not in allowlist / oversize)
nvkvm: DENY ctrl cmd 0xa06f0111 (not in allowlist / oversize)
nvkvm: DENY ctrl cmd 0xa06f0111 (not in allowlist / oversize)
nvkvm: DENY ctrl cmd 0xa06f0111 (not in allowlist / oversize)
nvkvm: DENY ctrl cmd 0xa06f0111 (not in allowlist / oversize)
nvkvm: DENY ctrl cmd 0xa06f0111 (not in allowlist / oversize)
nvkvm: DENY ctrl cmd 0xa06f0111 (not in allowlist / oversize)
nvkvm: DENY ctrl cmd 0xa06f0111 (not in allowlist / oversize)
nvkvm: DENY ctrl cmd 0xa06f0111 (not in allowlist / oversize)
nvkvm: DENY ctrl cmd 0xa06f0111 (not in allowlist / oversize)
nvkvm disp stats: 60.0 frames/s dropped=0 failed=0 present_mean=0.63ms (total consumed=4912 dropped=0 failed=1)
nvkvm: DENY ctrl cmd 0xa06f0111 (not in allowlist / oversize)
nvkvm: DENY ctrl cmd 0xa06f0111 (not in allowlist / oversize)
nvkvm: DENY ctrl cmd 0xa06f0111 (not in allowlist / oversize)
nvkvm: DENY ctrl cmd 0xa06f0111 (not in allowlist / oversize)
nvkvm: DENY ctrl cmd 0xa06f0111 (not in allowlist / oversize)
nvkvm: DENY ctrl cmd 0xa06f0111 (not in allowlist / oversize)
nvkvm: DENY ctrl cmd 0xa06f0111 (not in allowlist / oversize)
nvkvm: DENY ctrl cmd 0xa06f0111 (not in allowlist / oversize)
nvkvm: DENY ctrl cmd 0xa06f0111 (not in allowlist / oversize)
nvkvm: DENY ctrl cmd 0xa06f0111 (not in allowlist / oversize)
nvkvm: DENY ctrl cmd 0xa06f0111 (not in allowlist / oversize)
nvkvm: DENY ctrl cmd 0xa06f0111 (not in allowlist / oversize)
nvkvm: DENY ctrl cmd 0xa06f0111 (not in allowlist / oversize)
nvkvm: DENY ctrl cmd 0xa06f0111 (not in allowlist / oversize)
nvkvm: DENY ctrl cmd 0xa06f0111 (not in allowlist / oversize)
nvkvm: DENY ctrl cmd 0xa06f0111 (not in allowlist / oversize)
nvkvm: DENY ctrl cmd 0xa06f0111 (not in allowlist / oversize)
nvkvm: DENY ctrl cmd 0xa06f0111 (not in allowlist / oversize)
nvkvm: DENY ctrl cmd 0xa06f0111 (not in allowlist / oversize)
nvkvm: DENY ctrl cmd 0xa06f0111 (not in allowlist / oversize)
nvkvm: DENY ctrl cmd 0xa06f0111 (not in allowlist / oversize)
nvkvm: DENY ctrl cmd 0xa06f0111 (not in allowlist / oversize)
nvkvm: DENY ctrl cmd 0xa06f0111 (not in allowlist / oversize)
nvkvm: DENY ctrl cmd 0xa06f0111 (not in allowlist / oversize)
nvkvm: DENY ctrl cmd 0xa06f0111 (not in allowlist / oversize)
nvkvm: DENY ctrl cmd 0xa06f0111 (not in allowlist / oversize)
nvkvm: DENY ctrl cmd 0xa06f0111 (not in allowlist / oversize)
nvkvm: DENY ctrl cmd 0xa06f0111 (not in allowlist / oversize)
nvkvm: DENY ctrl cmd 0xa06f0111 (not in allowlist / oversize)
nvkvm: DENY ctrl cmd 0xa06f0111 (not in allowlist / oversize)
nvkvm: DENY ctrl cmd 0xa06f0111 (not in allowlist / oversize)
nvkvm: DENY ctrl cmd 0xa06f0111 (not in allowlist / oversize)
nvkvm: DENY ctrl cmd 0xa06f0111 (not in allowlist / oversize)
nvkvm: DENY ctrl cmd 0xa06f0111 (not in allowlist / oversize)
nvkvm: DENY ctrl cmd 0xa06f0111 (not in allowlist / oversize)
nvkvm: DENY ctrl cmd 0xa06f0111 (not in allowlist / oversize)
nvkvm: DENY ctrl cmd 0xa06f0111 (not in allowlist / oversize)
nvkvm: DENY ctrl cmd 0xa06f0111 (not in allowlist / oversize)
nvkvm: DENY ctrl cmd 0xa06f0111 (not in allowlist / oversize)
nvkvm: DENY ctrl cmd 0xa06f0111 (not in allowlist / oversize)
nvkvm: DENY ctrl cmd 0xa06f0111 (not in allowlist / oversize)
nvkvm: DENY ctrl cmd 0xa06f0111 (not in allowlist / oversize)
nvkvm: DENY ctrl cmd 0xa06f0111 (not in allowlist / oversize)
nvkvm: DENY ctrl cmd 0xa06f0111 (not in allowlist / oversize)
nvkvm: DENY ctrl cmd 0xa06f0111 (not in allowlist / oversize)
nvkvm: DENY ctrl cmd 0xa06f0111 (not in allowlist / oversize)
nvkvm: DENY ctrl cmd 0xa06f0111 (not in allowlist / oversize)
nvkvm: DENY ctrl cmd 0xa06f0111 (not in allowlist / oversize)
nvkvm: DENY ctrl cmd 0xa06f0111 (not in allowlist / oversize)
nvkvm: DENY ctrl cmd 0xa06f0111 (not in allowlist / oversize)
nvkvm: DENY ctrl cmd 0xa06f0111 (not in allowlist / oversize)
nvkvm: DENY ctrl cmd 0xa06f0111 (not in allowlist / oversize)
nvkvm: DENY ctrl cmd 0xa06f0111 (not in allowlist / oversize)
nvkvm: DENY ctrl cmd 0xa06f0111 (not in allowlist / oversize)
nvkvm: DENY ctrl cmd 0xa06f0111 (not in allowlist / oversize)
nvkvm: DENY ctrl cmd 0xa06f0111 (not in allowlist / oversize)
nvkvm: DENY ctrl cmd 0xa06f0111 (not in allowlist / oversize)
nvkvm: DENY ctrl cmd 0xa06f0111 (not in allowlist / oversize)
nvkvm disp stats: 58.0 frames/s dropped=0 failed=0 present_mean=0.59ms (total consumed=4970 dropped=0 failed=1)
nvkvm: DENY ctrl cmd 0xa06f0111 (not in allowlist / oversize)
nvkvm: DENY ctrl cmd 0xa06f0111 (not in allowlist / oversize)
nvkvm: DENY ctrl cmd 0xa06f0111 (not in allowlist / oversize)
nvkvm: DENY ctrl cmd 0xa06f0111 (not in allowlist / oversize)
nvkvm: DENY ctrl cmd 0xa06f0111 (not in allowlist / oversize)
nvkvm: DENY ctrl cmd 0xa06f0111 (not in allowlist / oversize)
nvkvm: DENY ctrl cmd 0xa06f0111 (not in allowlist / oversize)
nvkvm: DENY ctrl cmd 0xa06f0111 (not in allowlist / oversize)
nvkvm: DENY ctrl cmd 0xa06f0111 (not in allowlist / oversize)
nvkvm: DENY ctrl cmd 0xa06f0111 (not in allowlist / oversize)
nvkvm: DENY ctrl cmd 0xa06f0111 (not in allowlist / oversize)
nvkvm: DENY ctrl cmd 0xa06f0111 (not in allowlist / oversize)
nvkvm: DENY ctrl cmd 0xa06f0111 (not in allowlist / oversize)
nvkvm: DENY ctrl cmd 0xa06f0111 (not in allowlist / oversize)
nvkvm: DENY ctrl cmd 0xa06f0111 (not in allowlist / oversize)
nvkvm: DENY ctrl cmd 0xa06f0111 (not in allowlist / oversize)
nvkvm: DENY ctrl cmd 0xa06f0111 (not in allowlist / oversize)
nvkvm: DENY ctrl cmd 0xa06f0111 (not in allowlist / oversize)
nvkvm: DENY ctrl cmd 0xa06f0111 (not in allowlist / oversize)
nvkvm: DENY ctrl cmd 0xa06f0111 (not in allowlist / oversize)
nvkvm: DENY ctrl cmd 0xa06f0111 (not in allowlist / oversize)
nvkvm: DENY ctrl cmd 0xa06f0111 (not in allowlist / oversize)
nvkvm: DENY ctrl cmd 0xa06f0111 (not in allowlist / oversize)
nvkvm: DENY ctrl cmd 0xa06f0111 (not in allowlist / oversize)
nvkvm: DENY ctrl cmd 0xa06f0111 (not in allowlist / oversize)
nvkvm: DENY ctrl cmd 0xa06f0111 (not in allowlist / oversize)
nvkvm: DENY ctrl cmd 0xa06f0111 (not in allowlist / oversize)
nvkvm: DENY ctrl cmd 0xa06f0111 (not in allowlist / oversize)
nvkvm: DENY ctrl cmd 0xa06f0111 (not in allowlist / oversize)
nvkvm: DENY ctrl cmd 0xa06f0111 (not in allowlist / oversize)
nvkvm: DENY ctrl cmd 0xa06f0111 (not in allowlist / oversize)
nvkvm: DENY ctrl cmd 0xa06f0111 (not in allowlist / oversize)
nvkvm: DENY ctrl cmd 0xa06f0111 (not in allowlist / oversize)
nvkvm: DENY ctrl cmd 0xa06f0111 (not in allowlist / oversize)
nvkvm: DENY ctrl cmd 0xa06f0111 (not in allowlist / oversize)
nvkvm: DENY ctrl cmd 0xa06f0111 (not in allowlist / oversize)
nvkvm: DENY ctrl cmd 0xa06f0111 (not in allowlist / oversize)
nvkvm: DENY ctrl cmd 0xa06f0111 (not in allowlist / oversize)
nvkvm: DENY ctrl cmd 0xa06f0111 (not in allowlist / oversize)
nvkvm: DENY ctrl cmd 0xa06f0111 (not in allowlist / oversize)
nvkvm: DENY ctrl cmd 0xa06f0111 (not in allowlist / oversize)
nvkvm: DENY ctrl cmd 0xa06f0111 (not in allowlist / oversize)
nvkvm: DENY ctrl cmd 0xa06f0111 (not in allowlist / oversize)
nvkvm: DENY ctrl cmd 0xa06f0111 (not in allowlist / oversize)
nvkvm: DENY ctrl cmd 0xa06f0111 (not in allowlist / oversize)
nvkvm: DENY ctrl cmd 0xa06f0111 (not in allowlist / oversize)
nvkvm: DENY ctrl cmd 0xa06f0111 (not in allowlist / oversize)
nvkvm: DENY ctrl cmd 0xa06f0111 (not in allowlist / oversize)
nvkvm: DENY ctrl cmd 0xa06f0111 (not in allowlist / oversize)
nvkvm: DENY ctrl cmd 0xa06f0111 (not in allowlist / oversize)
nvkvm: DENY ctrl cmd 0xa06f0111 (not in allowlist / oversize)
nvkvm: DENY ctrl cmd 0xa06f0111 (not in allowlist / oversize)
nvkvm: DENY ctrl cmd 0xa06f0111 (not in allowlist / oversize)
nvkvm: DENY ctrl cmd 0xa06f0111 (not in allowlist / oversize)
nvkvm: DENY ctrl cmd 0xa06f0111 (not in allowlist / oversize)
nvkvm: DENY ctrl cmd 0xa06f0111 (not in allowlist / oversize)
nvkvm: DENY ctrl cmd 0xa06f0111 (not in allowlist / oversize)
nvkvm: DENY ctrl cmd 0xa06f0111 (not in allowlist / oversize)
nvkvm: DENY ctrl cmd 0xa06f0111 (not in allowlist / oversize)
nvkvm: DENY ctrl cmd 0xa06f0111 (not in allowlist / oversize)
nvkvm disp stats: 59.1 frames/s dropped=0 failed=0 present_mean=0.58ms (total consumed=5030 dropped=0 failed=1)
nvkvm: DENY ctrl cmd 0xa06f0111 (not in allowlist / oversize)
nvkvm: DENY ctrl cmd 0xa06f0111 (not in allowlist / oversize)
nvkvm: DENY ctrl cmd 0xa06f0111 (not in allowlist / oversize)
nvkvm: DENY ctrl cmd 0xa06f0111 (not in allowlist / oversize)
nvkvm: DENY ctrl cmd 0xa06f0111 (not in allowlist / oversize)
nvkvm: DENY ctrl cmd 0xa06f0111 (not in allowlist / oversize)
nvkvm: DENY ctrl cmd 0xa06f0111 (not in allowlist / oversize)
nvkvm: DENY ctrl cmd 0xa06f0111 (not in allowlist / oversize)
nvkvm: DENY ctrl cmd 0xa06f0111 (not in allowlist / oversize)
nvkvm: DENY ctrl cmd 0xa06f0111 (not in allowlist / oversize)
nvkvm: DENY ctrl cmd 0xa06f0111 (not in allowlist / oversize)
nvkvm: DENY ctrl cmd 0xa06f0111 (not in allowlist / oversize)
nvkvm: DENY ctrl cmd 0xa06f0111 (not in allowlist / oversize)
nvkvm: DENY ctrl cmd 0xa06f0111 (not in allowlist / oversize)
nvkvm: DENY ctrl cmd 0xa06f0111 (not in allowlist / oversize)
nvkvm: DENY ctrl cmd 0xa06f0111 (not in allowlist / oversize)
nvkvm: DENY ctrl cmd 0xa06f0111 (not in allowlist / oversize)
nvkvm: DENY ctrl cmd 0xa06f0111 (not in allowlist / oversize)
nvkvm: DENY ctrl cmd 0xa06f0111 (not in allowlist / oversize)
nvkvm: DENY ctrl cmd 0xa06f0111 (not in allowlist / oversize)
nvkvm: DENY ctrl cmd 0xa06f0111 (not in allowlist / oversize)
nvkvm: DENY ctrl cmd 0xa06f0111 (not in allowlist / oversize)
nvkvm: DENY ctrl cmd 0xa06f0111 (not in allowlist / oversize)
nvkvm: DENY ctrl cmd 0xa06f0111 (not in allowlist / oversize)
nvkvm: DENY ctrl cmd 0xa06f0111 (not in allowlist / oversize)
nvkvm: DENY ctrl cmd 0xa06f0111 (not in allowlist / oversize)
nvkvm: DENY ctrl cmd 0xa06f0111 (not in allowlist / oversize)
nvkvm: DENY ctrl cmd 0xa06f0111 (not in allowlist / oversize)
nvkvm: DENY ctrl cmd 0xa06f0111 (not in allowlist / oversize)
nvkvm: DENY ctrl cmd 0xa06f0111 (not in allowlist / oversize)
nvkvm: DENY ctrl cmd 0xa06f0111 (not in allowlist / oversize)
nvkvm: DENY ctrl cmd 0xa06f0111 (not in allowlist / oversize)
nvkvm: DENY ctrl cmd 0xa06f0111 (not in allowlist / oversize)
nvkvm: DENY ctrl cmd 0xa06f0111 (not in allowlist / oversize)
nvkvm: DENY ctrl cmd 0xa06f0111 (not in allowlist / oversize)
nvkvm: DENY ctrl cmd 0xa06f0111 (not in allowlist / oversize)
nvkvm: DENY ctrl cmd 0xa06f0111 (not in allowlist / oversize)
nvkvm: DENY ctrl cmd 0xa06f0111 (not in allowlist / oversize)
nvkvm: DENY ctrl cmd 0xa06f0111 (not in allowlist / oversize)
nvkvm: DENY ctrl cmd 0xa06f0111 (not in allowlist / oversize)
nvkvm: DENY ctrl cmd 0xa06f0111 (not in allowlist / oversize)
nvkvm: DENY ctrl cmd 0xa06f0111 (not in allowlist / oversize)
nvkvm: DENY ctrl cmd 0xa06f0111 (not in allowlist / oversize)
nvkvm: DENY ctrl cmd 0xa06f0111 (not in allowlist / oversize)
nvkvm: DENY ctrl cmd 0xa06f0111 (not in allowlist / oversize)
nvkvm: DENY ctrl cmd 0xa06f0111 (not in allowlist / oversize)
nvkvm: DENY ctrl cmd 0xa06f0111 (not in allowlist / oversize)
nvkvm: DENY ctrl cmd 0xa06f0111 (not in allowlist / oversize)
nvkvm: DENY ctrl cmd 0xa06f0111 (not in allowlist / oversize)
nvkvm: DENY ctrl cmd 0xa06f0111 (not in allowlist / oversize)
nvkvm: DENY ctrl cmd 0xa06f0111 (not in allowlist / oversize)
nvkvm: DENY ctrl cmd 0xa06f0111 (not in allowlist / oversize)
nvkvm: DENY ctrl cmd 0xa06f0111 (not in allowlist / oversize)
nvkvm: DENY ctrl cmd 0xa06f0111 (not in allowlist / oversize)
nvkvm: DENY ctrl cmd 0xa06f0111 (not in allowlist / oversize)
nvkvm: DENY ctrl cmd 0xa06f0111 (not in allowlist / oversize)
nvkvm: DENY ctrl cmd 0xa06f0111 (not in allowlist / oversize)
nvkvm: DENY ctrl cmd 0xa06f0111 (not in allowlist / oversize)
nvkvm: DENY ctrl cmd 0xa06f0111 (not in allowlist / oversize)
nvkvm: DENY ctrl cmd 0xa06f0111 (not in allowlist / oversize)
nvkvm: DENY ctrl cmd 0xa06f0111 (not in allowlist / oversize)
nvkvm disp stats: 60.0 frames/s dropped=0 failed=0 present_mean=0.71ms (total consumed=5091 dropped=0 failed=1)
nvkvm: DENY ctrl cmd 0xa06f0111 (not in allowlist / oversize)
nvkvm: DENY ctrl cmd 0xa06f0111 (not in allowlist / oversize)
nvkvm: DENY ctrl cmd 0xa06f0111 (not in allowlist / oversize)
nvkvm: DENY ctrl cmd 0xa06f0111 (not in allowlist / oversize)
nvkvm: DENY ctrl cmd 0xa06f0111 (not in allowlist / oversize)
nvkvm: DENY ctrl cmd 0xa06f0111 (not in allowlist / oversize)
nvkvm: DENY ctrl cmd 0xa06f0111 (not in allowlist / oversize)
nvkvm: DENY ctrl cmd 0xa06f0111 (not in allowlist / oversize)
nvkvm: DENY ctrl cmd 0xa06f0111 (not in allowlist / oversize)
nvkvm: DENY ctrl cmd 0xa06f0111 (not in allowlist / oversize)
nvkvm: DENY ctrl cmd 0xa06f0111 (not in allowlist / oversize)
nvkvm: DENY ctrl cmd 0xa06f0111 (not in allowlist / oversize)
nvkvm: DENY ctrl cmd 0xa06f0111 (not in allowlist / oversize)
nvkvm: DENY ctrl cmd 0xa06f0111 (not in allowlist / oversize)
nvkvm: DENY ctrl cmd 0xa06f0111 (not in allowlist / oversize)
nvkvm: DENY ctrl cmd 0xa06f0111 (not in allowlist / oversize)
nvkvm: DENY ctrl cmd 0xa06f0111 (not in allowlist / oversize)
nvkvm: DENY ctrl cmd 0xa06f0111 (not in allowlist / oversize)
nvkvm: DENY ctrl cmd 0xa06f0111 (not in allowlist / oversize)
nvkvm: DENY ctrl cmd 0xa06f0111 (not in allowlist / oversize)
nvkvm: DENY ctrl cmd 0xa06f0111 (not in allowlist / oversize)
nvkvm: DENY ctrl cmd 0xa06f0111 (not in allowlist / oversize)
nvkvm: DENY ctrl cmd 0xa06f0111 (not in allowlist / oversize)
nvkvm: DENY ctrl cmd 0xa06f0111 (not in allowlist / oversize)
nvkvm: DENY ctrl cmd 0xa06f0111 (not in allowlist / oversize)
nvkvm: DENY ctrl cmd 0xa06f0111 (not in allowlist / oversize)
nvkvm: DENY ctrl cmd 0xa06f0111 (not in allowlist / oversize)
nvkvm: DENY ctrl cmd 0xa06f0111 (not in allowlist / oversize)
nvkvm: DENY ctrl cmd 0xa06f0111 (not in allowlist / oversize)
nvkvm: DENY ctrl cmd 0xa06f0111 (not in allowlist / oversize)
nvkvm: DENY ctrl cmd 0xa06f0111 (not in allowlist / oversize)
nvkvm: DENY ctrl cmd 0xa06f0111 (not in allowlist / oversize)
nvkvm: DENY ctrl cmd 0xa06f0111 (not in allowlist / oversize)
nvkvm: DENY ctrl cmd 0xa06f0111 (not in allowlist / oversize)
nvkvm: DENY ctrl cmd 0xa06f0111 (not in allowlist / oversize)
nvkvm: DENY ctrl cmd 0xa06f0111 (not in allowlist / oversize)
nvkvm: DENY ctrl cmd 0xa06f0111 (not in allowlist / oversize)
nvkvm: DENY ctrl cmd 0xa06f0111 (not in allowlist / oversize)
nvkvm: DENY ctrl cmd 0xa06f0111 (not in allowlist / oversize)
nvkvm: DENY ctrl cmd 0xa06f0111 (not in allowlist / oversize)
nvkvm: DENY ctrl cmd 0xa06f0111 (not in allowlist / oversize)
nvkvm: DENY ctrl cmd 0xa06f0111 (not in allowlist / oversize)
nvkvm: DENY ctrl cmd 0xa06f0111 (not in allowlist / oversize)
nvkvm: DENY ctrl cmd 0xa06f0111 (not in allowlist / oversize)
nvkvm: DENY ctrl cmd 0xa06f0111 (not in allowlist / oversize)
nvkvm: DENY ctrl cmd 0xa06f0111 (not in allowlist / oversize)
nvkvm: DENY ctrl cmd 0xa06f0111 (not in allowlist / oversize)
nvkvm: DENY ctrl cmd 0xa06f0111 (not in allowlist / oversize)
nvkvm: DENY ctrl cmd 0xa06f0111 (not in allowlist / oversize)
nvkvm: DENY ctrl cmd 0xa06f0111 (not in allowlist / oversize)
nvkvm: DENY ctrl cmd 0xa06f0111 (not in allowlist / oversize)
nvkvm: DENY ctrl cmd 0xa06f0111 (not in allowlist / oversize)
nvkvm: DENY ctrl cmd 0xa06f0111 (not in allowlist / oversize)
nvkvm: DENY ctrl cmd 0xa06f0111 (not in allowlist / oversize)
nvkvm: DENY ctrl cmd 0xa06f0111 (not in allowlist / oversize)
nvkvm: DENY ctrl cmd 0xa06f0111 (not in allowlist / oversize)
nvkvm: DENY ctrl cmd 0xa06f0111 (not in allowlist / oversize)
nvkvm: DENY ctrl cmd 0xa06f0111 (not in allowlist / oversize)
nvkvm: DENY ctrl cmd 0xa06f0111 (not in allowlist / oversize)
nvkvm: DENY ctrl cmd 0xa06f0111 (not in allowlist / oversize)
nvkvm disp stats: 59.1 frames/s dropped=0 failed=0 present_mean=0.55ms (total consumed=5151 dropped=0 failed=1)
nvkvm: DENY ctrl cmd 0xa06f0111 (not in allowlist / oversize)
nvkvm: DENY ctrl cmd 0xa06f0111 (not in allowlist / oversize)
nvkvm: DENY ctrl cmd 0xa06f0111 (not in allowlist / oversize)
nvkvm: DENY ctrl cmd 0xa06f0111 (not in allowlist / oversize)
nvkvm: DENY ctrl cmd 0xa06f0111 (not in allowlist / oversize)
nvkvm: DENY ctrl cmd 0xa06f0111 (not in allowlist / oversize)
nvkvm: DENY ctrl cmd 0xa06f0111 (not in allowlist / oversize)
nvkvm: DENY ctrl cmd 0xa06f0111 (not in allowlist / oversize)
nvkvm: DENY ctrl cmd 0xa06f0111 (not in allowlist / oversize)
nvkvm: DENY ctrl cmd 0xa06f0111 (not in allowlist / oversize)
nvkvm: DENY ctrl cmd 0xa06f0111 (not in allowlist / oversize)
nvkvm: DENY ctrl cmd 0xa06f0111 (not in allowlist / oversize)
nvkvm: DENY ctrl cmd 0xa06f0111 (not in allowlist / oversize)
nvkvm: DENY ctrl cmd 0xa06f0111 (not in allowlist / oversize)
nvkvm: DENY ctrl cmd 0xa06f0111 (not in allowlist / oversize)
nvkvm: DENY ctrl cmd 0xa06f0111 (not in allowlist / oversize)
nvkvm: DENY ctrl cmd 0xa06f0111 (not in allowlist / oversize)
nvkvm: DENY ctrl cmd 0xa06f0111 (not in allowlist / oversize)
nvkvm: DENY ctrl cmd 0xa06f0111 (not in allowlist / oversize)
nvkvm: DENY ctrl cmd 0xa06f0111 (not in allowlist / oversize)
nvkvm: DENY ctrl cmd 0xa06f0111 (not in allowlist / oversize)
nvkvm: DENY ctrl cmd 0xa06f0111 (not in allowlist / oversize)
nvkvm: DENY ctrl cmd 0xa06f0111 (not in allowlist / oversize)
nvkvm: DENY ctrl cmd 0xa06f0111 (not in allowlist / oversize)
nvkvm: DENY ctrl cmd 0xa06f0111 (not in allowlist / oversize)
nvkvm: DENY ctrl cmd 0xa06f0111 (not in allowlist / oversize)
nvkvm: DENY ctrl cmd 0xa06f0111 (not in allowlist / oversize)
nvkvm: DENY ctrl cmd 0xa06f0111 (not in allowlist / oversize)
nvkvm: DENY ctrl cmd 0xa06f0111 (not in allowlist / oversize)
nvkvm: DENY ctrl cmd 0xa06f0111 (not in allowlist / oversize)
nvkvm: DENY ctrl cmd 0xa06f0111 (not in allowlist / oversize)
nvkvm: DENY ctrl cmd 0xa06f0111 (not in allowlist / oversize)
nvkvm: DENY ctrl cmd 0xa06f0111 (not in allowlist / oversize)
nvkvm: DENY ctrl cmd 0xa06f0111 (not in allowlist / oversize)
nvkvm: DENY ctrl cmd 0xa06f0111 (not in allowlist / oversize)
nvkvm: DENY ctrl cmd 0xa06f0111 (not in allowlist / oversize)
nvkvm: DENY ctrl cmd 0xa06f0111 (not in allowlist / oversize)
nvkvm: DENY ctrl cmd 0xa06f0111 (not in allowlist / oversize)
nvkvm: DENY ctrl cmd 0xa06f0111 (not in allowlist / oversize)
nvkvm: DENY ctrl cmd 0xa06f0111 (not in allowlist / oversize)
nvkvm: DENY ctrl cmd 0xa06f0111 (not in allowlist / oversize)
nvkvm: DENY ctrl cmd 0xa06f0111 (not in allowlist / oversize)
nvkvm: DENY ctrl cmd 0xa06f0111 (not in allowlist / oversize)
nvkvm: DENY ctrl cmd 0xa06f0111 (not in allowlist / oversize)
nvkvm: DENY ctrl cmd 0xa06f0111 (not in allowlist / oversize)
nvkvm: DENY ctrl cmd 0xa06f0111 (not in allowlist / oversize)
nvkvm: DENY ctrl cmd 0xa06f0111 (not in allowlist / oversize)
nvkvm: DENY ctrl cmd 0xa06f0111 (not in allowlist / oversize)
nvkvm: DENY ctrl cmd 0xa06f0111 (not in allowlist / oversize)
nvkvm: DENY ctrl cmd 0xa06f0111 (not in allowlist / oversize)
nvkvm: DENY ctrl cmd 0xa06f0111 (not in allowlist / oversize)
nvkvm: DENY ctrl cmd 0xa06f0111 (not in allowlist / oversize)
nvkvm: DENY ctrl cmd 0xa06f0111 (not in allowlist / oversize)
nvkvm: DENY ctrl cmd 0xa06f0111 (not in allowlist / oversize)
nvkvm: DENY ctrl cmd 0xa06f0111 (not in allowlist / oversize)
nvkvm: DENY ctrl cmd 0xa06f0111 (not in allowlist / oversize)
nvkvm: DENY ctrl cmd 0xa06f0111 (not in allowlist / oversize)
nvkvm: DENY ctrl cmd 0xa06f0111 (not in allowlist / oversize)
nvkvm: DENY ctrl cmd 0xa06f0111 (not in allowlist / oversize)
nvkvm: DENY ctrl cmd 0xa06f0111 (not in allowlist / oversize)
nvkvm disp stats: 60.0 frames/s dropped=0 failed=0 present_mean=0.57ms (total consumed=5211 dropped=0 failed=1)
nvkvm: DENY ctrl cmd 0xa06f0111 (not in allowlist / oversize)
nvkvm: DENY ctrl cmd 0xa06f0111 (not in allowlist / oversize)
nvkvm: DENY ctrl cmd 0xa06f0111 (not in allowlist / oversize)
nvkvm: DENY ctrl cmd 0xa06f0111 (not in allowlist / oversize)
nvkvm: DENY ctrl cmd 0xa06f0111 (not in allowlist / oversize)
nvkvm: DENY ctrl cmd 0xa06f0111 (not in allowlist / oversize)
nvkvm: DENY ctrl cmd 0xa06f0111 (not in allowlist / oversize)
nvkvm: DENY ctrl cmd 0xa06f0111 (not in allowlist / oversize)
nvkvm: DENY ctrl cmd 0xa06f0111 (not in allowlist / oversize)
nvkvm: DENY ctrl cmd 0xa06f0111 (not in allowlist / oversize)
nvkvm: DENY ctrl cmd 0xa06f0111 (not in allowlist / oversize)
nvkvm: DENY ctrl cmd 0xa06f0111 (not in allowlist / oversize)
nvkvm: DENY ctrl cmd 0xa06f0111 (not in allowlist / oversize)
nvkvm: DENY ctrl cmd 0xa06f0111 (not in allowlist / oversize)
nvkvm: DENY ctrl cmd 0xa06f0111 (not in allowlist / oversize)
nvkvm: DENY ctrl cmd 0xa06f0111 (not in allowlist / oversize)
nvkvm: DENY ctrl cmd 0xa06f0111 (not in allowlist / oversize)
nvkvm: DENY ctrl cmd 0xa06f0111 (not in allowlist / oversize)
nvkvm: DENY ctrl cmd 0xa06f0111 (not in allowlist / oversize)
nvkvm: DENY ctrl cmd 0xa06f0111 (not in allowlist / oversize)
nvkvm: DENY ctrl cmd 0xa06f0111 (not in allowlist / oversize)
nvkvm: DENY ctrl cmd 0xa06f0111 (not in allowlist / oversize)
nvkvm: DENY ctrl cmd 0xa06f0111 (not in allowlist / oversize)
nvkvm: DENY ctrl cmd 0xa06f0111 (not in allowlist / oversize)
nvkvm: DENY ctrl cmd 0xa06f0111 (not in allowlist / oversize)
nvkvm: DENY ctrl cmd 0xa06f0111 (not in allowlist / oversize)
nvkvm: DENY ctrl cmd 0xa06f0111 (not in allowlist / oversize)
nvkvm: DENY ctrl cmd 0xa06f0111 (not in allowlist / oversize)
nvkvm: DENY ctrl cmd 0xa06f0111 (not in allowlist / oversize)
nvkvm: DENY ctrl cmd 0xa06f0111 (not in allowlist / oversize)
nvkvm: DENY ctrl cmd 0xa06f0111 (not in allowlist / oversize)
nvkvm: DENY ctrl cmd 0xa06f0111 (not in allowlist / oversize)
nvkvm: DENY ctrl cmd 0xa06f0111 (not in allowlist / oversize)
nvkvm: DENY ctrl cmd 0xa06f0111 (not in allowlist / oversize)
nvkvm: DENY ctrl cmd 0xa06f0111 (not in allowlist / oversize)
nvkvm: DENY ctrl cmd 0xa06f0111 (not in allowlist / oversize)
nvkvm: DENY ctrl cmd 0xa06f0111 (not in allowlist / oversize)
nvkvm: DENY ctrl cmd 0xa06f0111 (not in allowlist / oversize)
nvkvm: DENY ctrl cmd 0xa06f0111 (not in allowlist / oversize)
nvkvm: DENY ctrl cmd 0xa06f0111 (not in allowlist / oversize)
nvkvm: DENY ctrl cmd 0xa06f0111 (not in allowlist / oversize)
nvkvm: DENY ctrl cmd 0xa06f0111 (not in allowlist / oversize)
nvkvm: DENY ctrl cmd 0xa06f0111 (not in allowlist / oversize)
nvkvm: DENY ctrl cmd 0xa06f0111 (not in allowlist / oversize)
nvkvm: DENY ctrl cmd 0xa06f0111 (not in allowlist / oversize)
nvkvm: DENY ctrl cmd 0xa06f0111 (not in allowlist / oversize)
nvkvm: DENY ctrl cmd 0xa06f0111 (not in allowlist / oversize)
nvkvm: DENY ctrl cmd 0xa06f0111 (not in allowlist / oversize)
nvkvm: DENY ctrl cmd 0xa06f0111 (not in allowlist / oversize)
nvkvm: DENY ctrl cmd 0xa06f0111 (not in allowlist / oversize)
nvkvm: DENY ctrl cmd 0xa06f0111 (not in allowlist / oversize)
nvkvm: DENY ctrl cmd 0xa06f0111 (not in allowlist / oversize)
nvkvm: DENY ctrl cmd 0xa06f0111 (not in allowlist / oversize)
nvkvm: DENY ctrl cmd 0xa06f0111 (not in allowlist / oversize)
nvkvm: DENY ctrl cmd 0xa06f0111 (not in allowlist / oversize)
nvkvm: DENY ctrl cmd 0xa06f0111 (not in allowlist / oversize)
nvkvm: DENY ctrl cmd 0xa06f0111 (not in allowlist / oversize)
nvkvm: DENY ctrl cmd 0xa06f0111 (not in allowlist / oversize)
nvkvm: DENY ctrl cmd 0xa06f0111 (not in allowlist / oversize)
nvkvm: DENY ctrl cmd 0xa06f0111 (not in allowlist / oversize)
nvkvm disp stats: 60.0 frames/s dropped=0 failed=0 present_mean=0.65ms (total consumed=5271 dropped=0 failed=1)
nvkvm: DENY ctrl cmd 0xa06f0111 (not in allowlist / oversize)
nvkvm: DENY ctrl cmd 0xa06f0111 (not in allowlist / oversize)
nvkvm: DENY ctrl cmd 0xa06f0111 (not in allowlist / oversize)
nvkvm: DENY ctrl cmd 0xa06f0111 (not in allowlist / oversize)
nvkvm: DENY ctrl cmd 0xa06f0111 (not in allowlist / oversize)
nvkvm: DENY ctrl cmd 0xa06f0111 (not in allowlist / oversize)
nvkvm: DENY ctrl cmd 0xa06f0111 (not in allowlist / oversize)
nvkvm: DENY ctrl cmd 0xa06f0111 (not in allowlist / oversize)
nvkvm: DENY ctrl cmd 0xa06f0111 (not in allowlist / oversize)
nvkvm: DENY ctrl cmd 0xa06f0111 (not in allowlist / oversize)
nvkvm: DENY ctrl cmd 0xa06f0111 (not in allowlist / oversize)
nvkvm: DENY ctrl cmd 0xa06f0111 (not in allowlist / oversize)
nvkvm: DENY ctrl cmd 0xa06f0111 (not in allowlist / oversize)
nvkvm: DENY ctrl cmd 0xa06f0111 (not in allowlist / oversize)
nvkvm: DENY ctrl cmd 0xa06f0111 (not in allowlist / oversize)
nvkvm: DENY ctrl cmd 0xa06f0111 (not in allowlist / oversize)
nvkvm: DENY ctrl cmd 0xa06f0111 (not in allowlist / oversize)
nvkvm: DENY ctrl cmd 0xa06f0111 (not in allowlist / oversize)
nvkvm: DENY ctrl cmd 0xa06f0111 (not in allowlist / oversize)
nvkvm: DENY ctrl cmd 0xa06f0111 (not in allowlist / oversize)
nvkvm: DENY ctrl cmd 0xa06f0111 (not in allowlist / oversize)
nvkvm: DENY ctrl cmd 0xa06f0111 (not in allowlist / oversize)
nvkvm: DENY ctrl cmd 0xa06f0111 (not in allowlist / oversize)
nvkvm: DENY ctrl cmd 0xa06f0111 (not in allowlist / oversize)
nvkvm: DENY ctrl cmd 0xa06f0111 (not in allowlist / oversize)
nvkvm: DENY ctrl cmd 0xa06f0111 (not in allowlist / oversize)
nvkvm: DENY ctrl cmd 0xa06f0111 (not in allowlist / oversize)
nvkvm: DENY ctrl cmd 0xa06f0111 (not in allowlist / oversize)
nvkvm: DENY ctrl cmd 0xa06f0111 (not in allowlist / oversize)
nvkvm: DENY ctrl cmd 0xa06f0111 (not in allowlist / oversize)
nvkvm: DENY ctrl cmd 0xa06f0111 (not in allowlist / oversize)
nvkvm: DENY ctrl cmd 0xa06f0111 (not in allowlist / oversize)
nvkvm: DENY ctrl cmd 0xa06f0111 (not in allowlist / oversize)
nvkvm: DENY ctrl cmd 0xa06f0111 (not in allowlist / oversize)
nvkvm: DENY ctrl cmd 0xa06f0111 (not in allowlist / oversize)
nvkvm: DENY ctrl cmd 0xa06f0111 (not in allowlist / oversize)
nvkvm: DENY ctrl cmd 0xa06f0111 (not in allowlist / oversize)
nvkvm: DENY ctrl cmd 0xa06f0111 (not in allowlist / oversize)
nvkvm: DENY ctrl cmd 0xa06f0111 (not in allowlist / oversize)
nvkvm: DENY ctrl cmd 0xa06f0111 (not in allowlist / oversize)
nvkvm: DENY ctrl cmd 0xa06f0111 (not in allowlist / oversize)
nvkvm: DENY ctrl cmd 0xa06f0111 (not in allowlist / oversize)
nvkvm: DENY ctrl cmd 0xa06f0111 (not in allowlist / oversize)
nvkvm: DENY ctrl cmd 0xa06f0111 (not in allowlist / oversize)
nvkvm: DENY ctrl cmd 0xa06f0111 (not in allowlist / oversize)
nvkvm: DENY ctrl cmd 0xa06f0111 (not in allowlist / oversize)
nvkvm: DENY ctrl cmd 0xa06f0111 (not in allowlist / oversize)
nvkvm: DENY ctrl cmd 0xa06f0111 (not in allowlist / oversize)
nvkvm: DENY ctrl cmd 0xa06f0111 (not in allowlist / oversize)
nvkvm: DENY ctrl cmd 0xa06f0111 (not in allowlist / oversize)
nvkvm: DENY ctrl cmd 0xa06f0111 (not in allowlist / oversize)
nvkvm: DENY ctrl cmd 0xa06f0111 (not in allowlist / oversize)
nvkvm: DENY ctrl cmd 0xa06f0111 (not in allowlist / oversize)
nvkvm: DENY ctrl cmd 0xa06f0111 (not in allowlist / oversize)
nvkvm: DENY ctrl cmd 0xa06f0111 (not in allowlist / oversize)
nvkvm: DENY ctrl cmd 0xa06f0111 (not in allowlist / oversize)
nvkvm: DENY ctrl cmd 0xa06f0111 (not in allowlist / oversize)
nvkvm: DENY ctrl cmd 0xa06f0111 (not in allowlist / oversize)
nvkvm: DENY ctrl cmd 0xa06f0111 (not in allowlist / oversize)
nvkvm: DENY ctrl cmd 0xa06f0111 (not in allowlist / oversize)
nvkvm disp stats: 59.1 frames/s dropped=0 failed=0 present_mean=0.54ms (total consumed=5331 dropped=0 failed=1)
nvkvm: DENY ctrl cmd 0xa06f0111 (not in allowlist / oversize)
nvkvm: DENY ctrl cmd 0xa06f0111 (not in allowlist / oversize)
nvkvm: DENY ctrl cmd 0xa06f0111 (not in allowlist / oversize)
nvkvm: DENY ctrl cmd 0xa06f0111 (not in allowlist / oversize)
nvkvm: DENY ctrl cmd 0xa06f0111 (not in allowlist / oversize)
nvkvm: DENY ctrl cmd 0xa06f0111 (not in allowlist / oversize)
nvkvm: DENY ctrl cmd 0xa06f0111 (not in allowlist / oversize)
nvkvm: DENY ctrl cmd 0xa06f0111 (not in allowlist / oversize)
nvkvm: DENY ctrl cmd 0xa06f0111 (not in allowlist / oversize)
nvkvm: DENY ctrl cmd 0xa06f0111 (not in allowlist / oversize)
nvkvm: DENY ctrl cmd 0xa06f0111 (not in allowlist / oversize)
nvkvm: DENY ctrl cmd 0xa06f0111 (not in allowlist / oversize)
nvkvm: DENY ctrl cmd 0xa06f0111 (not in allowlist / oversize)
nvkvm: DENY ctrl cmd 0xa06f0111 (not in allowlist / oversize)
nvkvm: DENY ctrl cmd 0xa06f0111 (not in allowlist / oversize)
nvkvm: DENY ctrl cmd 0xa06f0111 (not in allowlist / oversize)
nvkvm: DENY ctrl cmd 0xa06f0111 (not in allowlist / oversize)
nvkvm: DENY ctrl cmd 0xa06f0111 (not in allowlist / oversize)
nvkvm: DENY ctrl cmd 0xa06f0111 (not in allowlist / oversize)
nvkvm: DENY ctrl cmd 0xa06f0111 (not in allowlist / oversize)
nvkvm: DENY ctrl cmd 0xa06f0111 (not in allowlist / oversize)
nvkvm: DENY ctrl cmd 0xa06f0111 (not in allowlist / oversize)
nvkvm: DENY ctrl cmd 0xa06f0111 (not in allowlist / oversize)
nvkvm: DENY ctrl cmd 0xa06f0111 (not in allowlist / oversize)
nvkvm: DENY ctrl cmd 0xa06f0111 (not in allowlist / oversize)
nvkvm: DENY ctrl cmd 0xa06f0111 (not in allowlist / oversize)
nvkvm: DENY ctrl cmd 0xa06f0111 (not in allowlist / oversize)
nvkvm: DENY ctrl cmd 0xa06f0111 (not in allowlist / oversize)
nvkvm: DENY ctrl cmd 0xa06f0111 (not in allowlist / oversize)
nvkvm: DENY ctrl cmd 0xa06f0111 (not in allowlist / oversize)
nvkvm: DENY ctrl cmd 0xa06f0111 (not in allowlist / oversize)
nvkvm: DENY ctrl cmd 0xa06f0111 (not in allowlist / oversize)
nvkvm: DENY ctrl cmd 0xa06f0111 (not in allowlist / oversize)
nvkvm: DENY ctrl cmd 0xa06f0111 (not in allowlist / oversize)
nvkvm: DENY ctrl cmd 0xa06f0111 (not in allowlist / oversize)
nvkvm: DENY ctrl cmd 0xa06f0111 (not in allowlist / oversize)
nvkvm: DENY ctrl cmd 0xa06f0111 (not in allowlist / oversize)
nvkvm: DENY ctrl cmd 0xa06f0111 (not in allowlist / oversize)
nvkvm: DENY ctrl cmd 0xa06f0111 (not in allowlist / oversize)
nvkvm: DENY ctrl cmd 0xa06f0111 (not in allowlist / oversize)
nvkvm: DENY ctrl cmd 0xa06f0111 (not in allowlist / oversize)
nvkvm: DENY ctrl cmd 0xa06f0111 (not in allowlist / oversize)
nvkvm: DENY ctrl cmd 0xa06f0111 (not in allowlist / oversize)
nvkvm: DENY ctrl cmd 0xa06f0111 (not in allowlist / oversize)
nvkvm: DENY ctrl cmd 0xa06f0111 (not in allowlist / oversize)
nvkvm: DENY ctrl cmd 0xa06f0111 (not in allowlist / oversize)
nvkvm: DENY ctrl cmd 0xa06f0111 (not in allowlist / oversize)
nvkvm: DENY ctrl cmd 0xa06f0111 (not in allowlist / oversize)
nvkvm: DENY ctrl cmd 0xa06f0111 (not in allowlist / oversize)
nvkvm: DENY ctrl cmd 0xa06f0111 (not in allowlist / oversize)
nvkvm: DENY ctrl cmd 0xa06f0111 (not in allowlist / oversize)
nvkvm: DENY ctrl cmd 0xa06f0111 (not in allowlist / oversize)
nvkvm: DENY ctrl cmd 0xa06f0111 (not in allowlist / oversize)
nvkvm: DENY ctrl cmd 0xa06f0111 (not in allowlist / oversize)
nvkvm: DENY ctrl cmd 0xa06f0111 (not in allowlist / oversize)
nvkvm: DENY ctrl cmd 0xa06f0111 (not in allowlist / oversize)
nvkvm: DENY ctrl cmd 0xa06f0111 (not in allowlist / oversize)
nvkvm: DENY ctrl cmd 0xa06f0111 (not in allowlist / oversize)
nvkvm: DENY ctrl cmd 0xa06f0111 (not in allowlist / oversize)
nvkvm disp stats: 58.9 frames/s dropped=0 failed=0 present_mean=0.64ms (total consumed=5390 dropped=0 failed=1)
nvkvm: DENY ctrl cmd 0xa06f0111 (not in allowlist / oversize)
nvkvm: DENY ctrl cmd 0xa06f0111 (not in allowlist / oversize)
nvkvm: DENY ctrl cmd 0xa06f0111 (not in allowlist / oversize)
nvkvm: DENY ctrl cmd 0xa06f0111 (not in allowlist / oversize)
nvkvm: DENY ctrl cmd 0xa06f0111 (not in allowlist / oversize)
nvkvm: DENY ctrl cmd 0xa06f0111 (not in allowlist / oversize)
nvkvm: DENY ctrl cmd 0xa06f0111 (not in allowlist / oversize)
nvkvm: DENY ctrl cmd 0xa06f0111 (not in allowlist / oversize)
nvkvm: DENY ctrl cmd 0xa06f0111 (not in allowlist / oversize)
nvkvm: DENY ctrl cmd 0xa06f0111 (not in allowlist / oversize)
nvkvm: DENY ctrl cmd 0xa06f0111 (not in allowlist / oversize)
nvkvm: DENY ctrl cmd 0xa06f0111 (not in allowlist / oversize)
nvkvm: DENY ctrl cmd 0xa06f0111 (not in allowlist / oversize)
nvkvm: DENY ctrl cmd 0xa06f0111 (not in allowlist / oversize)
nvkvm: DENY ctrl cmd 0xa06f0111 (not in allowlist / oversize)
nvkvm: DENY ctrl cmd 0xa06f0111 (not in allowlist / oversize)
nvkvm: DENY ctrl cmd 0xa06f0111 (not in allowlist / oversize)
nvkvm: DENY ctrl cmd 0xa06f0111 (not in allowlist / oversize)
nvkvm: DENY ctrl cmd 0xa06f0111 (not in allowlist / oversize)
nvkvm: DENY ctrl cmd 0xa06f0111 (not in allowlist / oversize)
nvkvm: DENY ctrl cmd 0xa06f0111 (not in allowlist / oversize)
nvkvm: DENY ctrl cmd 0xa06f0111 (not in allowlist / oversize)
nvkvm: DENY ctrl cmd 0xa06f0111 (not in allowlist / oversize)
nvkvm: DENY ctrl cmd 0xa06f0111 (not in allowlist / oversize)
nvkvm: DENY ctrl cmd 0xa06f0111 (not in allowlist / oversize)
nvkvm: DENY ctrl cmd 0xa06f0111 (not in allowlist / oversize)
nvkvm: DENY ctrl cmd 0xa06f0111 (not in allowlist / oversize)
nvkvm: DENY ctrl cmd 0xa06f0111 (not in allowlist / oversize)
nvkvm: DENY ctrl cmd 0xa06f0111 (not in allowlist / oversize)
nvkvm: DENY ctrl cmd 0xa06f0111 (not in allowlist / oversize)
nvkvm: DENY ctrl cmd 0xa06f0111 (not in allowlist / oversize)
nvkvm: DENY ctrl cmd 0xa06f0111 (not in allowlist / oversize)
nvkvm: DENY ctrl cmd 0xa06f0111 (not in allowlist / oversize)
nvkvm: DENY ctrl cmd 0xa06f0111 (not in allowlist / oversize)
nvkvm: DENY ctrl cmd 0xa06f0111 (not in allowlist / oversize)
nvkvm: DENY ctrl cmd 0xa06f0111 (not in allowlist / oversize)
nvkvm: DENY ctrl cmd 0xa06f0111 (not in allowlist / oversize)
nvkvm: DENY ctrl cmd 0xa06f0111 (not in allowlist / oversize)
nvkvm: DENY ctrl cmd 0xa06f0111 (not in allowlist / oversize)
nvkvm: DENY ctrl cmd 0xa06f0111 (not in allowlist / oversize)
nvkvm: DENY ctrl cmd 0xa06f0111 (not in allowlist / oversize)
nvkvm: DENY ctrl cmd 0xa06f0111 (not in allowlist / oversize)
nvkvm: DENY ctrl cmd 0xa06f0111 (not in allowlist / oversize)
nvkvm: DENY ctrl cmd 0xa06f0111 (not in allowlist / oversize)
nvkvm: DENY ctrl cmd 0xa06f0111 (not in allowlist / oversize)
nvkvm: DENY ctrl cmd 0xa06f0111 (not in allowlist / oversize)
nvkvm: DENY ctrl cmd 0xa06f0111 (not in allowlist / oversize)
nvkvm: DENY ctrl cmd 0xa06f0111 (not in allowlist / oversize)
nvkvm: DENY ctrl cmd 0xa06f0111 (not in allowlist / oversize)
nvkvm: DENY ctrl cmd 0xa06f0111 (not in allowlist / oversize)
nvkvm: DENY ctrl cmd 0xa06f0111 (not in allowlist / oversize)
nvkvm: DENY ctrl cmd 0xa06f0111 (not in allowlist / oversize)
nvkvm: DENY ctrl cmd 0xa06f0111 (not in allowlist / oversize)
nvkvm: DENY ctrl cmd 0xa06f0111 (not in allowlist / oversize)
nvkvm: DENY ctrl cmd 0xa06f0111 (not in allowlist / oversize)
nvkvm: DENY ctrl cmd 0xa06f0111 (not in allowlist / oversize)
nvkvm: DENY ctrl cmd 0xa06f0111 (not in allowlist / oversize)
nvkvm: DENY ctrl cmd 0xa06f0111 (not in allowlist / oversize)
nvkvm: DENY ctrl cmd 0xa06f0111 (not in allowlist / oversize)
nvkvm: DENY ctrl cmd 0xa06f0111 (not in allowlist / oversize)
nvkvm disp stats: 60.0 frames/s dropped=0 failed=0 present_mean=0.61ms (total consumed=5450 dropped=0 failed=1)
nvkvm: DENY ctrl cmd 0xa06f0111 (not in allowlist / oversize)
nvkvm: DENY ctrl cmd 0xa06f0111 (not in allowlist / oversize)
nvkvm: DENY ctrl cmd 0xa06f0111 (not in allowlist / oversize)
nvkvm: DENY ctrl cmd 0xa06f0111 (not in allowlist / oversize)
nvkvm: DENY ctrl cmd 0xa06f0111 (not in allowlist / oversize)
nvkvm: DENY ctrl cmd 0xa06f0111 (not in allowlist / oversize)
nvkvm: DENY ctrl cmd 0xa06f0111 (not in allowlist / oversize)
nvkvm: DENY ctrl cmd 0xa06f0111 (not in allowlist / oversize)
nvkvm: DENY ctrl cmd 0xa06f0111 (not in allowlist / oversize)
nvkvm: DENY ctrl cmd 0xa06f0111 (not in allowlist / oversize)
nvkvm: DENY ctrl cmd 0xa06f0111 (not in allowlist / oversize)
nvkvm: DENY ctrl cmd 0xa06f0111 (not in allowlist / oversize)
nvkvm: DENY ctrl cmd 0xa06f0111 (not in allowlist / oversize)
nvkvm: DENY ctrl cmd 0xa06f0111 (not in allowlist / oversize)
nvkvm: DENY ctrl cmd 0xa06f0111 (not in allowlist / oversize)
nvkvm: DENY ctrl cmd 0xa06f0111 (not in allowlist / oversize)
nvkvm: DENY ctrl cmd 0xa06f0111 (not in allowlist / oversize)
nvkvm: DENY ctrl cmd 0xa06f0111 (not in allowlist / oversize)
nvkvm: DENY ctrl cmd 0xa06f0111 (not in allowlist / oversize)
nvkvm: DENY ctrl cmd 0xa06f0111 (not in allowlist / oversize)
nvkvm: DENY ctrl cmd 0xa06f0111 (not in allowlist / oversize)
nvkvm: DENY ctrl cmd 0xa06f0111 (not in allowlist / oversize)
nvkvm: DENY ctrl cmd 0xa06f0111 (not in allowlist / oversize)
nvkvm: DENY ctrl cmd 0xa06f0111 (not in allowlist / oversize)
nvkvm: DENY ctrl cmd 0xa06f0111 (not in allowlist / oversize)
nvkvm: DENY ctrl cmd 0xa06f0111 (not in allowlist / oversize)
nvkvm: DENY ctrl cmd 0xa06f0111 (not in allowlist / oversize)
nvkvm: DENY ctrl cmd 0xa06f0111 (not in allowlist / oversize)
nvkvm: DENY ctrl cmd 0xa06f0111 (not in allowlist / oversize)
nvkvm: DENY ctrl cmd 0xa06f0111 (not in allowlist / oversize)
nvkvm: DENY ctrl cmd 0xa06f0111 (not in allowlist / oversize)
nvkvm: DENY ctrl cmd 0xa06f0111 (not in allowlist / oversize)
nvkvm: DENY ctrl cmd 0xa06f0111 (not in allowlist / oversize)
nvkvm: DENY ctrl cmd 0xa06f0111 (not in allowlist / oversize)
nvkvm: DENY ctrl cmd 0xa06f0111 (not in allowlist / oversize)
nvkvm: DENY ctrl cmd 0xa06f0111 (not in allowlist / oversize)
nvkvm: DENY ctrl cmd 0xa06f0111 (not in allowlist / oversize)
nvkvm: DENY ctrl cmd 0xa06f0111 (not in allowlist / oversize)
nvkvm: DENY ctrl cmd 0xa06f0111 (not in allowlist / oversize)
nvkvm: DENY ctrl cmd 0xa06f0111 (not in allowlist / oversize)
nvkvm: DENY ctrl cmd 0xa06f0111 (not in allowlist / oversize)
nvkvm: DENY ctrl cmd 0xa06f0111 (not in allowlist / oversize)
nvkvm: DENY ctrl cmd 0xa06f0111 (not in allowlist / oversize)
nvkvm: DENY ctrl cmd 0xa06f0111 (not in allowlist / oversize)
nvkvm: DENY ctrl cmd 0xa06f0111 (not in allowlist / oversize)
nvkvm: DENY ctrl cmd 0xa06f0111 (not in allowlist / oversize)
nvkvm: DENY ctrl cmd 0xa06f0111 (not in allowlist / oversize)
nvkvm: DENY ctrl cmd 0xa06f0111 (not in allowlist / oversize)
nvkvm: DENY ctrl cmd 0xa06f0111 (not in allowlist / oversize)
nvkvm: DENY ctrl cmd 0xa06f0111 (not in allowlist / oversize)
nvkvm: DENY ctrl cmd 0xa06f0111 (not in allowlist / oversize)
nvkvm: DENY ctrl cmd 0xa06f0111 (not in allowlist / oversize)
nvkvm: DENY ctrl cmd 0xa06f0111 (not in allowlist / oversize)
nvkvm: DENY ctrl cmd 0xa06f0111 (not in allowlist / oversize)
nvkvm: DENY ctrl cmd 0xa06f0111 (not in allowlist / oversize)
nvkvm: DENY ctrl cmd 0xa06f0111 (not in allowlist / oversize)
nvkvm: DENY ctrl cmd 0xa06f0111 (not in allowlist / oversize)
nvkvm: DENY ctrl cmd 0xa06f0111 (not in allowlist / oversize)
nvkvm: DENY ctrl cmd 0xa06f0111 (not in allowlist / oversize)
nvkvm: DENY ctrl cmd 0xa06f0111 (not in allowlist / oversize)
nvkvm: DENY ctrl cmd 0xa06f0111 (not in allowlist / oversize)
nvkvm disp stats: 60.2 frames/s dropped=0 failed=0 present_mean=0.52ms (total consumed=5511 dropped=0 failed=1)
nvkvm: DENY ctrl cmd 0xa06f0111 (not in allowlist / oversize)
nvkvm: DENY ctrl cmd 0xa06f0111 (not in allowlist / oversize)
nvkvm: DENY ctrl cmd 0xa06f0111 (not in allowlist / oversize)
nvkvm: DENY ctrl cmd 0xa06f0111 (not in allowlist / oversize)
nvkvm: DENY ctrl cmd 0xa06f0111 (not in allowlist / oversize)
nvkvm: DENY ctrl cmd 0xa06f0111 (not in allowlist / oversize)
nvkvm: DENY ctrl cmd 0xa06f0111 (not in allowlist / oversize)
nvkvm: DENY ctrl cmd 0xa06f0111 (not in allowlist / oversize)
nvkvm: DENY ctrl cmd 0xa06f0111 (not in allowlist / oversize)
nvkvm: DENY ctrl cmd 0xa06f0111 (not in allowlist / oversize)
nvkvm: DENY ctrl cmd 0xa06f0111 (not in allowlist / oversize)
nvkvm: DENY ctrl cmd 0xa06f0111 (not in allowlist / oversize)
nvkvm: DENY ctrl cmd 0xa06f0111 (not in allowlist / oversize)
nvkvm: DENY ctrl cmd 0xa06f0111 (not in allowlist / oversize)
nvkvm: DENY ctrl cmd 0xa06f0111 (not in allowlist / oversize)
nvkvm: DENY ctrl cmd 0xa06f0111 (not in allowlist / oversize)
nvkvm: DENY ctrl cmd 0xa06f0111 (not in allowlist / oversize)
nvkvm: DENY ctrl cmd 0xa06f0111 (not in allowlist / oversize)
nvkvm: DENY ctrl cmd 0xa06f0111 (not in allowlist / oversize)
nvkvm: DENY ctrl cmd 0xa06f0111 (not in allowlist / oversize)
nvkvm: DENY ctrl cmd 0xa06f0111 (not in allowlist / oversize)
nvkvm: DENY ctrl cmd 0xa06f0111 (not in allowlist / oversize)
nvkvm: DENY ctrl cmd 0xa06f0111 (not in allowlist / oversize)
nvkvm: DENY ctrl cmd 0xa06f0111 (not in allowlist / oversize)
nvkvm: DENY ctrl cmd 0xa06f0111 (not in allowlist / oversize)
nvkvm: DENY ctrl cmd 0xa06f0111 (not in allowlist / oversize)
nvkvm: DENY ctrl cmd 0xa06f0111 (not in allowlist / oversize)
nvkvm: DENY ctrl cmd 0xa06f0111 (not in allowlist / oversize)
nvkvm: DENY ctrl cmd 0xa06f0111 (not in allowlist / oversize)
nvkvm: DENY ctrl cmd 0xa06f0111 (not in allowlist / oversize)
nvkvm: DENY ctrl cmd 0xa06f0111 (not in allowlist / oversize)
nvkvm: DENY ctrl cmd 0xa06f0111 (not in allowlist / oversize)
nvkvm: DENY ctrl cmd 0xa06f0111 (not in allowlist / oversize)
nvkvm: DENY ctrl cmd 0xa06f0111 (not in allowlist / oversize)
nvkvm: DENY ctrl cmd 0xa06f0111 (not in allowlist / oversize)
nvkvm: DENY ctrl cmd 0xa06f0111 (not in allowlist / oversize)
nvkvm: DENY ctrl cmd 0xa06f0111 (not in allowlist / oversize)
nvkvm: DENY ctrl cmd 0xa06f0111 (not in allowlist / oversize)
nvkvm: DENY ctrl cmd 0xa06f0111 (not in allowlist / oversize)
nvkvm: DENY ctrl cmd 0xa06f0111 (not in allowlist / oversize)
nvkvm: DENY ctrl cmd 0xa06f0111 (not in allowlist / oversize)
nvkvm: DENY ctrl cmd 0xa06f0111 (not in allowlist / oversize)
nvkvm: DENY ctrl cmd 0xa06f0111 (not in allowlist / oversize)
nvkvm: DENY ctrl cmd 0xa06f0111 (not in allowlist / oversize)
nvkvm: DENY ctrl cmd 0xa06f0111 (not in allowlist / oversize)
nvkvm: DENY ctrl cmd 0xa06f0111 (not in allowlist / oversize)
nvkvm: DENY ctrl cmd 0xa06f0111 (not in allowlist / oversize)
nvkvm: DENY ctrl cmd 0xa06f0111 (not in allowlist / oversize)
nvkvm: DENY ctrl cmd 0xa06f0111 (not in allowlist / oversize)
nvkvm: DENY ctrl cmd 0xa06f0111 (not in allowlist / oversize)
nvkvm: DENY ctrl cmd 0xa06f0111 (not in allowlist / oversize)
nvkvm: DENY ctrl cmd 0xa06f0111 (not in allowlist / oversize)
nvkvm: DENY ctrl cmd 0xa06f0111 (not in allowlist / oversize)
nvkvm: DENY ctrl cmd 0xa06f0111 (not in allowlist / oversize)
nvkvm: DENY ctrl cmd 0xa06f0111 (not in allowlist / oversize)
nvkvm: DENY ctrl cmd 0xa06f0111 (not in allowlist / oversize)
nvkvm: DENY ctrl cmd 0xa06f0111 (not in allowlist / oversize)
nvkvm: DENY ctrl cmd 0xa06f0111 (not in allowlist / oversize)
nvkvm: DENY ctrl cmd 0xa06f0111 (not in allowlist / oversize)
nvkvm: DENY ctrl cmd 0xa06f0111 (not in allowlist / oversize)
nvkvm: DENY ctrl cmd 0xa06f0111 (not in allowlist / oversize)
nvkvm disp stats: 60.0 frames/s dropped=0 failed=0 present_mean=0.74ms (total consumed=5572 dropped=0 failed=1)
nvkvm: DENY ctrl cmd 0xa06f0111 (not in allowlist / oversize)
nvkvm: DENY ctrl cmd 0xa06f0111 (not in allowlist / oversize)
nvkvm: DENY ctrl cmd 0xa06f0111 (not in allowlist / oversize)
nvkvm: DENY ctrl cmd 0xa06f0111 (not in allowlist / oversize)
nvkvm: DENY ctrl cmd 0xa06f0111 (not in allowlist / oversize)
nvkvm: DENY ctrl cmd 0xa06f0111 (not in allowlist / oversize)
nvkvm: DENY ctrl cmd 0xa06f0111 (not in allowlist / oversize)
nvkvm: DENY ctrl cmd 0xa06f0111 (not in allowlist / oversize)
nvkvm: DENY ctrl cmd 0xa06f0111 (not in allowlist / oversize)
nvkvm: DENY ctrl cmd 0xa06f0111 (not in allowlist / oversize)
nvkvm: DENY ctrl cmd 0xa06f0111 (not in allowlist / oversize)
nvkvm: DENY ctrl cmd 0xa06f0111 (not in allowlist / oversize)
nvkvm: DENY ctrl cmd 0xa06f0111 (not in allowlist / oversize)
nvkvm: DENY ctrl cmd 0xa06f0111 (not in allowlist / oversize)
nvkvm: DENY ctrl cmd 0xa06f0111 (not in allowlist / oversize)
nvkvm: DENY ctrl cmd 0xa06f0111 (not in allowlist / oversize)
nvkvm: DENY ctrl cmd 0xa06f0111 (not in allowlist / oversize)
nvkvm: DENY ctrl cmd 0xa06f0111 (not in allowlist / oversize)
nvkvm: DENY ctrl cmd 0xa06f0111 (not in allowlist / oversize)
nvkvm: DENY ctrl cmd 0xa06f0111 (not in allowlist / oversize)
nvkvm: DENY ctrl cmd 0xa06f0111 (not in allowlist / oversize)
nvkvm: DENY ctrl cmd 0xa06f0111 (not in allowlist / oversize)
nvkvm: DENY ctrl cmd 0xa06f0111 (not in allowlist / oversize)
nvkvm: DENY ctrl cmd 0xa06f0111 (not in allowlist / oversize)
nvkvm: DENY ctrl cmd 0xa06f0111 (not in allowlist / oversize)
nvkvm: DENY ctrl cmd 0xa06f0111 (not in allowlist / oversize)
nvkvm: DENY ctrl cmd 0xa06f0111 (not in allowlist / oversize)
nvkvm: DENY ctrl cmd 0xa06f0111 (not in allowlist / oversize)
nvkvm: DENY ctrl cmd 0xa06f0111 (not in allowlist / oversize)
nvkvm: DENY ctrl cmd 0xa06f0111 (not in allowlist / oversize)
nvkvm: DENY ctrl cmd 0xa06f0111 (not in allowlist / oversize)
nvkvm: DENY ctrl cmd 0xa06f0111 (not in allowlist / oversize)
nvkvm: DENY ctrl cmd 0xa06f0111 (not in allowlist / oversize)
nvkvm: DENY ctrl cmd 0xa06f0111 (not in allowlist / oversize)
nvkvm: DENY ctrl cmd 0xa06f0111 (not in allowlist / oversize)
nvkvm: DENY ctrl cmd 0xa06f0111 (not in allowlist / oversize)
nvkvm: DENY ctrl cmd 0xa06f0111 (not in allowlist / oversize)
nvkvm: DENY ctrl cmd 0xa06f0111 (not in allowlist / oversize)
nvkvm: DENY ctrl cmd 0xa06f0111 (not in allowlist / oversize)
nvkvm: DENY ctrl cmd 0xa06f0111 (not in allowlist / oversize)
nvkvm: DENY ctrl cmd 0xa06f0111 (not in allowlist / oversize)
nvkvm: DENY ctrl cmd 0xa06f0111 (not in allowlist / oversize)
nvkvm: DENY ctrl cmd 0xa06f0111 (not in allowlist / oversize)
nvkvm: DENY ctrl cmd 0xa06f0111 (not in allowlist / oversize)
nvkvm: DENY ctrl cmd 0xa06f0111 (not in allowlist / oversize)
nvkvm: DENY ctrl cmd 0xa06f0111 (not in allowlist / oversize)
nvkvm: DENY ctrl cmd 0xa06f0111 (not in allowlist / oversize)
nvkvm: DENY ctrl cmd 0xa06f0111 (not in allowlist / oversize)
nvkvm: DENY ctrl cmd 0xa06f0111 (not in allowlist / oversize)
nvkvm: DENY ctrl cmd 0xa06f0111 (not in allowlist / oversize)
nvkvm: DENY ctrl cmd 0xa06f0111 (not in allowlist / oversize)
nvkvm: DENY ctrl cmd 0xa06f0111 (not in allowlist / oversize)
nvkvm: DENY ctrl cmd 0xa06f0111 (not in allowlist / oversize)
nvkvm: DENY ctrl cmd 0xa06f0111 (not in allowlist / oversize)
nvkvm: DENY ctrl cmd 0xa06f0111 (not in allowlist / oversize)
nvkvm: DENY ctrl cmd 0xa06f0111 (not in allowlist / oversize)
nvkvm: DENY ctrl cmd 0xa06f0111 (not in allowlist / oversize)
nvkvm: DENY ctrl cmd 0xa06f0111 (not in allowlist / oversize)
nvkvm: DENY ctrl cmd 0xa06f0111 (not in allowlist / oversize)
nvkvm disp stats: 58.9 frames/s dropped=0 failed=0 present_mean=0.55ms (total consumed=5631 dropped=0 failed=1)
nvkvm: DENY ctrl cmd 0xa06f0111 (not in allowlist / oversize)
nvkvm: DENY ctrl cmd 0xa06f0111 (not in allowlist / oversize)
nvkvm: DENY ctrl cmd 0xa06f0111 (not in allowlist / oversize)
nvkvm: DENY ctrl cmd 0xa06f0111 (not in allowlist / oversize)
nvkvm: DENY ctrl cmd 0xa06f0111 (not in allowlist / oversize)
nvkvm: DENY ctrl cmd 0xa06f0111 (not in allowlist / oversize)
nvkvm: DENY ctrl cmd 0xa06f0111 (not in allowlist / oversize)
nvkvm: DENY ctrl cmd 0xa06f0111 (not in allowlist / oversize)
nvkvm: DENY ctrl cmd 0xa06f0111 (not in allowlist / oversize)
nvkvm: DENY ctrl cmd 0xa06f0111 (not in allowlist / oversize)
nvkvm: DENY ctrl cmd 0xa06f0111 (not in allowlist / oversize)
nvkvm: DENY ctrl cmd 0xa06f0111 (not in allowlist / oversize)
nvkvm: DENY ctrl cmd 0xa06f0111 (not in allowlist / oversize)
nvkvm: DENY ctrl cmd 0xa06f0111 (not in allowlist / oversize)
nvkvm: DENY ctrl cmd 0xa06f0111 (not in allowlist / oversize)
nvkvm: DENY ctrl cmd 0xa06f0111 (not in allowlist / oversize)
nvkvm: DENY ctrl cmd 0xa06f0111 (not in allowlist / oversize)
nvkvm: DENY ctrl cmd 0xa06f0111 (not in allowlist / oversize)
nvkvm: DENY ctrl cmd 0xa06f0111 (not in allowlist / oversize)
nvkvm: DENY ctrl cmd 0xa06f0111 (not in allowlist / oversize)
nvkvm: DENY ctrl cmd 0xa06f0111 (not in allowlist / oversize)
nvkvm: DENY ctrl cmd 0xa06f0111 (not in allowlist / oversize)
nvkvm: DENY ctrl cmd 0xa06f0111 (not in allowlist / oversize)
nvkvm: DENY ctrl cmd 0xa06f0111 (not in allowlist / oversize)
nvkvm: DENY ctrl cmd 0xa06f0111 (not in allowlist / oversize)
nvkvm: DENY ctrl cmd 0xa06f0111 (not in allowlist / oversize)
nvkvm: DENY ctrl cmd 0xa06f0111 (not in allowlist / oversize)
nvkvm: DENY ctrl cmd 0xa06f0111 (not in allowlist / oversize)
nvkvm: DENY ctrl cmd 0xa06f0111 (not in allowlist / oversize)
nvkvm: DENY ctrl cmd 0xa06f0111 (not in allowlist / oversize)
nvkvm: DENY ctrl cmd 0xa06f0111 (not in allowlist / oversize)
nvkvm: DENY ctrl cmd 0xa06f0111 (not in allowlist / oversize)
nvkvm: DENY ctrl cmd 0xa06f0111 (not in allowlist / oversize)
nvkvm: DENY ctrl cmd 0xa06f0111 (not in allowlist / oversize)
nvkvm: DENY ctrl cmd 0xa06f0111 (not in allowlist / oversize)
nvkvm: DENY ctrl cmd 0xa06f0111 (not in allowlist / oversize)
nvkvm: DENY ctrl cmd 0xa06f0111 (not in allowlist / oversize)
nvkvm: DENY ctrl cmd 0xa06f0111 (not in allowlist / oversize)
nvkvm: DENY ctrl cmd 0xa06f0111 (not in allowlist / oversize)
nvkvm: DENY ctrl cmd 0xa06f0111 (not in allowlist / oversize)
nvkvm: DENY ctrl cmd 0xa06f0111 (not in allowlist / oversize)
nvkvm: DENY ctrl cmd 0xa06f0111 (not in allowlist / oversize)
nvkvm: DENY ctrl cmd 0xa06f0111 (not in allowlist / oversize)
nvkvm: DENY ctrl cmd 0xa06f0111 (not in allowlist / oversize)
nvkvm: DENY ctrl cmd 0xa06f0111 (not in allowlist / oversize)
nvkvm: DENY ctrl cmd 0xa06f0111 (not in allowlist / oversize)
nvkvm: DENY ctrl cmd 0xa06f0111 (not in allowlist / oversize)
nvkvm: DENY ctrl cmd 0xa06f0111 (not in allowlist / oversize)
nvkvm: DENY ctrl cmd 0xa06f0111 (not in allowlist / oversize)
nvkvm: DENY ctrl cmd 0xa06f0111 (not in allowlist / oversize)
nvkvm: DENY ctrl cmd 0xa06f0111 (not in allowlist / oversize)
nvkvm: DENY ctrl cmd 0xa06f0111 (not in allowlist / oversize)
nvkvm: DENY ctrl cmd 0xa06f0111 (not in allowlist / oversize)
nvkvm: DENY ctrl cmd 0xa06f0111 (not in allowlist / oversize)
nvkvm: DENY ctrl cmd 0xa06f0111 (not in allowlist / oversize)
nvkvm: DENY ctrl cmd 0xa06f0111 (not in allowlist / oversize)
nvkvm: DENY ctrl cmd 0xa06f0111 (not in allowlist / oversize)
nvkvm: DENY ctrl cmd 0xa06f0111 (not in allowlist / oversize)
nvkvm: DENY ctrl cmd 0xa06f0111 (not in allowlist / oversize)
nvkvm: DENY ctrl cmd 0xa06f0111 (not in allowlist / oversize)
nvkvm disp stats: 59.1 frames/s dropped=0 failed=0 present_mean=0.59ms (total consumed=5691 dropped=0 failed=1)
nvkvm: DENY ctrl cmd 0xa06f0111 (not in allowlist / oversize)
nvkvm: DENY ctrl cmd 0xa06f0111 (not in allowlist / oversize)
nvkvm: DENY ctrl cmd 0xa06f0111 (not in allowlist / oversize)
nvkvm: DENY ctrl cmd 0xa06f0111 (not in allowlist / oversize)
nvkvm: DENY ctrl cmd 0xa06f0111 (not in allowlist / oversize)
nvkvm: DENY ctrl cmd 0xa06f0111 (not in allowlist / oversize)
nvkvm: DENY ctrl cmd 0xa06f0111 (not in allowlist / oversize)
nvkvm: DENY ctrl cmd 0xa06f0111 (not in allowlist / oversize)
nvkvm: DENY ctrl cmd 0xa06f0111 (not in allowlist / oversize)
nvkvm: DENY ctrl cmd 0xa06f0111 (not in allowlist / oversize)
nvkvm: DENY ctrl cmd 0xa06f0111 (not in allowlist / oversize)
nvkvm: DENY ctrl cmd 0xa06f0111 (not in allowlist / oversize)
nvkvm: DENY ctrl cmd 0xa06f0111 (not in allowlist / oversize)
nvkvm: DENY ctrl cmd 0xa06f0111 (not in allowlist / oversize)
nvkvm: DENY ctrl cmd 0xa06f0111 (not in allowlist / oversize)
nvkvm: DENY ctrl cmd 0xa06f0111 (not in allowlist / oversize)
nvkvm: DENY ctrl cmd 0xa06f0111 (not in allowlist / oversize)
nvkvm: DENY ctrl cmd 0xa06f0111 (not in allowlist / oversize)
nvkvm: DENY ctrl cmd 0xa06f0111 (not in allowlist / oversize)
nvkvm: DENY ctrl cmd 0xa06f0111 (not in allowlist / oversize)
nvkvm: DENY ctrl cmd 0xa06f0111 (not in allowlist / oversize)
nvkvm: DENY ctrl cmd 0xa06f0111 (not in allowlist / oversize)
nvkvm: DENY ctrl cmd 0xa06f0111 (not in allowlist / oversize)
nvkvm: DENY ctrl cmd 0xa06f0111 (not in allowlist / oversize)
nvkvm: DENY ctrl cmd 0xa06f0111 (not in allowlist / oversize)
nvkvm: DENY ctrl cmd 0xa06f0111 (not in allowlist / oversize)
nvkvm: DENY ctrl cmd 0xa06f0111 (not in allowlist / oversize)
nvkvm: DENY ctrl cmd 0xa06f0111 (not in allowlist / oversize)
nvkvm: DENY ctrl cmd 0xa06f0111 (not in allowlist / oversize)
nvkvm: DENY ctrl cmd 0xa06f0111 (not in allowlist / oversize)
nvkvm: DENY ctrl cmd 0xa06f0111 (not in allowlist / oversize)
nvkvm: DENY ctrl cmd 0xa06f0111 (not in allowlist / oversize)
nvkvm: DENY ctrl cmd 0xa06f0111 (not in allowlist / oversize)
nvkvm: DENY ctrl cmd 0xa06f0111 (not in allowlist / oversize)
nvkvm: DENY ctrl cmd 0xa06f0111 (not in allowlist / oversize)
nvkvm: DENY ctrl cmd 0xa06f0111 (not in allowlist / oversize)
nvkvm: DENY ctrl cmd 0xa06f0111 (not in allowlist / oversize)
nvkvm: DENY ctrl cmd 0xa06f0111 (not in allowlist / oversize)
nvkvm: DENY ctrl cmd 0xa06f0111 (not in allowlist / oversize)
nvkvm: DENY ctrl cmd 0xa06f0111 (not in allowlist / oversize)
nvkvm: DENY ctrl cmd 0xa06f0111 (not in allowlist / oversize)
nvkvm: DENY ctrl cmd 0xa06f0111 (not in allowlist / oversize)
nvkvm: DENY ctrl cmd 0xa06f0111 (not in allowlist / oversize)
nvkvm: DENY ctrl cmd 0xa06f0111 (not in allowlist / oversize)
nvkvm: DENY ctrl cmd 0xa06f0111 (not in allowlist / oversize)
nvkvm: DENY ctrl cmd 0xa06f0111 (not in allowlist / oversize)
nvkvm: DENY ctrl cmd 0xa06f0111 (not in allowlist / oversize)
nvkvm: DENY ctrl cmd 0xa06f0111 (not in allowlist / oversize)
nvkvm: DENY ctrl cmd 0xa06f0111 (not in allowlist / oversize)
nvkvm: DENY ctrl cmd 0xa06f0111 (not in allowlist / oversize)
nvkvm: DENY ctrl cmd 0xa06f0111 (not in allowlist / oversize)
nvkvm: DENY ctrl cmd 0xa06f0111 (not in allowlist / oversize)
nvkvm: DENY ctrl cmd 0xa06f0111 (not in allowlist / oversize)
nvkvm: DENY ctrl cmd 0xa06f0111 (not in allowlist / oversize)
nvkvm: DENY ctrl cmd 0xa06f0111 (not in allowlist / oversize)
nvkvm: DENY ctrl cmd 0xa06f0111 (not in allowlist / oversize)
nvkvm: DENY ctrl cmd 0xa06f0111 (not in allowlist / oversize)
nvkvm: DENY ctrl cmd 0xa06f0111 (not in allowlist / oversize)
nvkvm: DENY ctrl cmd 0xa06f0111 (not in allowlist / oversize)
nvkvm: DENY ctrl cmd 0xa06f0111 (not in allowlist / oversize)
nvkvm: DENY ctrl cmd 0xa06f0111 (not in allowlist / oversize)
nvkvm disp stats: 60.0 frames/s dropped=0 failed=0 present_mean=0.72ms (total consumed=5752 dropped=0 failed=1)
nvkvm: DENY ctrl cmd 0xa06f0111 (not in allowlist / oversize)
nvkvm: DENY ctrl cmd 0xa06f0111 (not in allowlist / oversize)
nvkvm: DENY ctrl cmd 0xa06f0111 (not in allowlist / oversize)
nvkvm: DENY ctrl cmd 0xa06f0111 (not in allowlist / oversize)
nvkvm: DENY ctrl cmd 0xa06f0111 (not in allowlist / oversize)
nvkvm: DENY ctrl cmd 0xa06f0111 (not in allowlist / oversize)
nvkvm: DENY ctrl cmd 0xa06f0111 (not in allowlist / oversize)
nvkvm: DENY ctrl cmd 0xa06f0111 (not in allowlist / oversize)
nvkvm: DENY ctrl cmd 0xa06f0111 (not in allowlist / oversize)
nvkvm: DENY ctrl cmd 0xa06f0111 (not in allowlist / oversize)
nvkvm: DENY ctrl cmd 0xa06f0111 (not in allowlist / oversize)
nvkvm: DENY ctrl cmd 0xa06f0111 (not in allowlist / oversize)
nvkvm: DENY ctrl cmd 0xa06f0111 (not in allowlist / oversize)
nvkvm: DENY ctrl cmd 0xa06f0111 (not in allowlist / oversize)
nvkvm: DENY ctrl cmd 0xa06f0111 (not in allowlist / oversize)
nvkvm: DENY ctrl cmd 0xa06f0111 (not in allowlist / oversize)
nvkvm: DENY ctrl cmd 0xa06f0111 (not in allowlist / oversize)
nvkvm: DENY ctrl cmd 0xa06f0111 (not in allowlist / oversize)
nvkvm: DENY ctrl cmd 0xa06f0111 (not in allowlist / oversize)
nvkvm: DENY ctrl cmd 0xa06f0111 (not in allowlist / oversize)
nvkvm: DENY ctrl cmd 0xa06f0111 (not in allowlist / oversize)
nvkvm: DENY ctrl cmd 0xa06f0111 (not in allowlist / oversize)
nvkvm: DENY ctrl cmd 0xa06f0111 (not in allowlist / oversize)
nvkvm: DENY ctrl cmd 0xa06f0111 (not in allowlist / oversize)
nvkvm: DENY ctrl cmd 0xa06f0111 (not in allowlist / oversize)
nvkvm: DENY ctrl cmd 0xa06f0111 (not in allowlist / oversize)
nvkvm: DENY ctrl cmd 0xa06f0111 (not in allowlist / oversize)
nvkvm: DENY ctrl cmd 0xa06f0111 (not in allowlist / oversize)
nvkvm: DENY ctrl cmd 0xa06f0111 (not in allowlist / oversize)
nvkvm: DENY ctrl cmd 0xa06f0111 (not in allowlist / oversize)
nvkvm: DENY ctrl cmd 0xa06f0111 (not in allowlist / oversize)
nvkvm: DENY ctrl cmd 0xa06f0111 (not in allowlist / oversize)
nvkvm: DENY ctrl cmd 0xa06f0111 (not in allowlist / oversize)
nvkvm: DENY ctrl cmd 0xa06f0111 (not in allowlist / oversize)
nvkvm: DENY ctrl cmd 0xa06f0111 (not in allowlist / oversize)
nvkvm: DENY ctrl cmd 0xa06f0111 (not in allowlist / oversize)
nvkvm: DENY ctrl cmd 0xa06f0111 (not in allowlist / oversize)
nvkvm: DENY ctrl cmd 0xa06f0111 (not in allowlist / oversize)
nvkvm: DENY ctrl cmd 0xa06f0111 (not in allowlist / oversize)
nvkvm: DENY ctrl cmd 0xa06f0111 (not in allowlist / oversize)
nvkvm: DENY ctrl cmd 0xa06f0111 (not in allowlist / oversize)
nvkvm: DENY ctrl cmd 0xa06f0111 (not in allowlist / oversize)
nvkvm: DENY ctrl cmd 0xa06f0111 (not in allowlist / oversize)
nvkvm: DENY ctrl cmd 0xa06f0111 (not in allowlist / oversize)
nvkvm: DENY ctrl cmd 0xa06f0111 (not in allowlist / oversize)
nvkvm: DENY ctrl cmd 0xa06f0111 (not in allowlist / oversize)
nvkvm: DENY ctrl cmd 0xa06f0111 (not in allowlist / oversize)
nvkvm: DENY ctrl cmd 0xa06f0111 (not in allowlist / oversize)
nvkvm: DENY ctrl cmd 0xa06f0111 (not in allowlist / oversize)
nvkvm: DENY ctrl cmd 0xa06f0111 (not in allowlist / oversize)
nvkvm: DENY ctrl cmd 0xa06f0111 (not in allowlist / oversize)
nvkvm: DENY ctrl cmd 0xa06f0111 (not in allowlist / oversize)
nvkvm: DENY ctrl cmd 0xa06f0111 (not in allowlist / oversize)
nvkvm: DENY ctrl cmd 0xa06f0111 (not in allowlist / oversize)
nvkvm: DENY ctrl cmd 0xa06f0111 (not in allowlist / oversize)
nvkvm: DENY ctrl cmd 0xa06f0111 (not in allowlist / oversize)
nvkvm: DENY ctrl cmd 0xa06f0111 (not in allowlist / oversize)
nvkvm: DENY ctrl cmd 0xa06f0111 (not in allowlist / oversize)
nvkvm: DENY ctrl cmd 0xa06f0111 (not in allowlist / oversize)
nvkvm disp stats: 59.0 frames/s dropped=0 failed=0 present_mean=0.54ms (total consumed=5811 dropped=0 failed=1)
nvkvm: DENY ctrl cmd 0xa06f0111 (not in allowlist / oversize)
nvkvm: DENY ctrl cmd 0xa06f0111 (not in allowlist / oversize)
nvkvm: DENY ctrl cmd 0xa06f0111 (not in allowlist / oversize)
nvkvm: DENY ctrl cmd 0xa06f0111 (not in allowlist / oversize)
nvkvm: DENY ctrl cmd 0xa06f0111 (not in allowlist / oversize)
nvkvm: DENY ctrl cmd 0xa06f0111 (not in allowlist / oversize)
nvkvm: DENY ctrl cmd 0xa06f0111 (not in allowlist / oversize)
nvkvm: DENY ctrl cmd 0xa06f0111 (not in allowlist / oversize)
nvkvm: DENY ctrl cmd 0xa06f0111 (not in allowlist / oversize)
nvkvm: DENY ctrl cmd 0xa06f0111 (not in allowlist / oversize)
nvkvm: DENY ctrl cmd 0xa06f0111 (not in allowlist / oversize)
nvkvm: DENY ctrl cmd 0xa06f0111 (not in allowlist / oversize)
nvkvm: DENY ctrl cmd 0xa06f0111 (not in allowlist / oversize)
nvkvm: DENY ctrl cmd 0xa06f0111 (not in allowlist / oversize)
nvkvm: DENY ctrl cmd 0xa06f0111 (not in allowlist / oversize)
nvkvm: DENY ctrl cmd 0xa06f0111 (not in allowlist / oversize)
nvkvm: DENY ctrl cmd 0xa06f0111 (not in allowlist / oversize)
nvkvm: DENY ctrl cmd 0xa06f0111 (not in allowlist / oversize)
nvkvm: DENY ctrl cmd 0xa06f0111 (not in allowlist / oversize)
nvkvm: DENY ctrl cmd 0xa06f0111 (not in allowlist / oversize)
nvkvm: DENY ctrl cmd 0xa06f0111 (not in allowlist / oversize)
nvkvm: DENY ctrl cmd 0xa06f0111 (not in allowlist / oversize)
nvkvm: DENY ctrl cmd 0xa06f0111 (not in allowlist / oversize)
nvkvm: DENY ctrl cmd 0xa06f0111 (not in allowlist / oversize)
nvkvm: DENY ctrl cmd 0xa06f0111 (not in allowlist / oversize)
nvkvm: DENY ctrl cmd 0xa06f0111 (not in allowlist / oversize)
nvkvm: DENY ctrl cmd 0xa06f0111 (not in allowlist / oversize)
nvkvm: DENY ctrl cmd 0xa06f0111 (not in allowlist / oversize)
nvkvm: DENY ctrl cmd 0xa06f0111 (not in allowlist / oversize)
nvkvm: DENY ctrl cmd 0xa06f0111 (not in allowlist / oversize)
nvkvm: DENY ctrl cmd 0xa06f0111 (not in allowlist / oversize)
nvkvm: DENY ctrl cmd 0xa06f0111 (not in allowlist / oversize)
nvkvm: DENY ctrl cmd 0xa06f0111 (not in allowlist / oversize)
nvkvm: DENY ctrl cmd 0xa06f0111 (not in allowlist / oversize)
nvkvm: DENY ctrl cmd 0xa06f0111 (not in allowlist / oversize)
nvkvm: DENY ctrl cmd 0xa06f0111 (not in allowlist / oversize)
nvkvm: DENY ctrl cmd 0xa06f0111 (not in allowlist / oversize)
nvkvm: DENY ctrl cmd 0xa06f0111 (not in allowlist / oversize)
nvkvm: DENY ctrl cmd 0xa06f0111 (not in allowlist / oversize)
nvkvm: DENY ctrl cmd 0xa06f0111 (not in allowlist / oversize)
nvkvm: DENY ctrl cmd 0xa06f0111 (not in allowlist / oversize)
nvkvm: DENY ctrl cmd 0xa06f0111 (not in allowlist / oversize)
nvkvm: DENY ctrl cmd 0xa06f0111 (not in allowlist / oversize)
nvkvm: DENY ctrl cmd 0xa06f0111 (not in allowlist / oversize)
nvkvm: DENY ctrl cmd 0xa06f0111 (not in allowlist / oversize)
nvkvm: DENY ctrl cmd 0xa06f0111 (not in allowlist / oversize)
nvkvm: DENY ctrl cmd 0xa06f0111 (not in allowlist / oversize)
nvkvm: DENY ctrl cmd 0xa06f0111 (not in allowlist / oversize)
nvkvm: DENY ctrl cmd 0xa06f0111 (not in allowlist / oversize)
nvkvm: DENY ctrl cmd 0xa06f0111 (not in allowlist / oversize)
nvkvm: DENY ctrl cmd 0xa06f0111 (not in allowlist / oversize)
nvkvm: DENY ctrl cmd 0xa06f0111 (not in allowlist / oversize)
nvkvm: DENY ctrl cmd 0xa06f0111 (not in allowlist / oversize)
nvkvm: DENY ctrl cmd 0xa06f0111 (not in allowlist / oversize)
nvkvm: DENY ctrl cmd 0xa06f0111 (not in allowlist / oversize)
nvkvm: DENY ctrl cmd 0xa06f0111 (not in allowlist / oversize)
nvkvm: DENY ctrl cmd 0xa06f0111 (not in allowlist / oversize)
nvkvm: DENY ctrl cmd 0xa06f0111 (not in allowlist / oversize)
nvkvm: DENY ctrl cmd 0xa06f0111 (not in allowlist / oversize)
nvkvm: DENY ctrl cmd 0xa06f0111 (not in allowlist / oversize)
nvkvm disp stats: 59.9 frames/s dropped=0 failed=0 present_mean=0.55ms (total consumed=5871 dropped=0 failed=1)
nvkvm: DENY ctrl cmd 0xa06f0111 (not in allowlist / oversize)
nvkvm: DENY ctrl cmd 0xa06f0111 (not in allowlist / oversize)
nvkvm: DENY ctrl cmd 0xa06f0111 (not in allowlist / oversize)
nvkvm: DENY ctrl cmd 0xa06f0111 (not in allowlist / oversize)
nvkvm: DENY ctrl cmd 0xa06f0111 (not in allowlist / oversize)
nvkvm: DENY ctrl cmd 0xa06f0111 (not in allowlist / oversize)
nvkvm: DENY ctrl cmd 0xa06f0111 (not in allowlist / oversize)
nvkvm: DENY ctrl cmd 0xa06f0111 (not in allowlist / oversize)
nvkvm: DENY ctrl cmd 0xa06f0111 (not in allowlist / oversize)
nvkvm: DENY ctrl cmd 0xa06f0111 (not in allowlist / oversize)
nvkvm: DENY ctrl cmd 0xa06f0111 (not in allowlist / oversize)
nvkvm: DENY ctrl cmd 0xa06f0111 (not in allowlist / oversize)
nvkvm: DENY ctrl cmd 0xa06f0111 (not in allowlist / oversize)
nvkvm: DENY ctrl cmd 0xa06f0111 (not in allowlist / oversize)
nvkvm: DENY ctrl cmd 0xa06f0111 (not in allowlist / oversize)
nvkvm: DENY ctrl cmd 0xa06f0111 (not in allowlist / oversize)
nvkvm: DENY ctrl cmd 0xa06f0111 (not in allowlist / oversize)
nvkvm: DENY ctrl cmd 0xa06f0111 (not in allowlist / oversize)
nvkvm: DENY ctrl cmd 0xa06f0111 (not in allowlist / oversize)
nvkvm: DENY ctrl cmd 0xa06f0111 (not in allowlist / oversize)
nvkvm: DENY ctrl cmd 0xa06f0111 (not in allowlist / oversize)
nvkvm: DENY ctrl cmd 0xa06f0111 (not in allowlist / oversize)
nvkvm: DENY ctrl cmd 0xa06f0111 (not in allowlist / oversize)
nvkvm: DENY ctrl cmd 0xa06f0111 (not in allowlist / oversize)
nvkvm: DENY ctrl cmd 0xa06f0111 (not in allowlist / oversize)
nvkvm: DENY ctrl cmd 0xa06f0111 (not in allowlist / oversize)
nvkvm: DENY ctrl cmd 0xa06f0111 (not in allowlist / oversize)
nvkvm: DENY ctrl cmd 0xa06f0111 (not in allowlist / oversize)
nvkvm: DENY ctrl cmd 0xa06f0111 (not in allowlist / oversize)
nvkvm: DENY ctrl cmd 0xa06f0111 (not in allowlist / oversize)
nvkvm: DENY ctrl cmd 0xa06f0111 (not in allowlist / oversize)
nvkvm: DENY ctrl cmd 0xa06f0111 (not in allowlist / oversize)
nvkvm: DENY ctrl cmd 0xa06f0111 (not in allowlist / oversize)
nvkvm: DENY ctrl cmd 0xa06f0111 (not in allowlist / oversize)
nvkvm: DENY ctrl cmd 0xa06f0111 (not in allowlist / oversize)
nvkvm: DENY ctrl cmd 0xa06f0111 (not in allowlist / oversize)
nvkvm: DENY ctrl cmd 0xa06f0111 (not in allowlist / oversize)
nvkvm: DENY ctrl cmd 0xa06f0111 (not in allowlist / oversize)
nvkvm: DENY ctrl cmd 0xa06f0111 (not in allowlist / oversize)
nvkvm: DENY ctrl cmd 0xa06f0111 (not in allowlist / oversize)
nvkvm: DENY ctrl cmd 0xa06f0111 (not in allowlist / oversize)
nvkvm: DENY ctrl cmd 0xa06f0111 (not in allowlist / oversize)
nvkvm: DENY ctrl cmd 0xa06f0111 (not in allowlist / oversize)
nvkvm: DENY ctrl cmd 0xa06f0111 (not in allowlist / oversize)
nvkvm: DENY ctrl cmd 0xa06f0111 (not in allowlist / oversize)
nvkvm: DENY ctrl cmd 0xa06f0111 (not in allowlist / oversize)
nvkvm: DENY ctrl cmd 0xa06f0111 (not in allowlist / oversize)
nvkvm: DENY ctrl cmd 0xa06f0111 (not in allowlist / oversize)
nvkvm: DENY ctrl cmd 0xa06f0111 (not in allowlist / oversize)
nvkvm: DENY ctrl cmd 0xa06f0111 (not in allowlist / oversize)
nvkvm: DENY ctrl cmd 0xa06f0111 (not in allowlist / oversize)
nvkvm: DENY ctrl cmd 0xa06f0111 (not in allowlist / oversize)
nvkvm: DENY ctrl cmd 0xa06f0111 (not in allowlist / oversize)
nvkvm: DENY ctrl cmd 0xa06f0111 (not in allowlist / oversize)
nvkvm: DENY ctrl cmd 0xa06f0111 (not in allowlist / oversize)
nvkvm: DENY ctrl cmd 0xa06f0111 (not in allowlist / oversize)
nvkvm: DENY ctrl cmd 0xa06f0111 (not in allowlist / oversize)
nvkvm: DENY ctrl cmd 0xa06f0111 (not in allowlist / oversize)
nvkvm: DENY ctrl cmd 0xa06f0111 (not in allowlist / oversize)
nvkvm: DENY ctrl cmd 0xa06f0111 (not in allowlist / oversize)
nvkvm disp stats: 60.0 frames/s dropped=0 failed=0 present_mean=0.71ms (total consumed=5931 dropped=0 failed=1)
nvkvm: DENY ctrl cmd 0xa06f0111 (not in allowlist / oversize)
nvkvm: DENY ctrl cmd 0xa06f0111 (not in allowlist / oversize)
nvkvm: DENY ctrl cmd 0xa06f0111 (not in allowlist / oversize)
nvkvm: DENY ctrl cmd 0xa06f0111 (not in allowlist / oversize)
nvkvm: DENY ctrl cmd 0xa06f0111 (not in allowlist / oversize)
nvkvm: DENY ctrl cmd 0xa06f0111 (not in allowlist / oversize)
nvkvm: DENY ctrl cmd 0xa06f0111 (not in allowlist / oversize)
nvkvm: DENY ctrl cmd 0xa06f0111 (not in allowlist / oversize)
nvkvm: DENY ctrl cmd 0xa06f0111 (not in allowlist / oversize)
nvkvm: DENY ctrl cmd 0xa06f0111 (not in allowlist / oversize)
nvkvm: DENY ctrl cmd 0xa06f0111 (not in allowlist / oversize)
nvkvm: DENY ctrl cmd 0xa06f0111 (not in allowlist / oversize)
nvkvm: DENY ctrl cmd 0xa06f0111 (not in allowlist / oversize)
nvkvm: DENY ctrl cmd 0xa06f0111 (not in allowlist / oversize)
nvkvm: DENY ctrl cmd 0xa06f0111 (not in allowlist / oversize)
nvkvm: DENY ctrl cmd 0xa06f0111 (not in allowlist / oversize)
nvkvm: DENY ctrl cmd 0xa06f0111 (not in allowlist / oversize)
nvkvm: DENY ctrl cmd 0xa06f0111 (not in allowlist / oversize)
nvkvm: DENY ctrl cmd 0xa06f0111 (not in allowlist / oversize)
nvkvm: DENY ctrl cmd 0xa06f0111 (not in allowlist / oversize)
nvkvm: DENY ctrl cmd 0xa06f0111 (not in allowlist / oversize)
nvkvm: DENY ctrl cmd 0xa06f0111 (not in allowlist / oversize)
nvkvm: DENY ctrl cmd 0xa06f0111 (not in allowlist / oversize)
nvkvm: DENY ctrl cmd 0xa06f0111 (not in allowlist / oversize)
nvkvm: DENY ctrl cmd 0xa06f0111 (not in allowlist / oversize)
nvkvm: DENY ctrl cmd 0xa06f0111 (not in allowlist / oversize)
nvkvm: DENY ctrl cmd 0xa06f0111 (not in allowlist / oversize)
nvkvm: DENY ctrl cmd 0xa06f0111 (not in allowlist / oversize)
nvkvm: DENY ctrl cmd 0xa06f0111 (not in allowlist / oversize)
nvkvm: DENY ctrl cmd 0xa06f0111 (not in allowlist / oversize)
nvkvm: DENY ctrl cmd 0xa06f0111 (not in allowlist / oversize)
nvkvm: DENY ctrl cmd 0xa06f0111 (not in allowlist / oversize)
nvkvm: DENY ctrl cmd 0xa06f0111 (not in allowlist / oversize)
nvkvm: DENY ctrl cmd 0xa06f0111 (not in allowlist / oversize)
nvkvm: DENY ctrl cmd 0xa06f0111 (not in allowlist / oversize)
nvkvm: DENY ctrl cmd 0xa06f0111 (not in allowlist / oversize)
nvkvm: DENY ctrl cmd 0xa06f0111 (not in allowlist / oversize)
nvkvm: DENY ctrl cmd 0xa06f0111 (not in allowlist / oversize)
nvkvm: DENY ctrl cmd 0xa06f0111 (not in allowlist / oversize)
nvkvm: DENY ctrl cmd 0xa06f0111 (not in allowlist / oversize)
nvkvm: DENY ctrl cmd 0xa06f0111 (not in allowlist / oversize)
nvkvm: DENY ctrl cmd 0xa06f0111 (not in allowlist / oversize)
nvkvm: DENY ctrl cmd 0xa06f0111 (not in allowlist / oversize)
nvkvm: DENY ctrl cmd 0xa06f0111 (not in allowlist / oversize)
nvkvm: DENY ctrl cmd 0xa06f0111 (not in allowlist / oversize)
nvkvm: DENY ctrl cmd 0xa06f0111 (not in allowlist / oversize)
nvkvm: DENY ctrl cmd 0xa06f0111 (not in allowlist / oversize)
nvkvm: DENY ctrl cmd 0xa06f0111 (not in allowlist / oversize)
nvkvm: DENY ctrl cmd 0xa06f0111 (not in allowlist / oversize)
nvkvm: DENY ctrl cmd 0xa06f0111 (not in allowlist / oversize)
nvkvm: DENY ctrl cmd 0xa06f0111 (not in allowlist / oversize)
nvkvm: DENY ctrl cmd 0xa06f0111 (not in allowlist / oversize)
nvkvm: DENY ctrl cmd 0xa06f0111 (not in allowlist / oversize)
nvkvm: DENY ctrl cmd 0xa06f0111 (not in allowlist / oversize)
nvkvm: DENY ctrl cmd 0xa06f0111 (not in allowlist / oversize)
nvkvm: DENY ctrl cmd 0xa06f0111 (not in allowlist / oversize)
nvkvm: DENY ctrl cmd 0xa06f0111 (not in allowlist / oversize)
nvkvm: DENY ctrl cmd 0xa06f0111 (not in allowlist / oversize)
nvkvm: DENY ctrl cmd 0xa06f0111 (not in allowlist / oversize)
nvkvm: DENY ctrl cmd 0xa06f0111 (not in allowlist / oversize)
nvkvm: DENY ctrl cmd 0xa06f0111 (not in allowlist / oversize)
nvkvm disp stats: 60.1 frames/s dropped=0 failed=0 present_mean=0.54ms (total consumed=5992 dropped=0 failed=1)
nvkvm: DENY ctrl cmd 0xa06f0111 (not in allowlist / oversize)
nvkvm: DENY ctrl cmd 0xa06f0111 (not in allowlist / oversize)
nvkvm: DENY ctrl cmd 0xa06f0111 (not in allowlist / oversize)
nvkvm: DENY ctrl cmd 0xa06f0111 (not in allowlist / oversize)
nvkvm: DENY ctrl cmd 0xa06f0111 (not in allowlist / oversize)
nvkvm: DENY ctrl cmd 0xa06f0111 (not in allowlist / oversize)
nvkvm: DENY ctrl cmd 0xa06f0111 (not in allowlist / oversize)
nvkvm: DENY ctrl cmd 0xa06f0111 (not in allowlist / oversize)
nvkvm: DENY ctrl cmd 0xa06f0111 (not in allowlist / oversize)
nvkvm: DENY ctrl cmd 0xa06f0111 (not in allowlist / oversize)
nvkvm: DENY ctrl cmd 0xa06f0111 (not in allowlist / oversize)
nvkvm: DENY ctrl cmd 0xa06f0111 (not in allowlist / oversize)
nvkvm: DENY ctrl cmd 0xa06f0111 (not in allowlist / oversize)
nvkvm: DENY ctrl cmd 0xa06f0111 (not in allowlist / oversize)
nvkvm: DENY ctrl cmd 0xa06f0111 (not in allowlist / oversize)
nvkvm: DENY ctrl cmd 0xa06f0111 (not in allowlist / oversize)
nvkvm: DENY ctrl cmd 0xa06f0111 (not in allowlist / oversize)
nvkvm: DENY ctrl cmd 0xa06f0111 (not in allowlist / oversize)
nvkvm: DENY ctrl cmd 0xa06f0111 (not in allowlist / oversize)
nvkvm: DENY ctrl cmd 0xa06f0111 (not in allowlist / oversize)
nvkvm: DENY ctrl cmd 0xa06f0111 (not in allowlist / oversize)
nvkvm: DENY ctrl cmd 0xa06f0111 (not in allowlist / oversize)
nvkvm: DENY ctrl cmd 0xa06f0111 (not in allowlist / oversize)
nvkvm: DENY ctrl cmd 0xa06f0111 (not in allowlist / oversize)
nvkvm: DENY ctrl cmd 0xa06f0111 (not in allowlist / oversize)
nvkvm: DENY ctrl cmd 0xa06f0111 (not in allowlist / oversize)
nvkvm: DENY ctrl cmd 0xa06f0111 (not in allowlist / oversize)
nvkvm: DENY ctrl cmd 0xa06f0111 (not in allowlist / oversize)
nvkvm: DENY ctrl cmd 0xa06f0111 (not in allowlist / oversize)
nvkvm: DENY ctrl cmd 0xa06f0111 (not in allowlist / oversize)
nvkvm: DENY ctrl cmd 0xa06f0111 (not in allowlist / oversize)
nvkvm: DENY ctrl cmd 0xa06f0111 (not in allowlist / oversize)
nvkvm: DENY ctrl cmd 0xa06f0111 (not in allowlist / oversize)
nvkvm: DENY ctrl cmd 0xa06f0111 (not in allowlist / oversize)
nvkvm: DENY ctrl cmd 0xa06f0111 (not in allowlist / oversize)
nvkvm: DENY ctrl cmd 0xa06f0111 (not in allowlist / oversize)
nvkvm: DENY ctrl cmd 0xa06f0111 (not in allowlist / oversize)
nvkvm: DENY ctrl cmd 0xa06f0111 (not in allowlist / oversize)
nvkvm: DENY ctrl cmd 0xa06f0111 (not in allowlist / oversize)
nvkvm: DENY ctrl cmd 0xa06f0111 (not in allowlist / oversize)
nvkvm: DENY ctrl cmd 0xa06f0111 (not in allowlist / oversize)
nvkvm: DENY ctrl cmd 0xa06f0111 (not in allowlist / oversize)
nvkvm: DENY ctrl cmd 0xa06f0111 (not in allowlist / oversize)
nvkvm: DENY ctrl cmd 0xa06f0111 (not in allowlist / oversize)
nvkvm: DENY ctrl cmd 0xa06f0111 (not in allowlist / oversize)
nvkvm: DENY ctrl cmd 0xa06f0111 (not in allowlist / oversize)
nvkvm: DENY ctrl cmd 0xa06f0111 (not in allowlist / oversize)
nvkvm: DENY ctrl cmd 0xa06f0111 (not in allowlist / oversize)
nvkvm: DENY ctrl cmd 0xa06f0111 (not in allowlist / oversize)
nvkvm: DENY ctrl cmd 0xa06f0111 (not in allowlist / oversize)
nvkvm: DENY ctrl cmd 0xa06f0111 (not in allowlist / oversize)
nvkvm: DENY ctrl cmd 0xa06f0111 (not in allowlist / oversize)
nvkvm: DENY ctrl cmd 0xa06f0111 (not in allowlist / oversize)
nvkvm: DENY ctrl cmd 0xa06f0111 (not in allowlist / oversize)
nvkvm: DENY ctrl cmd 0xa06f0111 (not in allowlist / oversize)
nvkvm: DENY ctrl cmd 0xa06f0111 (not in allowlist / oversize)
nvkvm: DENY ctrl cmd 0xa06f0111 (not in allowlist / oversize)
nvkvm: DENY ctrl cmd 0xa06f0111 (not in allowlist / oversize)
nvkvm: DENY ctrl cmd 0xa06f0111 (not in allowlist / oversize)
nvkvm: DENY ctrl cmd 0xa06f0111 (not in allowlist / oversize)
nvkvm disp stats: 58.9 frames/s dropped=0 failed=0 present_mean=0.62ms (total consumed=6052 dropped=0 failed=1)
nvkvm: DENY ctrl cmd 0xa06f0111 (not in allowlist / oversize)
nvkvm: DENY ctrl cmd 0xa06f0111 (not in allowlist / oversize)
nvkvm: DENY ctrl cmd 0xa06f0111 (not in allowlist / oversize)
nvkvm: DENY ctrl cmd 0xa06f0111 (not in allowlist / oversize)
nvkvm: DENY ctrl cmd 0xa06f0111 (not in allowlist / oversize)
nvkvm: DENY ctrl cmd 0xa06f0111 (not in allowlist / oversize)
nvkvm: DENY ctrl cmd 0xa06f0111 (not in allowlist / oversize)
nvkvm: DENY ctrl cmd 0xa06f0111 (not in allowlist / oversize)
nvkvm: DENY ctrl cmd 0xa06f0111 (not in allowlist / oversize)
nvkvm: DENY ctrl cmd 0xa06f0111 (not in allowlist / oversize)
nvkvm: DENY ctrl cmd 0xa06f0111 (not in allowlist / oversize)
nvkvm: DENY ctrl cmd 0xa06f0111 (not in allowlist / oversize)
nvkvm: DENY ctrl cmd 0xa06f0111 (not in allowlist / oversize)
nvkvm: DENY ctrl cmd 0xa06f0111 (not in allowlist / oversize)
nvkvm: DENY ctrl cmd 0xa06f0111 (not in allowlist / oversize)
nvkvm: DENY ctrl cmd 0xa06f0111 (not in allowlist / oversize)
nvkvm: DENY ctrl cmd 0xa06f0111 (not in allowlist / oversize)
nvkvm: DENY ctrl cmd 0xa06f0111 (not in allowlist / oversize)
nvkvm: DENY ctrl cmd 0xa06f0111 (not in allowlist / oversize)
nvkvm: DENY ctrl cmd 0xa06f0111 (not in allowlist / oversize)
nvkvm: DENY ctrl cmd 0xa06f0111 (not in allowlist / oversize)
nvkvm: DENY ctrl cmd 0xa06f0111 (not in allowlist / oversize)
nvkvm: DENY ctrl cmd 0xa06f0111 (not in allowlist / oversize)
nvkvm: DENY ctrl cmd 0xa06f0111 (not in allowlist / oversize)
nvkvm: DENY ctrl cmd 0xa06f0111 (not in allowlist / oversize)
nvkvm: DENY ctrl cmd 0xa06f0111 (not in allowlist / oversize)
nvkvm: DENY ctrl cmd 0xa06f0111 (not in allowlist / oversize)
nvkvm: DENY ctrl cmd 0xa06f0111 (not in allowlist / oversize)
nvkvm: DENY ctrl cmd 0xa06f0111 (not in allowlist / oversize)
nvkvm: DENY ctrl cmd 0xa06f0111 (not in allowlist / oversize)
nvkvm: DENY ctrl cmd 0xa06f0111 (not in allowlist / oversize)
nvkvm: DENY ctrl cmd 0xa06f0111 (not in allowlist / oversize)
nvkvm: DENY ctrl cmd 0xa06f0111 (not in allowlist / oversize)
nvkvm: DENY ctrl cmd 0xa06f0111 (not in allowlist / oversize)
nvkvm: DENY ctrl cmd 0xa06f0111 (not in allowlist / oversize)
nvkvm: DENY ctrl cmd 0xa06f0111 (not in allowlist / oversize)
nvkvm: DENY ctrl cmd 0xa06f0111 (not in allowlist / oversize)
nvkvm: DENY ctrl cmd 0xa06f0111 (not in allowlist / oversize)
nvkvm: DENY ctrl cmd 0xa06f0111 (not in allowlist / oversize)
nvkvm: DENY ctrl cmd 0xa06f0111 (not in allowlist / oversize)
nvkvm: DENY ctrl cmd 0xa06f0111 (not in allowlist / oversize)
nvkvm: DENY ctrl cmd 0xa06f0111 (not in allowlist / oversize)
nvkvm: DENY ctrl cmd 0xa06f0111 (not in allowlist / oversize)
nvkvm: DENY ctrl cmd 0xa06f0111 (not in allowlist / oversize)
nvkvm: DENY ctrl cmd 0xa06f0111 (not in allowlist / oversize)
nvkvm: DENY ctrl cmd 0xa06f0111 (not in allowlist / oversize)
nvkvm: DENY ctrl cmd 0xa06f0111 (not in allowlist / oversize)
nvkvm: DENY ctrl cmd 0xa06f0111 (not in allowlist / oversize)
nvkvm: DENY ctrl cmd 0xa06f0111 (not in allowlist / oversize)
nvkvm: DENY ctrl cmd 0xa06f0111 (not in allowlist / oversize)
nvkvm: DENY ctrl cmd 0xa06f0111 (not in allowlist / oversize)
nvkvm: DENY ctrl cmd 0xa06f0111 (not in allowlist / oversize)
nvkvm: DENY ctrl cmd 0xa06f0111 (not in allowlist / oversize)
nvkvm: DENY ctrl cmd 0xa06f0111 (not in allowlist / oversize)
nvkvm: DENY ctrl cmd 0xa06f0111 (not in allowlist / oversize)
nvkvm: DENY ctrl cmd 0xa06f0111 (not in allowlist / oversize)
nvkvm: DENY ctrl cmd 0xa06f0111 (not in allowlist / oversize)
nvkvm: DENY ctrl cmd 0xa06f0111 (not in allowlist / oversize)
nvkvm: DENY ctrl cmd 0xa06f0111 (not in allowlist / oversize)
nvkvm: DENY ctrl cmd 0xa06f0111 (not in allowlist / oversize)
nvkvm: DENY ctrl cmd 0xa06f0111 (not in allowlist / oversize)
nvkvm disp stats: 60.0 frames/s dropped=0 failed=0 present_mean=0.42ms (total consumed=6113 dropped=0 failed=1)
nvkvm: DENY ctrl cmd 0xa06f0111 (not in allowlist / oversize)
nvkvm: DENY ctrl cmd 0xa06f0111 (not in allowlist / oversize)
nvkvm: DENY ctrl cmd 0xa06f0111 (not in allowlist / oversize)
nvkvm: DENY ctrl cmd 0xa06f0111 (not in allowlist / oversize)
nvkvm: DENY ctrl cmd 0xa06f0111 (not in allowlist / oversize)
nvkvm: DENY ctrl cmd 0xa06f0111 (not in allowlist / oversize)
nvkvm: DENY ctrl cmd 0xa06f0111 (not in allowlist / oversize)
nvkvm: DENY ctrl cmd 0xa06f0111 (not in allowlist / oversize)
nvkvm: DENY ctrl cmd 0xa06f0111 (not in allowlist / oversize)
nvkvm: DENY ctrl cmd 0xa06f0111 (not in allowlist / oversize)
nvkvm: DENY ctrl cmd 0xa06f0111 (not in allowlist / oversize)
nvkvm: DENY ctrl cmd 0xa06f0111 (not in allowlist / oversize)
nvkvm: DENY ctrl cmd 0xa06f0111 (not in allowlist / oversize)
nvkvm: DENY ctrl cmd 0xa06f0111 (not in allowlist / oversize)
nvkvm: DENY ctrl cmd 0xa06f0111 (not in allowlist / oversize)
nvkvm: DENY ctrl cmd 0xa06f0111 (not in allowlist / oversize)
nvkvm: DENY ctrl cmd 0xa06f0111 (not in allowlist / oversize)
nvkvm: DENY ctrl cmd 0xa06f0111 (not in allowlist / oversize)
nvkvm: DENY ctrl cmd 0xa06f0111 (not in allowlist / oversize)
nvkvm: DENY ctrl cmd 0xa06f0111 (not in allowlist / oversize)
nvkvm: DENY ctrl cmd 0xa06f0111 (not in allowlist / oversize)
nvkvm: DENY ctrl cmd 0xa06f0111 (not in allowlist / oversize)
nvkvm: DENY ctrl cmd 0xa06f0111 (not in allowlist / oversize)
nvkvm: DENY ctrl cmd 0xa06f0111 (not in allowlist / oversize)
nvkvm: DENY ctrl cmd 0xa06f0111 (not in allowlist / oversize)
nvkvm: DENY ctrl cmd 0xa06f0111 (not in allowlist / oversize)
nvkvm: DENY ctrl cmd 0xa06f0111 (not in allowlist / oversize)
nvkvm: DENY ctrl cmd 0xa06f0111 (not in allowlist / oversize)
nvkvm: DENY ctrl cmd 0xa06f0111 (not in allowlist / oversize)
nvkvm: DENY ctrl cmd 0xa06f0111 (not in allowlist / oversize)
nvkvm: DENY ctrl cmd 0xa06f0111 (not in allowlist / oversize)
nvkvm: DENY ctrl cmd 0xa06f0111 (not in allowlist / oversize)
nvkvm: DENY ctrl cmd 0xa06f0111 (not in allowlist / oversize)
nvkvm: DENY ctrl cmd 0xa06f0111 (not in allowlist / oversize)
nvkvm: DENY ctrl cmd 0xa06f0111 (not in allowlist / oversize)
nvkvm: DENY ctrl cmd 0xa06f0111 (not in allowlist / oversize)
nvkvm: DENY ctrl cmd 0xa06f0111 (not in allowlist / oversize)
nvkvm: DENY ctrl cmd 0xa06f0111 (not in allowlist / oversize)
nvkvm: DENY ctrl cmd 0xa06f0111 (not in allowlist / oversize)
nvkvm: DENY ctrl cmd 0xa06f0111 (not in allowlist / oversize)
nvkvm: DENY ctrl cmd 0xa06f0111 (not in allowlist / oversize)
nvkvm: DENY ctrl cmd 0xa06f0111 (not in allowlist / oversize)
nvkvm: DENY ctrl cmd 0xa06f0111 (not in allowlist / oversize)
nvkvm: DENY ctrl cmd 0xa06f0111 (not in allowlist / oversize)
nvkvm: DENY ctrl cmd 0xa06f0111 (not in allowlist / oversize)
nvkvm: DENY ctrl cmd 0xa06f0111 (not in allowlist / oversize)
nvkvm: DENY ctrl cmd 0xa06f0111 (not in allowlist / oversize)
nvkvm: DENY ctrl cmd 0xa06f0111 (not in allowlist / oversize)
nvkvm: DENY ctrl cmd 0xa06f0111 (not in allowlist / oversize)
nvkvm: DENY ctrl cmd 0xa06f0111 (not in allowlist / oversize)
nvkvm: DENY ctrl cmd 0xa06f0111 (not in allowlist / oversize)
nvkvm: DENY ctrl cmd 0xa06f0111 (not in allowlist / oversize)
nvkvm: DENY ctrl cmd 0xa06f0111 (not in allowlist / oversize)
nvkvm: DENY ctrl cmd 0xa06f0111 (not in allowlist / oversize)
nvkvm: DENY ctrl cmd 0xa06f0111 (not in allowlist / oversize)
nvkvm: DENY ctrl cmd 0xa06f0111 (not in allowlist / oversize)
nvkvm: DENY ctrl cmd 0xa06f0111 (not in allowlist / oversize)
nvkvm: DENY ctrl cmd 0xa06f0111 (not in allowlist / oversize)
nvkvm: DENY ctrl cmd 0xa06f0111 (not in allowlist / oversize)
nvkvm: DENY ctrl cmd 0xa06f0111 (not in allowlist / oversize)
nvkvm disp stats: 59.1 frames/s dropped=0 failed=0 present_mean=0.54ms (total consumed=6173 dropped=0 failed=1)
nvkvm: DENY ctrl cmd 0xa06f0111 (not in allowlist / oversize)
nvkvm: DENY ctrl cmd 0xa06f0111 (not in allowlist / oversize)
nvkvm: DENY ctrl cmd 0xa06f0111 (not in allowlist / oversize)
nvkvm: DENY ctrl cmd 0xa06f0111 (not in allowlist / oversize)
nvkvm: DENY ctrl cmd 0xa06f0111 (not in allowlist / oversize)
nvkvm: DENY ctrl cmd 0xa06f0111 (not in allowlist / oversize)
nvkvm: DENY ctrl cmd 0xa06f0111 (not in allowlist / oversize)
nvkvm: DENY ctrl cmd 0xa06f0111 (not in allowlist / oversize)
nvkvm: DENY ctrl cmd 0xa06f0111 (not in allowlist / oversize)
nvkvm: DENY ctrl cmd 0xa06f0111 (not in allowlist / oversize)
nvkvm: DENY ctrl cmd 0xa06f0111 (not in allowlist / oversize)
nvkvm: DENY ctrl cmd 0xa06f0111 (not in allowlist / oversize)
nvkvm: DENY ctrl cmd 0xa06f0111 (not in allowlist / oversize)
nvkvm: DENY ctrl cmd 0xa06f0111 (not in allowlist / oversize)
nvkvm: DENY ctrl cmd 0xa06f0111 (not in allowlist / oversize)
nvkvm: DENY ctrl cmd 0xa06f0111 (not in allowlist / oversize)
nvkvm: DENY ctrl cmd 0xa06f0111 (not in allowlist / oversize)
nvkvm: DENY ctrl cmd 0xa06f0111 (not in allowlist / oversize)
nvkvm: DENY ctrl cmd 0xa06f0111 (not in allowlist / oversize)
nvkvm: DENY ctrl cmd 0xa06f0111 (not in allowlist / oversize)
nvkvm: DENY ctrl cmd 0xa06f0111 (not in allowlist / oversize)
nvkvm: DENY ctrl cmd 0xa06f0111 (not in allowlist / oversize)
nvkvm: DENY ctrl cmd 0xa06f0111 (not in allowlist / oversize)
nvkvm: DENY ctrl cmd 0xa06f0111 (not in allowlist / oversize)
nvkvm: DENY ctrl cmd 0xa06f0111 (not in allowlist / oversize)
nvkvm: DENY ctrl cmd 0xa06f0111 (not in allowlist / oversize)
nvkvm: DENY ctrl cmd 0xa06f0111 (not in allowlist / oversize)
nvkvm: DENY ctrl cmd 0xa06f0111 (not in allowlist / oversize)
nvkvm: DENY ctrl cmd 0xa06f0111 (not in allowlist / oversize)
nvkvm: DENY ctrl cmd 0xa06f0111 (not in allowlist / oversize)
nvkvm: DENY ctrl cmd 0xa06f0111 (not in allowlist / oversize)
nvkvm: DENY ctrl cmd 0xa06f0111 (not in allowlist / oversize)
nvkvm: DENY ctrl cmd 0xa06f0111 (not in allowlist / oversize)
nvkvm: DENY ctrl cmd 0xa06f0111 (not in allowlist / oversize)
nvkvm: DENY ctrl cmd 0xa06f0111 (not in allowlist / oversize)
nvkvm: DENY ctrl cmd 0xa06f0111 (not in allowlist / oversize)
nvkvm: DENY ctrl cmd 0xa06f0111 (not in allowlist / oversize)
nvkvm: DENY ctrl cmd 0xa06f0111 (not in allowlist / oversize)
nvkvm: DENY ctrl cmd 0xa06f0111 (not in allowlist / oversize)
nvkvm: DENY ctrl cmd 0xa06f0111 (not in allowlist / oversize)
nvkvm: DENY ctrl cmd 0xa06f0111 (not in allowlist / oversize)
nvkvm: DENY ctrl cmd 0xa06f0111 (not in allowlist / oversize)
nvkvm: DENY ctrl cmd 0xa06f0111 (not in allowlist / oversize)
nvkvm: DENY ctrl cmd 0xa06f0111 (not in allowlist / oversize)
nvkvm: DENY ctrl cmd 0xa06f0111 (not in allowlist / oversize)
nvkvm: DENY ctrl cmd 0xa06f0111 (not in allowlist / oversize)
nvkvm: DENY ctrl cmd 0xa06f0111 (not in allowlist / oversize)
nvkvm: DENY ctrl cmd 0xa06f0111 (not in allowlist / oversize)
nvkvm: DENY ctrl cmd 0xa06f0111 (not in allowlist / oversize)
nvkvm: DENY ctrl cmd 0xa06f0111 (not in allowlist / oversize)
nvkvm: DENY ctrl cmd 0xa06f0111 (not in allowlist / oversize)
nvkvm: DENY ctrl cmd 0xa06f0111 (not in allowlist / oversize)
nvkvm: DENY ctrl cmd 0xa06f0111 (not in allowlist / oversize)
nvkvm: DENY ctrl cmd 0xa06f0111 (not in allowlist / oversize)
nvkvm: DENY ctrl cmd 0xa06f0111 (not in allowlist / oversize)
nvkvm: DENY ctrl cmd 0xa06f0111 (not in allowlist / oversize)
nvkvm: DENY ctrl cmd 0xa06f0111 (not in allowlist / oversize)
nvkvm: DENY ctrl cmd 0xa06f0111 (not in allowlist / oversize)
nvkvm: DENY ctrl cmd 0xa06f0111 (not in allowlist / oversize)
nvkvm: DENY ctrl cmd 0xa06f0111 (not in allowlist / oversize)
nvkvm disp stats: 60.0 frames/s dropped=0 failed=0 present_mean=0.67ms (total consumed=6233 dropped=0 failed=1)
nvkvm: DENY ctrl cmd 0xa06f0111 (not in allowlist / oversize)
nvkvm: DENY ctrl cmd 0xa06f0111 (not in allowlist / oversize)
nvkvm: DENY ctrl cmd 0xa06f0111 (not in allowlist / oversize)
nvkvm: DENY ctrl cmd 0xa06f0111 (not in allowlist / oversize)
nvkvm: DENY ctrl cmd 0xa06f0111 (not in allowlist / oversize)
nvkvm: DENY ctrl cmd 0xa06f0111 (not in allowlist / oversize)
nvkvm: DENY ctrl cmd 0xa06f0111 (not in allowlist / oversize)
nvkvm: DENY ctrl cmd 0xa06f0111 (not in allowlist / oversize)
nvkvm: DENY ctrl cmd 0xa06f0111 (not in allowlist / oversize)
nvkvm: DENY ctrl cmd 0xa06f0111 (not in allowlist / oversize)
nvkvm: DENY ctrl cmd 0xa06f0111 (not in allowlist / oversize)
nvkvm: DENY ctrl cmd 0xa06f0111 (not in allowlist / oversize)
nvkvm: DENY ctrl cmd 0xa06f0111 (not in allowlist / oversize)
nvkvm: DENY ctrl cmd 0xa06f0111 (not in allowlist / oversize)
nvkvm: DENY ctrl cmd 0xa06f0111 (not in allowlist / oversize)
nvkvm: DENY ctrl cmd 0xa06f0111 (not in allowlist / oversize)
nvkvm: DENY ctrl cmd 0xa06f0111 (not in allowlist / oversize)
nvkvm: DENY ctrl cmd 0xa06f0111 (not in allowlist / oversize)
nvkvm: DENY ctrl cmd 0xa06f0111 (not in allowlist / oversize)
nvkvm: DENY ctrl cmd 0xa06f0111 (not in allowlist / oversize)
nvkvm: DENY ctrl cmd 0xa06f0111 (not in allowlist / oversize)
nvkvm: DENY ctrl cmd 0xa06f0111 (not in allowlist / oversize)
nvkvm: DENY ctrl cmd 0xa06f0111 (not in allowlist / oversize)
nvkvm: DENY ctrl cmd 0xa06f0111 (not in allowlist / oversize)
nvkvm: DENY ctrl cmd 0xa06f0111 (not in allowlist / oversize)
nvkvm: DENY ctrl cmd 0xa06f0111 (not in allowlist / oversize)
nvkvm: DENY ctrl cmd 0xa06f0111 (not in allowlist / oversize)
nvkvm: DENY ctrl cmd 0xa06f0111 (not in allowlist / oversize)
nvkvm: DENY ctrl cmd 0xa06f0111 (not in allowlist / oversize)
nvkvm: DENY ctrl cmd 0xa06f0111 (not in allowlist / oversize)
nvkvm: DENY ctrl cmd 0xa06f0111 (not in allowlist / oversize)
nvkvm: DENY ctrl cmd 0xa06f0111 (not in allowlist / oversize)
nvkvm: DENY ctrl cmd 0xa06f0111 (not in allowlist / oversize)
nvkvm: DENY ctrl cmd 0xa06f0111 (not in allowlist / oversize)
nvkvm: DENY ctrl cmd 0xa06f0111 (not in allowlist / oversize)
nvkvm: DENY ctrl cmd 0xa06f0111 (not in allowlist / oversize)
nvkvm: DENY ctrl cmd 0xa06f0111 (not in allowlist / oversize)
nvkvm: DENY ctrl cmd 0xa06f0111 (not in allowlist / oversize)
nvkvm: DENY ctrl cmd 0xa06f0111 (not in allowlist / oversize)
nvkvm: DENY ctrl cmd 0xa06f0111 (not in allowlist / oversize)
nvkvm: DENY ctrl cmd 0xa06f0111 (not in allowlist / oversize)
nvkvm: DENY ctrl cmd 0xa06f0111 (not in allowlist / oversize)
nvkvm: DENY ctrl cmd 0xa06f0111 (not in allowlist / oversize)
nvkvm: DENY ctrl cmd 0xa06f0111 (not in allowlist / oversize)
nvkvm: DENY ctrl cmd 0xa06f0111 (not in allowlist / oversize)
nvkvm: DENY ctrl cmd 0xa06f0111 (not in allowlist / oversize)
nvkvm: DENY ctrl cmd 0xa06f0111 (not in allowlist / oversize)
nvkvm: DENY ctrl cmd 0xa06f0111 (not in allowlist / oversize)
nvkvm: DENY ctrl cmd 0xa06f0111 (not in allowlist / oversize)
nvkvm: DENY ctrl cmd 0xa06f0111 (not in allowlist / oversize)
nvkvm: DENY ctrl cmd 0xa06f0111 (not in allowlist / oversize)
nvkvm: DENY ctrl cmd 0xa06f0111 (not in allowlist / oversize)
nvkvm: DENY ctrl cmd 0xa06f0111 (not in allowlist / oversize)
nvkvm: DENY ctrl cmd 0xa06f0111 (not in allowlist / oversize)
nvkvm: DENY ctrl cmd 0xa06f0111 (not in allowlist / oversize)
nvkvm: DENY ctrl cmd 0xa06f0111 (not in allowlist / oversize)
nvkvm: DENY ctrl cmd 0xa06f0111 (not in allowlist / oversize)
nvkvm: DENY ctrl cmd 0xa06f0111 (not in allowlist / oversize)
nvkvm: DENY ctrl cmd 0xa06f0111 (not in allowlist / oversize)
nvkvm: DENY ctrl cmd 0xa06f0111 (not in allowlist / oversize)
nvkvm: DENY ctrl cmd 0xa06f0111 (not in allowlist / oversize)
nvkvm disp stats: 60.1 frames/s dropped=0 failed=0 present_mean=0.43ms (total consumed=6294 dropped=0 failed=1)
nvkvm: DENY ctrl cmd 0xa06f0111 (not in allowlist / oversize)
nvkvm: DENY ctrl cmd 0xa06f0111 (not in allowlist / oversize)
nvkvm: DENY ctrl cmd 0xa06f0111 (not in allowlist / oversize)
nvkvm: DENY ctrl cmd 0xa06f0111 (not in allowlist / oversize)
nvkvm: DENY ctrl cmd 0xa06f0111 (not in allowlist / oversize)
nvkvm: DENY ctrl cmd 0xa06f0111 (not in allowlist / oversize)
nvkvm: DENY ctrl cmd 0xa06f0111 (not in allowlist / oversize)
nvkvm: DENY ctrl cmd 0xa06f0111 (not in allowlist / oversize)
nvkvm: DENY ctrl cmd 0xa06f0111 (not in allowlist / oversize)
nvkvm: DENY ctrl cmd 0xa06f0111 (not in allowlist / oversize)
nvkvm: DENY ctrl cmd 0xa06f0111 (not in allowlist / oversize)
nvkvm: DENY ctrl cmd 0xa06f0111 (not in allowlist / oversize)
nvkvm: DENY ctrl cmd 0xa06f0111 (not in allowlist / oversize)
nvkvm: DENY ctrl cmd 0xa06f0111 (not in allowlist / oversize)
nvkvm: DENY ctrl cmd 0xa06f0111 (not in allowlist / oversize)
nvkvm: DENY ctrl cmd 0xa06f0111 (not in allowlist / oversize)
nvkvm: DENY ctrl cmd 0xa06f0111 (not in allowlist / oversize)
nvkvm: DENY ctrl cmd 0xa06f0111 (not in allowlist / oversize)
nvkvm: DENY ctrl cmd 0xa06f0111 (not in allowlist / oversize)
nvkvm: DENY ctrl cmd 0xa06f0111 (not in allowlist / oversize)
nvkvm: DENY ctrl cmd 0xa06f0111 (not in allowlist / oversize)
nvkvm: DENY ctrl cmd 0xa06f0111 (not in allowlist / oversize)
nvkvm: DENY ctrl cmd 0xa06f0111 (not in allowlist / oversize)
nvkvm: DENY ctrl cmd 0xa06f0111 (not in allowlist / oversize)
nvkvm: DENY ctrl cmd 0xa06f0111 (not in allowlist / oversize)
nvkvm: DENY ctrl cmd 0xa06f0111 (not in allowlist / oversize)
nvkvm: DENY ctrl cmd 0xa06f0111 (not in allowlist / oversize)
nvkvm: DENY ctrl cmd 0xa06f0111 (not in allowlist / oversize)
nvkvm: DENY ctrl cmd 0xa06f0111 (not in allowlist / oversize)
nvkvm: DENY ctrl cmd 0xa06f0111 (not in allowlist / oversize)
nvkvm: DENY ctrl cmd 0xa06f0111 (not in allowlist / oversize)
nvkvm: DENY ctrl cmd 0xa06f0111 (not in allowlist / oversize)
nvkvm: DENY ctrl cmd 0xa06f0111 (not in allowlist / oversize)
nvkvm: DENY ctrl cmd 0xa06f0111 (not in allowlist / oversize)
nvkvm: DENY ctrl cmd 0xa06f0111 (not in allowlist / oversize)
nvkvm: DENY ctrl cmd 0xa06f0111 (not in allowlist / oversize)
nvkvm: DENY ctrl cmd 0xa06f0111 (not in allowlist / oversize)
nvkvm: DENY ctrl cmd 0xa06f0111 (not in allowlist / oversize)
nvkvm: DENY ctrl cmd 0xa06f0111 (not in allowlist / oversize)
nvkvm: DENY ctrl cmd 0xa06f0111 (not in allowlist / oversize)
nvkvm: DENY ctrl cmd 0xa06f0111 (not in allowlist / oversize)
nvkvm: DENY ctrl cmd 0xa06f0111 (not in allowlist / oversize)
nvkvm: DENY ctrl cmd 0xa06f0111 (not in allowlist / oversize)
nvkvm: DENY ctrl cmd 0xa06f0111 (not in allowlist / oversize)
nvkvm: DENY ctrl cmd 0xa06f0111 (not in allowlist / oversize)
nvkvm: DENY ctrl cmd 0xa06f0111 (not in allowlist / oversize)
nvkvm: DENY ctrl cmd 0xa06f0111 (not in allowlist / oversize)
nvkvm: DENY ctrl cmd 0xa06f0111 (not in allowlist / oversize)
nvkvm: DENY ctrl cmd 0xa06f0111 (not in allowlist / oversize)
nvkvm: DENY ctrl cmd 0xa06f0111 (not in allowlist / oversize)
nvkvm: DENY ctrl cmd 0xa06f0111 (not in allowlist / oversize)
nvkvm: DENY ctrl cmd 0xa06f0111 (not in allowlist / oversize)
nvkvm: DENY ctrl cmd 0xa06f0111 (not in allowlist / oversize)
nvkvm: DENY ctrl cmd 0xa06f0111 (not in allowlist / oversize)
nvkvm: DENY ctrl cmd 0xa06f0111 (not in allowlist / oversize)
nvkvm: DENY ctrl cmd 0xa06f0111 (not in allowlist / oversize)
nvkvm: DENY ctrl cmd 0xa06f0111 (not in allowlist / oversize)
nvkvm: DENY ctrl cmd 0xa06f0111 (not in allowlist / oversize)
nvkvm: DENY ctrl cmd 0xa06f0111 (not in allowlist / oversize)
nvkvm disp stats: 58.9 frames/s dropped=0 failed=0 present_mean=0.51ms (total consumed=6353 dropped=0 failed=1)
nvkvm: DENY ctrl cmd 0xa06f0111 (not in allowlist / oversize)
nvkvm: DENY ctrl cmd 0xa06f0111 (not in allowlist / oversize)
nvkvm: DENY ctrl cmd 0xa06f0111 (not in allowlist / oversize)
nvkvm: DENY ctrl cmd 0xa06f0111 (not in allowlist / oversize)
nvkvm: DENY ctrl cmd 0xa06f0111 (not in allowlist / oversize)
nvkvm: DENY ctrl cmd 0xa06f0111 (not in allowlist / oversize)
nvkvm: DENY ctrl cmd 0xa06f0111 (not in allowlist / oversize)
nvkvm: DENY ctrl cmd 0xa06f0111 (not in allowlist / oversize)
nvkvm: DENY ctrl cmd 0xa06f0111 (not in allowlist / oversize)
nvkvm: DENY ctrl cmd 0xa06f0111 (not in allowlist / oversize)
nvkvm: DENY ctrl cmd 0xa06f0111 (not in allowlist / oversize)
nvkvm: DENY ctrl cmd 0xa06f0111 (not in allowlist / oversize)
nvkvm: DENY ctrl cmd 0xa06f0111 (not in allowlist / oversize)
nvkvm: DENY ctrl cmd 0xa06f0111 (not in allowlist / oversize)
nvkvm: DENY ctrl cmd 0xa06f0111 (not in allowlist / oversize)
nvkvm: DENY ctrl cmd 0xa06f0111 (not in allowlist / oversize)
nvkvm: DENY ctrl cmd 0xa06f0111 (not in allowlist / oversize)
nvkvm: DENY ctrl cmd 0xa06f0111 (not in allowlist / oversize)
nvkvm: DENY ctrl cmd 0xa06f0111 (not in allowlist / oversize)
nvkvm: DENY ctrl cmd 0xa06f0111 (not in allowlist / oversize)
nvkvm: DENY ctrl cmd 0xa06f0111 (not in allowlist / oversize)
nvkvm: DENY ctrl cmd 0xa06f0111 (not in allowlist / oversize)
nvkvm: DENY ctrl cmd 0xa06f0111 (not in allowlist / oversize)
nvkvm: DENY ctrl cmd 0xa06f0111 (not in allowlist / oversize)
nvkvm: DENY ctrl cmd 0xa06f0111 (not in allowlist / oversize)
nvkvm: DENY ctrl cmd 0xa06f0111 (not in allowlist / oversize)
nvkvm: DENY ctrl cmd 0xa06f0111 (not in allowlist / oversize)
nvkvm: DENY ctrl cmd 0xa06f0111 (not in allowlist / oversize)
nvkvm: DENY ctrl cmd 0xa06f0111 (not in allowlist / oversize)
nvkvm: DENY ctrl cmd 0xa06f0111 (not in allowlist / oversize)
nvkvm: DENY ctrl cmd 0xa06f0111 (not in allowlist / oversize)
nvkvm: DENY ctrl cmd 0xa06f0111 (not in allowlist / oversize)
nvkvm: DENY ctrl cmd 0xa06f0111 (not in allowlist / oversize)
nvkvm: DENY ctrl cmd 0xa06f0111 (not in allowlist / oversize)
nvkvm: DENY ctrl cmd 0xa06f0111 (not in allowlist / oversize)
nvkvm: DENY ctrl cmd 0xa06f0111 (not in allowlist / oversize)
nvkvm: DENY ctrl cmd 0xa06f0111 (not in allowlist / oversize)
nvkvm: DENY ctrl cmd 0xa06f0111 (not in allowlist / oversize)
nvkvm: DENY ctrl cmd 0xa06f0111 (not in allowlist / oversize)
nvkvm: DENY ctrl cmd 0xa06f0111 (not in allowlist / oversize)
nvkvm: DENY ctrl cmd 0xa06f0111 (not in allowlist / oversize)
nvkvm: DENY ctrl cmd 0xa06f0111 (not in allowlist / oversize)
nvkvm: DENY ctrl cmd 0xa06f0111 (not in allowlist / oversize)
nvkvm: DENY ctrl cmd 0xa06f0111 (not in allowlist / oversize)
nvkvm: DENY ctrl cmd 0xa06f0111 (not in allowlist / oversize)
nvkvm: DENY ctrl cmd 0xa06f0111 (not in allowlist / oversize)
nvkvm: DENY ctrl cmd 0xa06f0111 (not in allowlist / oversize)
nvkvm: DENY ctrl cmd 0xa06f0111 (not in allowlist / oversize)
nvkvm: DENY ctrl cmd 0xa06f0111 (not in allowlist / oversize)
nvkvm: DENY ctrl cmd 0xa06f0111 (not in allowlist / oversize)
nvkvm: DENY ctrl cmd 0xa06f0111 (not in allowlist / oversize)
nvkvm: DENY ctrl cmd 0xa06f0111 (not in allowlist / oversize)
nvkvm: DENY ctrl cmd 0xa06f0111 (not in allowlist / oversize)
nvkvm: DENY ctrl cmd 0xa06f0111 (not in allowlist / oversize)
nvkvm: DENY ctrl cmd 0xa06f0111 (not in allowlist / oversize)
nvkvm: DENY ctrl cmd 0xa06f0111 (not in allowlist / oversize)
nvkvm: DENY ctrl cmd 0xa06f0111 (not in allowlist / oversize)
nvkvm: DENY ctrl cmd 0xa06f0111 (not in allowlist / oversize)
nvkvm: DENY ctrl cmd 0xa06f0111 (not in allowlist / oversize)
nvkvm: DENY ctrl cmd 0xa06f0111 (not in allowlist / oversize)
nvkvm disp stats: 60.0 frames/s dropped=0 failed=0 present_mean=0.59ms (total consumed=6413 dropped=0 failed=1)
nvkvm: DENY ctrl cmd 0xa06f0111 (not in allowlist / oversize)
nvkvm: DENY ctrl cmd 0xa06f0111 (not in allowlist / oversize)
nvkvm: DENY ctrl cmd 0xa06f0111 (not in allowlist / oversize)
nvkvm: DENY ctrl cmd 0xa06f0111 (not in allowlist / oversize)
nvkvm: DENY ctrl cmd 0xa06f0111 (not in allowlist / oversize)
nvkvm: DENY ctrl cmd 0xa06f0111 (not in allowlist / oversize)
nvkvm: DENY ctrl cmd 0xa06f0111 (not in allowlist / oversize)
nvkvm: DENY ctrl cmd 0xa06f0111 (not in allowlist / oversize)
nvkvm: DENY ctrl cmd 0xa06f0111 (not in allowlist / oversize)
nvkvm: DENY ctrl cmd 0xa06f0111 (not in allowlist / oversize)
nvkvm: DENY ctrl cmd 0xa06f0111 (not in allowlist / oversize)
nvkvm: DENY ctrl cmd 0xa06f0111 (not in allowlist / oversize)
nvkvm: DENY ctrl cmd 0xa06f0111 (not in allowlist / oversize)
nvkvm: DENY ctrl cmd 0xa06f0111 (not in allowlist / oversize)
nvkvm: DENY ctrl cmd 0xa06f0111 (not in allowlist / oversize)
nvkvm: DENY ctrl cmd 0xa06f0111 (not in allowlist / oversize)
nvkvm: DENY ctrl cmd 0xa06f0111 (not in allowlist / oversize)
nvkvm: DENY ctrl cmd 0xa06f0111 (not in allowlist / oversize)
nvkvm: DENY ctrl cmd 0xa06f0111 (not in allowlist / oversize)
nvkvm: DENY ctrl cmd 0xa06f0111 (not in allowlist / oversize)
nvkvm: DENY ctrl cmd 0xa06f0111 (not in allowlist / oversize)
nvkvm: DENY ctrl cmd 0xa06f0111 (not in allowlist / oversize)
nvkvm: DENY ctrl cmd 0xa06f0111 (not in allowlist / oversize)
nvkvm: DENY ctrl cmd 0xa06f0111 (not in allowlist / oversize)
nvkvm: DENY ctrl cmd 0xa06f0111 (not in allowlist / oversize)
nvkvm: DENY ctrl cmd 0xa06f0111 (not in allowlist / oversize)
nvkvm: DENY ctrl cmd 0xa06f0111 (not in allowlist / oversize)
nvkvm: DENY ctrl cmd 0xa06f0111 (not in allowlist / oversize)
nvkvm: DENY ctrl cmd 0xa06f0111 (not in allowlist / oversize)
nvkvm: DENY ctrl cmd 0xa06f0111 (not in allowlist / oversize)
nvkvm: DENY ctrl cmd 0xa06f0111 (not in allowlist / oversize)
nvkvm: DENY ctrl cmd 0xa06f0111 (not in allowlist / oversize)
nvkvm: DENY ctrl cmd 0xa06f0111 (not in allowlist / oversize)
nvkvm: DENY ctrl cmd 0xa06f0111 (not in allowlist / oversize)
nvkvm: DENY ctrl cmd 0xa06f0111 (not in allowlist / oversize)
nvkvm: DENY ctrl cmd 0xa06f0111 (not in allowlist / oversize)
nvkvm: DENY ctrl cmd 0xa06f0111 (not in allowlist / oversize)
nvkvm: DENY ctrl cmd 0xa06f0111 (not in allowlist / oversize)
nvkvm: DENY ctrl cmd 0xa06f0111 (not in allowlist / oversize)
nvkvm: DENY ctrl cmd 0xa06f0111 (not in allowlist / oversize)
nvkvm: DENY ctrl cmd 0xa06f0111 (not in allowlist / oversize)
nvkvm: DENY ctrl cmd 0xa06f0111 (not in allowlist / oversize)
nvkvm: DENY ctrl cmd 0xa06f0111 (not in allowlist / oversize)
nvkvm: DENY ctrl cmd 0xa06f0111 (not in allowlist / oversize)
nvkvm: DENY ctrl cmd 0xa06f0111 (not in allowlist / oversize)
nvkvm: DENY ctrl cmd 0xa06f0111 (not in allowlist / oversize)
nvkvm: DENY ctrl cmd 0xa06f0111 (not in allowlist / oversize)
nvkvm: DENY ctrl cmd 0xa06f0111 (not in allowlist / oversize)
nvkvm: DENY ctrl cmd 0xa06f0111 (not in allowlist / oversize)
nvkvm: DENY ctrl cmd 0xa06f0111 (not in allowlist / oversize)
nvkvm: DENY ctrl cmd 0xa06f0111 (not in allowlist / oversize)
nvkvm: DENY ctrl cmd 0xa06f0111 (not in allowlist / oversize)
nvkvm: DENY ctrl cmd 0xa06f0111 (not in allowlist / oversize)
nvkvm: DENY ctrl cmd 0xa06f0111 (not in allowlist / oversize)
nvkvm: DENY ctrl cmd 0xa06f0111 (not in allowlist / oversize)
nvkvm: DENY ctrl cmd 0xa06f0111 (not in allowlist / oversize)
nvkvm: DENY ctrl cmd 0xa06f0111 (not in allowlist / oversize)
nvkvm: DENY ctrl cmd 0xa06f0111 (not in allowlist / oversize)
nvkvm: DENY ctrl cmd 0xa06f0111 (not in allowlist / oversize)
nvkvm: DENY ctrl cmd 0xa06f0111 (not in allowlist / oversize)
nvkvm: DENY ctrl cmd 0xa06f0111 (not in allowlist / oversize)
nvkvm disp stats: 60.2 frames/s dropped=0 failed=0 present_mean=0.54ms (total consumed=6474 dropped=0 failed=1)
nvkvm: DENY ctrl cmd 0xa06f0111 (not in allowlist / oversize)
nvkvm: DENY ctrl cmd 0xa06f0111 (not in allowlist / oversize)
nvkvm: DENY ctrl cmd 0xa06f0111 (not in allowlist / oversize)
nvkvm: DENY ctrl cmd 0xa06f0111 (not in allowlist / oversize)
nvkvm: DENY ctrl cmd 0xa06f0111 (not in allowlist / oversize)
nvkvm: DENY ctrl cmd 0xa06f0111 (not in allowlist / oversize)
nvkvm: DENY ctrl cmd 0xa06f0111 (not in allowlist / oversize)
nvkvm: DENY ctrl cmd 0xa06f0111 (not in allowlist / oversize)
nvkvm: DENY ctrl cmd 0xa06f0111 (not in allowlist / oversize)
nvkvm: DENY ctrl cmd 0xa06f0111 (not in allowlist / oversize)
nvkvm: DENY ctrl cmd 0xa06f0111 (not in allowlist / oversize)
nvkvm: DENY ctrl cmd 0xa06f0111 (not in allowlist / oversize)
nvkvm: DENY ctrl cmd 0xa06f0111 (not in allowlist / oversize)
nvkvm: DENY ctrl cmd 0xa06f0111 (not in allowlist / oversize)
nvkvm: DENY ctrl cmd 0xa06f0111 (not in allowlist / oversize)
nvkvm: DENY ctrl cmd 0xa06f0111 (not in allowlist / oversize)
nvkvm: DENY ctrl cmd 0xa06f0111 (not in allowlist / oversize)
nvkvm: DENY ctrl cmd 0xa06f0111 (not in allowlist / oversize)
nvkvm: DENY ctrl cmd 0xa06f0111 (not in allowlist / oversize)
nvkvm: DENY ctrl cmd 0xa06f0111 (not in allowlist / oversize)
nvkvm: DENY ctrl cmd 0xa06f0111 (not in allowlist / oversize)
nvkvm: DENY ctrl cmd 0xa06f0111 (not in allowlist / oversize)
nvkvm: DENY ctrl cmd 0xa06f0111 (not in allowlist / oversize)
nvkvm: DENY ctrl cmd 0xa06f0111 (not in allowlist / oversize)
nvkvm: DENY ctrl cmd 0xa06f0111 (not in allowlist / oversize)
nvkvm: DENY ctrl cmd 0xa06f0111 (not in allowlist / oversize)
nvkvm: DENY ctrl cmd 0xa06f0111 (not in allowlist / oversize)
nvkvm: DENY ctrl cmd 0xa06f0111 (not in allowlist / oversize)
nvkvm: DENY ctrl cmd 0xa06f0111 (not in allowlist / oversize)
nvkvm: DENY ctrl cmd 0xa06f0111 (not in allowlist / oversize)
nvkvm: DENY ctrl cmd 0xa06f0111 (not in allowlist / oversize)
nvkvm: DENY ctrl cmd 0xa06f0111 (not in allowlist / oversize)
nvkvm: DENY ctrl cmd 0xa06f0111 (not in allowlist / oversize)
nvkvm: DENY ctrl cmd 0xa06f0111 (not in allowlist / oversize)
nvkvm: DENY ctrl cmd 0xa06f0111 (not in allowlist / oversize)
nvkvm: DENY ctrl cmd 0xa06f0111 (not in allowlist / oversize)
nvkvm: DENY ctrl cmd 0xa06f0111 (not in allowlist / oversize)
nvkvm: DENY ctrl cmd 0xa06f0111 (not in allowlist / oversize)
nvkvm: DENY ctrl cmd 0xa06f0111 (not in allowlist / oversize)
nvkvm: DENY ctrl cmd 0xa06f0111 (not in allowlist / oversize)
nvkvm: DENY ctrl cmd 0xa06f0111 (not in allowlist / oversize)
nvkvm: DENY ctrl cmd 0xa06f0111 (not in allowlist / oversize)
nvkvm: DENY ctrl cmd 0xa06f0111 (not in allowlist / oversize)
nvkvm: DENY ctrl cmd 0xa06f0111 (not in allowlist / oversize)
nvkvm: DENY ctrl cmd 0xa06f0111 (not in allowlist / oversize)
nvkvm: DENY ctrl cmd 0xa06f0111 (not in allowlist / oversize)
nvkvm: DENY ctrl cmd 0xa06f0111 (not in allowlist / oversize)
nvkvm: DENY ctrl cmd 0xa06f0111 (not in allowlist / oversize)
nvkvm: DENY ctrl cmd 0xa06f0111 (not in allowlist / oversize)
nvkvm: DENY ctrl cmd 0xa06f0111 (not in allowlist / oversize)
nvkvm: DENY ctrl cmd 0xa06f0111 (not in allowlist / oversize)
nvkvm: DENY ctrl cmd 0xa06f0111 (not in allowlist / oversize)
nvkvm: DENY ctrl cmd 0xa06f0111 (not in allowlist / oversize)
nvkvm: DENY ctrl cmd 0xa06f0111 (not in allowlist / oversize)
nvkvm: DENY ctrl cmd 0xa06f0111 (not in allowlist / oversize)
nvkvm: DENY ctrl cmd 0xa06f0111 (not in allowlist / oversize)
nvkvm: DENY ctrl cmd 0xa06f0111 (not in allowlist / oversize)
nvkvm: DENY ctrl cmd 0xa06f0111 (not in allowlist / oversize)
nvkvm: DENY ctrl cmd 0xa06f0111 (not in allowlist / oversize)
nvkvm: DENY ctrl cmd 0xa06f0111 (not in allowlist / oversize)
nvkvm disp stats: 59.8 frames/s dropped=0 failed=0 present_mean=0.62ms (total consumed=6534 dropped=0 failed=1)
nvkvm: DENY ctrl cmd 0xa06f0111 (not in allowlist / oversize)
nvkvm: DENY ctrl cmd 0xa06f0111 (not in allowlist / oversize)
nvkvm: DENY ctrl cmd 0xa06f0111 (not in allowlist / oversize)
nvkvm: DENY ctrl cmd 0xa06f0111 (not in allowlist / oversize)
nvkvm: DENY ctrl cmd 0xa06f0111 (not in allowlist / oversize)
nvkvm: DENY ctrl cmd 0xa06f0111 (not in allowlist / oversize)
nvkvm: DENY ctrl cmd 0xa06f0111 (not in allowlist / oversize)
nvkvm: DENY ctrl cmd 0xa06f0111 (not in allowlist / oversize)
nvkvm: DENY ctrl cmd 0xa06f0111 (not in allowlist / oversize)
nvkvm: DENY ctrl cmd 0xa06f0111 (not in allowlist / oversize)
nvkvm: DENY ctrl cmd 0xa06f0111 (not in allowlist / oversize)
nvkvm: DENY ctrl cmd 0xa06f0111 (not in allowlist / oversize)
nvkvm: DENY ctrl cmd 0xa06f0111 (not in allowlist / oversize)
nvkvm: DENY ctrl cmd 0xa06f0111 (not in allowlist / oversize)
nvkvm: DENY ctrl cmd 0xa06f0111 (not in allowlist / oversize)
nvkvm: DENY ctrl cmd 0xa06f0111 (not in allowlist / oversize)
nvkvm: DENY ctrl cmd 0xa06f0111 (not in allowlist / oversize)
nvkvm: DENY ctrl cmd 0xa06f0111 (not in allowlist / oversize)
nvkvm: DENY ctrl cmd 0xa06f0111 (not in allowlist / oversize)
nvkvm: DENY ctrl cmd 0xa06f0111 (not in allowlist / oversize)
nvkvm: DENY ctrl cmd 0xa06f0111 (not in allowlist / oversize)
nvkvm: DENY ctrl cmd 0xa06f0111 (not in allowlist / oversize)
nvkvm: DENY ctrl cmd 0xa06f0111 (not in allowlist / oversize)
nvkvm: DENY ctrl cmd 0xa06f0111 (not in allowlist / oversize)
nvkvm: DENY ctrl cmd 0xa06f0111 (not in allowlist / oversize)
nvkvm: DENY ctrl cmd 0xa06f0111 (not in allowlist / oversize)
nvkvm: DENY ctrl cmd 0xa06f0111 (not in allowlist / oversize)
nvkvm: DENY ctrl cmd 0xa06f0111 (not in allowlist / oversize)
nvkvm: DENY ctrl cmd 0xa06f0111 (not in allowlist / oversize)
nvkvm: DENY ctrl cmd 0xa06f0111 (not in allowlist / oversize)
nvkvm: DENY ctrl cmd 0xa06f0111 (not in allowlist / oversize)
nvkvm: DENY ctrl cmd 0xa06f0111 (not in allowlist / oversize)
nvkvm: DENY ctrl cmd 0xa06f0111 (not in allowlist / oversize)
nvkvm: DENY ctrl cmd 0xa06f0111 (not in allowlist / oversize)
nvkvm: DENY ctrl cmd 0xa06f0111 (not in allowlist / oversize)
nvkvm: DENY ctrl cmd 0xa06f0111 (not in allowlist / oversize)
nvkvm: DENY ctrl cmd 0xa06f0111 (not in allowlist / oversize)
nvkvm: DENY ctrl cmd 0xa06f0111 (not in allowlist / oversize)
nvkvm: DENY ctrl cmd 0xa06f0111 (not in allowlist / oversize)
nvkvm: DENY ctrl cmd 0xa06f0111 (not in allowlist / oversize)
nvkvm: DENY ctrl cmd 0xa06f0111 (not in allowlist / oversize)
nvkvm: DENY ctrl cmd 0xa06f0111 (not in allowlist / oversize)
nvkvm: DENY ctrl cmd 0xa06f0111 (not in allowlist / oversize)
nvkvm: DENY ctrl cmd 0xa06f0111 (not in allowlist / oversize)
nvkvm: DENY ctrl cmd 0xa06f0111 (not in allowlist / oversize)
nvkvm: DENY ctrl cmd 0xa06f0111 (not in allowlist / oversize)
nvkvm: DENY ctrl cmd 0xa06f0111 (not in allowlist / oversize)
nvkvm: DENY ctrl cmd 0xa06f0111 (not in allowlist / oversize)
nvkvm: DENY ctrl cmd 0xa06f0111 (not in allowlist / oversize)
nvkvm: DENY ctrl cmd 0xa06f0111 (not in allowlist / oversize)
nvkvm: DENY ctrl cmd 0xa06f0111 (not in allowlist / oversize)
nvkvm: DENY ctrl cmd 0xa06f0111 (not in allowlist / oversize)
nvkvm: DENY ctrl cmd 0xa06f0111 (not in allowlist / oversize)
nvkvm: DENY ctrl cmd 0xa06f0111 (not in allowlist / oversize)
nvkvm: DENY ctrl cmd 0xa06f0111 (not in allowlist / oversize)
nvkvm: DENY ctrl cmd 0xa06f0111 (not in allowlist / oversize)
nvkvm: DENY ctrl cmd 0xa06f0111 (not in allowlist / oversize)
nvkvm: DENY ctrl cmd 0xa06f0111 (not in allowlist / oversize)
nvkvm: DENY ctrl cmd 0xa06f0111 (not in allowlist / oversize)
nvkvm disp stats: 58.2 frames/s dropped=0 failed=0 present_mean=0.47ms (total consumed=6593 dropped=0 failed=1)
nvkvm: DENY ctrl cmd 0xa06f0111 (not in allowlist / oversize)
nvkvm: DENY ctrl cmd 0xa06f0111 (not in allowlist / oversize)
nvkvm: DENY ctrl cmd 0xa06f0111 (not in allowlist / oversize)
nvkvm: DENY ctrl cmd 0xa06f0111 (not in allowlist / oversize)
nvkvm: DENY ctrl cmd 0xa06f0111 (not in allowlist / oversize)
nvkvm: DENY ctrl cmd 0xa06f0111 (not in allowlist / oversize)
nvkvm: DENY ctrl cmd 0xa06f0111 (not in allowlist / oversize)
nvkvm: DENY ctrl cmd 0xa06f0111 (not in allowlist / oversize)
nvkvm: DENY ctrl cmd 0xa06f0111 (not in allowlist / oversize)
nvkvm: DENY ctrl cmd 0xa06f0111 (not in allowlist / oversize)
nvkvm: DENY ctrl cmd 0xa06f0111 (not in allowlist / oversize)
nvkvm: DENY ctrl cmd 0xa06f0111 (not in allowlist / oversize)
nvkvm: DENY ctrl cmd 0xa06f0111 (not in allowlist / oversize)
nvkvm: DENY ctrl cmd 0xa06f0111 (not in allowlist / oversize)
nvkvm: DENY ctrl cmd 0xa06f0111 (not in allowlist / oversize)
nvkvm: DENY ctrl cmd 0xa06f0111 (not in allowlist / oversize)
nvkvm: DENY ctrl cmd 0xa06f0111 (not in allowlist / oversize)
nvkvm: DENY ctrl cmd 0xa06f0111 (not in allowlist / oversize)
nvkvm: DENY ctrl cmd 0xa06f0111 (not in allowlist / oversize)
nvkvm: DENY ctrl cmd 0xa06f0111 (not in allowlist / oversize)
nvkvm: DENY ctrl cmd 0xa06f0111 (not in allowlist / oversize)
nvkvm: DENY ctrl cmd 0xa06f0111 (not in allowlist / oversize)
nvkvm: DENY ctrl cmd 0xa06f0111 (not in allowlist / oversize)
nvkvm: DENY ctrl cmd 0xa06f0111 (not in allowlist / oversize)
nvkvm: DENY ctrl cmd 0xa06f0111 (not in allowlist / oversize)
nvkvm: DENY ctrl cmd 0xa06f0111 (not in allowlist / oversize)
nvkvm: DENY ctrl cmd 0xa06f0111 (not in allowlist / oversize)
nvkvm: DENY ctrl cmd 0xa06f0111 (not in allowlist / oversize)
nvkvm: DENY ctrl cmd 0xa06f0111 (not in allowlist / oversize)
nvkvm: DENY ctrl cmd 0xa06f0111 (not in allowlist / oversize)
nvkvm: DENY ctrl cmd 0xa06f0111 (not in allowlist / oversize)
nvkvm: DENY ctrl cmd 0xa06f0111 (not in allowlist / oversize)
nvkvm: DENY ctrl cmd 0xa06f0111 (not in allowlist / oversize)
nvkvm: DENY ctrl cmd 0xa06f0111 (not in allowlist / oversize)
nvkvm: DENY ctrl cmd 0xa06f0111 (not in allowlist / oversize)
nvkvm: DENY ctrl cmd 0xa06f0111 (not in allowlist / oversize)
nvkvm: DENY ctrl cmd 0xa06f0111 (not in allowlist / oversize)
nvkvm: DENY ctrl cmd 0xa06f0111 (not in allowlist / oversize)
nvkvm: DENY ctrl cmd 0xa06f0111 (not in allowlist / oversize)
nvkvm: DENY ctrl cmd 0xa06f0111 (not in allowlist / oversize)
nvkvm: DENY ctrl cmd 0xa06f0111 (not in allowlist / oversize)
nvkvm: DENY ctrl cmd 0xa06f0111 (not in allowlist / oversize)
nvkvm: DENY ctrl cmd 0xa06f0111 (not in allowlist / oversize)
nvkvm: DENY ctrl cmd 0xa06f0111 (not in allowlist / oversize)
nvkvm: DENY ctrl cmd 0xa06f0111 (not in allowlist / oversize)
nvkvm: DENY ctrl cmd 0xa06f0111 (not in allowlist / oversize)
nvkvm: DENY ctrl cmd 0xa06f0111 (not in allowlist / oversize)
nvkvm: DENY ctrl cmd 0xa06f0111 (not in allowlist / oversize)
nvkvm: DENY ctrl cmd 0xa06f0111 (not in allowlist / oversize)
nvkvm: DENY ctrl cmd 0xa06f0111 (not in allowlist / oversize)
nvkvm: DENY ctrl cmd 0xa06f0111 (not in allowlist / oversize)
nvkvm: DENY ctrl cmd 0xa06f0111 (not in allowlist / oversize)
nvkvm: DENY ctrl cmd 0xa06f0111 (not in allowlist / oversize)
nvkvm: DENY ctrl cmd 0xa06f0111 (not in allowlist / oversize)
nvkvm: DENY ctrl cmd 0xa06f0111 (not in allowlist / oversize)
nvkvm: DENY ctrl cmd 0xa06f0111 (not in allowlist / oversize)
nvkvm: DENY ctrl cmd 0xa06f0111 (not in allowlist / oversize)
nvkvm: DENY ctrl cmd 0xa06f0111 (not in allowlist / oversize)
nvkvm: DENY ctrl cmd 0xa06f0111 (not in allowlist / oversize)
nvkvm disp stats: 58.9 frames/s dropped=0 failed=0 present_mean=0.56ms (total consumed=6652 dropped=0 failed=1)
nvkvm: DENY ctrl cmd 0xa06f0111 (not in allowlist / oversize)
nvkvm: DENY ctrl cmd 0xa06f0111 (not in allowlist / oversize)
nvkvm: DENY ctrl cmd 0xa06f0111 (not in allowlist / oversize)
nvkvm: DENY ctrl cmd 0xa06f0111 (not in allowlist / oversize)
nvkvm: DENY ctrl cmd 0xa06f0111 (not in allowlist / oversize)
nvkvm: DENY ctrl cmd 0xa06f0111 (not in allowlist / oversize)
nvkvm: DENY ctrl cmd 0xa06f0111 (not in allowlist / oversize)
nvkvm: DENY ctrl cmd 0xa06f0111 (not in allowlist / oversize)
nvkvm: DENY ctrl cmd 0xa06f0111 (not in allowlist / oversize)
nvkvm: DENY ctrl cmd 0xa06f0111 (not in allowlist / oversize)
nvkvm: DENY ctrl cmd 0xa06f0111 (not in allowlist / oversize)
nvkvm: DENY ctrl cmd 0xa06f0111 (not in allowlist / oversize)
nvkvm: DENY ctrl cmd 0xa06f0111 (not in allowlist / oversize)
nvkvm: DENY ctrl cmd 0xa06f0111 (not in allowlist / oversize)
nvkvm: DENY ctrl cmd 0xa06f0111 (not in allowlist / oversize)
nvkvm: DENY ctrl cmd 0xa06f0111 (not in allowlist / oversize)
nvkvm: DENY ctrl cmd 0xa06f0111 (not in allowlist / oversize)
nvkvm: DENY ctrl cmd 0xa06f0111 (not in allowlist / oversize)
nvkvm: DENY ctrl cmd 0xa06f0111 (not in allowlist / oversize)
nvkvm: DENY ctrl cmd 0xa06f0111 (not in allowlist / oversize)
nvkvm: DENY ctrl cmd 0xa06f0111 (not in allowlist / oversize)
nvkvm: DENY ctrl cmd 0xa06f0111 (not in allowlist / oversize)
nvkvm: DENY ctrl cmd 0xa06f0111 (not in allowlist / oversize)
nvkvm: DENY ctrl cmd 0xa06f0111 (not in allowlist / oversize)
nvkvm: DENY ctrl cmd 0xa06f0111 (not in allowlist / oversize)
nvkvm: DENY ctrl cmd 0xa06f0111 (not in allowlist / oversize)
nvkvm: DENY ctrl cmd 0xa06f0111 (not in allowlist / oversize)
nvkvm: DENY ctrl cmd 0xa06f0111 (not in allowlist / oversize)
nvkvm: DENY ctrl cmd 0xa06f0111 (not in allowlist / oversize)
nvkvm: DENY ctrl cmd 0xa06f0111 (not in allowlist / oversize)
nvkvm: DENY ctrl cmd 0xa06f0111 (not in allowlist / oversize)
nvkvm: DENY ctrl cmd 0xa06f0111 (not in allowlist / oversize)
nvkvm: DENY ctrl cmd 0xa06f0111 (not in allowlist / oversize)
nvkvm: DENY ctrl cmd 0xa06f0111 (not in allowlist / oversize)
nvkvm: DENY ctrl cmd 0xa06f0111 (not in allowlist / oversize)
nvkvm: DENY ctrl cmd 0xa06f0111 (not in allowlist / oversize)
nvkvm: DENY ctrl cmd 0xa06f0111 (not in allowlist / oversize)
nvkvm: DENY ctrl cmd 0xa06f0111 (not in allowlist / oversize)
nvkvm: DENY ctrl cmd 0xa06f0111 (not in allowlist / oversize)
nvkvm: DENY ctrl cmd 0xa06f0111 (not in allowlist / oversize)
nvkvm: DENY ctrl cmd 0xa06f0111 (not in allowlist / oversize)
nvkvm: DENY ctrl cmd 0xa06f0111 (not in allowlist / oversize)
nvkvm: DENY ctrl cmd 0xa06f0111 (not in allowlist / oversize)
nvkvm: DENY ctrl cmd 0xa06f0111 (not in allowlist / oversize)
nvkvm: DENY ctrl cmd 0xa06f0111 (not in allowlist / oversize)
nvkvm: DENY ctrl cmd 0xa06f0111 (not in allowlist / oversize)
nvkvm: DENY ctrl cmd 0xa06f0111 (not in allowlist / oversize)
nvkvm: DENY ctrl cmd 0xa06f0111 (not in allowlist / oversize)
nvkvm: DENY ctrl cmd 0xa06f0111 (not in allowlist / oversize)
nvkvm: DENY ctrl cmd 0xa06f0111 (not in allowlist / oversize)
nvkvm: DENY ctrl cmd 0xa06f0111 (not in allowlist / oversize)
nvkvm: DENY ctrl cmd 0xa06f0111 (not in allowlist / oversize)
nvkvm: DENY ctrl cmd 0xa06f0111 (not in allowlist / oversize)
nvkvm: DENY ctrl cmd 0xa06f0111 (not in allowlist / oversize)
nvkvm: DENY ctrl cmd 0xa06f0111 (not in allowlist / oversize)
nvkvm: DENY ctrl cmd 0xa06f0111 (not in allowlist / oversize)
nvkvm: DENY ctrl cmd 0xa06f0111 (not in allowlist / oversize)
nvkvm: DENY ctrl cmd 0xa06f0111 (not in allowlist / oversize)
nvkvm: DENY ctrl cmd 0xa06f0111 (not in allowlist / oversize)
nvkvm: DENY ctrl cmd 0xa06f0111 (not in allowlist / oversize)
nvkvm disp stats: 59.9 frames/s dropped=0 failed=0 present_mean=0.58ms (total consumed=6712 dropped=0 failed=1)
nvkvm: DENY ctrl cmd 0xa06f0111 (not in allowlist / oversize)
nvkvm: DENY ctrl cmd 0xa06f0111 (not in allowlist / oversize)
nvkvm: DENY ctrl cmd 0xa06f0111 (not in allowlist / oversize)
nvkvm: DENY ctrl cmd 0xa06f0111 (not in allowlist / oversize)
nvkvm: DENY ctrl cmd 0xa06f0111 (not in allowlist / oversize)
nvkvm: DENY ctrl cmd 0xa06f0111 (not in allowlist / oversize)
nvkvm: DENY ctrl cmd 0xa06f0111 (not in allowlist / oversize)
nvkvm: DENY ctrl cmd 0xa06f0111 (not in allowlist / oversize)
nvkvm: DENY ctrl cmd 0xa06f0111 (not in allowlist / oversize)
nvkvm: DENY ctrl cmd 0xa06f0111 (not in allowlist / oversize)
nvkvm: DENY ctrl cmd 0xa06f0111 (not in allowlist / oversize)
nvkvm: DENY ctrl cmd 0xa06f0111 (not in allowlist / oversize)
nvkvm: DENY ctrl cmd 0xa06f0111 (not in allowlist / oversize)
nvkvm: DENY ctrl cmd 0xa06f0111 (not in allowlist / oversize)
nvkvm: DENY ctrl cmd 0xa06f0111 (not in allowlist / oversize)
nvkvm: DENY ctrl cmd 0xa06f0111 (not in allowlist / oversize)
nvkvm: DENY ctrl cmd 0xa06f0111 (not in allowlist / oversize)
nvkvm: DENY ctrl cmd 0xa06f0111 (not in allowlist / oversize)
nvkvm: DENY ctrl cmd 0xa06f0111 (not in allowlist / oversize)
nvkvm: DENY ctrl cmd 0xa06f0111 (not in allowlist / oversize)
nvkvm: DENY ctrl cmd 0xa06f0111 (not in allowlist / oversize)
nvkvm: DENY ctrl cmd 0xa06f0111 (not in allowlist / oversize)
nvkvm: DENY ctrl cmd 0xa06f0111 (not in allowlist / oversize)
nvkvm: DENY ctrl cmd 0xa06f0111 (not in allowlist / oversize)
nvkvm: DENY ctrl cmd 0xa06f0111 (not in allowlist / oversize)
nvkvm: DENY ctrl cmd 0xa06f0111 (not in allowlist / oversize)
nvkvm: DENY ctrl cmd 0xa06f0111 (not in allowlist / oversize)
nvkvm: DENY ctrl cmd 0xa06f0111 (not in allowlist / oversize)
nvkvm: DENY ctrl cmd 0xa06f0111 (not in allowlist / oversize)
nvkvm: DENY ctrl cmd 0xa06f0111 (not in allowlist / oversize)
nvkvm: DENY ctrl cmd 0xa06f0111 (not in allowlist / oversize)
nvkvm: DENY ctrl cmd 0xa06f0111 (not in allowlist / oversize)
nvkvm: DENY ctrl cmd 0xa06f0111 (not in allowlist / oversize)
nvkvm: DENY ctrl cmd 0xa06f0111 (not in allowlist / oversize)
nvkvm: DENY ctrl cmd 0xa06f0111 (not in allowlist / oversize)
nvkvm: DENY ctrl cmd 0xa06f0111 (not in allowlist / oversize)
nvkvm: DENY ctrl cmd 0xa06f0111 (not in allowlist / oversize)
nvkvm: DENY ctrl cmd 0xa06f0111 (not in allowlist / oversize)
nvkvm: DENY ctrl cmd 0xa06f0111 (not in allowlist / oversize)
nvkvm: DENY ctrl cmd 0xa06f0111 (not in allowlist / oversize)
nvkvm: DENY ctrl cmd 0xa06f0111 (not in allowlist / oversize)
nvkvm: DENY ctrl cmd 0xa06f0111 (not in allowlist / oversize)
nvkvm: DENY ctrl cmd 0xa06f0111 (not in allowlist / oversize)
nvkvm: DENY ctrl cmd 0xa06f0111 (not in allowlist / oversize)
nvkvm: DENY ctrl cmd 0xa06f0111 (not in allowlist / oversize)
nvkvm: DENY ctrl cmd 0xa06f0111 (not in allowlist / oversize)
nvkvm: DENY ctrl cmd 0xa06f0111 (not in allowlist / oversize)
nvkvm: DENY ctrl cmd 0xa06f0111 (not in allowlist / oversize)
nvkvm: DENY ctrl cmd 0xa06f0111 (not in allowlist / oversize)
nvkvm: DENY ctrl cmd 0xa06f0111 (not in allowlist / oversize)
nvkvm: DENY ctrl cmd 0xa06f0111 (not in allowlist / oversize)
nvkvm: DENY ctrl cmd 0xa06f0111 (not in allowlist / oversize)
nvkvm: DENY ctrl cmd 0xa06f0111 (not in allowlist / oversize)
nvkvm: DENY ctrl cmd 0xa06f0111 (not in allowlist / oversize)
nvkvm: DENY ctrl cmd 0xa06f0111 (not in allowlist / oversize)
nvkvm: DENY ctrl cmd 0xa06f0111 (not in allowlist / oversize)
nvkvm: DENY ctrl cmd 0xa06f0111 (not in allowlist / oversize)
nvkvm: DENY ctrl cmd 0xa06f0111 (not in allowlist / oversize)
nvkvm: DENY ctrl cmd 0xa06f0111 (not in allowlist / oversize)
nvkvm: DENY ctrl cmd 0xa06f0111 (not in allowlist / oversize)
nvkvm: DENY ctrl cmd 0xa06f0111 (not in allowlist / oversize)
nvkvm disp stats: 60.1 frames/s dropped=0 failed=0 present_mean=0.56ms (total consumed=6773 dropped=0 failed=1)
nvkvm: DENY ctrl cmd 0xa06f0111 (not in allowlist / oversize)
nvkvm: DENY ctrl cmd 0xa06f0111 (not in allowlist / oversize)
nvkvm: DENY ctrl cmd 0xa06f0111 (not in allowlist / oversize)
nvkvm: DENY ctrl cmd 0xa06f0111 (not in allowlist / oversize)
nvkvm: DENY ctrl cmd 0xa06f0111 (not in allowlist / oversize)
nvkvm: DENY ctrl cmd 0xa06f0111 (not in allowlist / oversize)
nvkvm: DENY ctrl cmd 0xa06f0111 (not in allowlist / oversize)
nvkvm: DENY ctrl cmd 0xa06f0111 (not in allowlist / oversize)
nvkvm: DENY ctrl cmd 0xa06f0111 (not in allowlist / oversize)
nvkvm: DENY ctrl cmd 0xa06f0111 (not in allowlist / oversize)
nvkvm: DENY ctrl cmd 0xa06f0111 (not in allowlist / oversize)
nvkvm: DENY ctrl cmd 0xa06f0111 (not in allowlist / oversize)
nvkvm: DENY ctrl cmd 0xa06f0111 (not in allowlist / oversize)
nvkvm: DENY ctrl cmd 0xa06f0111 (not in allowlist / oversize)
nvkvm: DENY ctrl cmd 0xa06f0111 (not in allowlist / oversize)
nvkvm: DENY ctrl cmd 0xa06f0111 (not in allowlist / oversize)
nvkvm: DENY ctrl cmd 0xa06f0111 (not in allowlist / oversize)
nvkvm: DENY ctrl cmd 0xa06f0111 (not in allowlist / oversize)
nvkvm: DENY ctrl cmd 0xa06f0111 (not in allowlist / oversize)
nvkvm: DENY ctrl cmd 0xa06f0111 (not in allowlist / oversize)
nvkvm: DENY ctrl cmd 0xa06f0111 (not in allowlist / oversize)
nvkvm: DENY ctrl cmd 0xa06f0111 (not in allowlist / oversize)
nvkvm: DENY ctrl cmd 0xa06f0111 (not in allowlist / oversize)
nvkvm: DENY ctrl cmd 0xa06f0111 (not in allowlist / oversize)
nvkvm: DENY ctrl cmd 0xa06f0111 (not in allowlist / oversize)
nvkvm: DENY ctrl cmd 0xa06f0111 (not in allowlist / oversize)
nvkvm: DENY ctrl cmd 0xa06f0111 (not in allowlist / oversize)
nvkvm: DENY ctrl cmd 0xa06f0111 (not in allowlist / oversize)
nvkvm: DENY ctrl cmd 0xa06f0111 (not in allowlist / oversize)
nvkvm: DENY ctrl cmd 0xa06f0111 (not in allowlist / oversize)
nvkvm: DENY ctrl cmd 0xa06f0111 (not in allowlist / oversize)
nvkvm: DENY ctrl cmd 0xa06f0111 (not in allowlist / oversize)
nvkvm: DENY ctrl cmd 0xa06f0111 (not in allowlist / oversize)
nvkvm: DENY ctrl cmd 0xa06f0111 (not in allowlist / oversize)
nvkvm: DENY ctrl cmd 0xa06f0111 (not in allowlist / oversize)
nvkvm: DENY ctrl cmd 0xa06f0111 (not in allowlist / oversize)
nvkvm: DENY ctrl cmd 0xa06f0111 (not in allowlist / oversize)
nvkvm: DENY ctrl cmd 0xa06f0111 (not in allowlist / oversize)
nvkvm: DENY ctrl cmd 0xa06f0111 (not in allowlist / oversize)
nvkvm: DENY ctrl cmd 0xa06f0111 (not in allowlist / oversize)
nvkvm: DENY ctrl cmd 0xa06f0111 (not in allowlist / oversize)
nvkvm: DENY ctrl cmd 0xa06f0111 (not in allowlist / oversize)
nvkvm: DENY ctrl cmd 0xa06f0111 (not in allowlist / oversize)
nvkvm: DENY ctrl cmd 0xa06f0111 (not in allowlist / oversize)
nvkvm: DENY ctrl cmd 0xa06f0111 (not in allowlist / oversize)
nvkvm: DENY ctrl cmd 0xa06f0111 (not in allowlist / oversize)
nvkvm: DENY ctrl cmd 0xa06f0111 (not in allowlist / oversize)
nvkvm: DENY ctrl cmd 0xa06f0111 (not in allowlist / oversize)
nvkvm: DENY ctrl cmd 0xa06f0111 (not in allowlist / oversize)
nvkvm: DENY ctrl cmd 0xa06f0111 (not in allowlist / oversize)
nvkvm: DENY ctrl cmd 0xa06f0111 (not in allowlist / oversize)
nvkvm: DENY ctrl cmd 0xa06f0111 (not in allowlist / oversize)
nvkvm: DENY ctrl cmd 0xa06f0111 (not in allowlist / oversize)
nvkvm: DENY ctrl cmd 0xa06f0111 (not in allowlist / oversize)
nvkvm: DENY ctrl cmd 0xa06f0111 (not in allowlist / oversize)
nvkvm: DENY ctrl cmd 0xa06f0111 (not in allowlist / oversize)
nvkvm: DENY ctrl cmd 0xa06f0111 (not in allowlist / oversize)
nvkvm: DENY ctrl cmd 0xa06f0111 (not in allowlist / oversize)
nvkvm: DENY ctrl cmd 0xa06f0111 (not in allowlist / oversize)
nvkvm disp stats: 58.9 frames/s dropped=0 failed=0 present_mean=0.60ms (total consumed=6832 dropped=0 failed=1)
nvkvm: DENY ctrl cmd 0xa06f0111 (not in allowlist / oversize)
nvkvm: DENY ctrl cmd 0xa06f0111 (not in allowlist / oversize)
nvkvm: DENY ctrl cmd 0xa06f0111 (not in allowlist / oversize)
nvkvm: DENY ctrl cmd 0xa06f0111 (not in allowlist / oversize)
nvkvm: DENY ctrl cmd 0xa06f0111 (not in allowlist / oversize)
nvkvm: DENY ctrl cmd 0xa06f0111 (not in allowlist / oversize)
nvkvm: DENY ctrl cmd 0xa06f0111 (not in allowlist / oversize)
nvkvm: DENY ctrl cmd 0xa06f0111 (not in allowlist / oversize)
nvkvm: DENY ctrl cmd 0xa06f0111 (not in allowlist / oversize)
nvkvm: DENY ctrl cmd 0xa06f0111 (not in allowlist / oversize)
nvkvm: DENY ctrl cmd 0xa06f0111 (not in allowlist / oversize)
nvkvm: DENY ctrl cmd 0xa06f0111 (not in allowlist / oversize)
nvkvm: DENY ctrl cmd 0xa06f0111 (not in allowlist / oversize)
nvkvm: DENY ctrl cmd 0xa06f0111 (not in allowlist / oversize)
nvkvm: DENY ctrl cmd 0xa06f0111 (not in allowlist / oversize)
nvkvm: DENY ctrl cmd 0xa06f0111 (not in allowlist / oversize)
nvkvm: DENY ctrl cmd 0xa06f0111 (not in allowlist / oversize)
nvkvm: DENY ctrl cmd 0xa06f0111 (not in allowlist / oversize)
nvkvm: DENY ctrl cmd 0xa06f0111 (not in allowlist / oversize)
nvkvm: DENY ctrl cmd 0xa06f0111 (not in allowlist / oversize)
nvkvm: DENY ctrl cmd 0xa06f0111 (not in allowlist / oversize)
nvkvm: DENY ctrl cmd 0xa06f0111 (not in allowlist / oversize)
nvkvm: DENY ctrl cmd 0xa06f0111 (not in allowlist / oversize)
nvkvm: DENY ctrl cmd 0xa06f0111 (not in allowlist / oversize)
nvkvm: DENY ctrl cmd 0xa06f0111 (not in allowlist / oversize)
nvkvm: DENY ctrl cmd 0xa06f0111 (not in allowlist / oversize)
nvkvm: DENY ctrl cmd 0xa06f0111 (not in allowlist / oversize)
nvkvm: DENY ctrl cmd 0xa06f0111 (not in allowlist / oversize)
nvkvm: DENY ctrl cmd 0xa06f0111 (not in allowlist / oversize)
nvkvm: DENY ctrl cmd 0xa06f0111 (not in allowlist / oversize)
nvkvm: DENY ctrl cmd 0xa06f0111 (not in allowlist / oversize)
nvkvm: DENY ctrl cmd 0xa06f0111 (not in allowlist / oversize)
nvkvm: DENY ctrl cmd 0xa06f0111 (not in allowlist / oversize)
nvkvm: DENY ctrl cmd 0xa06f0111 (not in allowlist / oversize)
nvkvm: DENY ctrl cmd 0xa06f0111 (not in allowlist / oversize)
nvkvm: DENY ctrl cmd 0xa06f0111 (not in allowlist / oversize)
nvkvm: DENY ctrl cmd 0xa06f0111 (not in allowlist / oversize)
nvkvm: DENY ctrl cmd 0xa06f0111 (not in allowlist / oversize)
nvkvm: DENY ctrl cmd 0xa06f0111 (not in allowlist / oversize)
nvkvm: DENY ctrl cmd 0xa06f0111 (not in allowlist / oversize)
nvkvm: DENY ctrl cmd 0xa06f0111 (not in allowlist / oversize)
nvkvm: DENY ctrl cmd 0xa06f0111 (not in allowlist / oversize)
nvkvm: DENY ctrl cmd 0xa06f0111 (not in allowlist / oversize)
nvkvm: DENY ctrl cmd 0xa06f0111 (not in allowlist / oversize)
nvkvm: DENY ctrl cmd 0xa06f0111 (not in allowlist / oversize)
nvkvm: DENY ctrl cmd 0xa06f0111 (not in allowlist / oversize)
nvkvm: DENY ctrl cmd 0xa06f0111 (not in allowlist / oversize)
nvkvm: DENY ctrl cmd 0xa06f0111 (not in allowlist / oversize)
nvkvm: DENY ctrl cmd 0xa06f0111 (not in allowlist / oversize)
nvkvm: DENY ctrl cmd 0xa06f0111 (not in allowlist / oversize)
nvkvm: DENY ctrl cmd 0xa06f0111 (not in allowlist / oversize)
nvkvm: DENY ctrl cmd 0xa06f0111 (not in allowlist / oversize)
nvkvm: DENY ctrl cmd 0xa06f0111 (not in allowlist / oversize)
nvkvm: DENY ctrl cmd 0xa06f0111 (not in allowlist / oversize)
nvkvm: DENY ctrl cmd 0xa06f0111 (not in allowlist / oversize)
nvkvm: DENY ctrl cmd 0xa06f0111 (not in allowlist / oversize)
nvkvm: DENY ctrl cmd 0xa06f0111 (not in allowlist / oversize)
nvkvm: DENY ctrl cmd 0xa06f0111 (not in allowlist / oversize)
nvkvm: DENY ctrl cmd 0xa06f0111 (not in allowlist / oversize)
nvkvm: DENY ctrl cmd 0xa06f0111 (not in allowlist / oversize)
nvkvm: DENY ctrl cmd 0xa06f0111 (not in allowlist / oversize)
nvkvm disp stats: 59.9 frames/s dropped=0 failed=0 present_mean=0.62ms (total consumed=6893 dropped=0 failed=1)
nvkvm: DENY ctrl cmd 0xa06f0111 (not in allowlist / oversize)
nvkvm: DENY ctrl cmd 0xa06f0111 (not in allowlist / oversize)
nvkvm: DENY ctrl cmd 0xa06f0111 (not in allowlist / oversize)
nvkvm: DENY ctrl cmd 0xa06f0111 (not in allowlist / oversize)
nvkvm: DENY ctrl cmd 0xa06f0111 (not in allowlist / oversize)
nvkvm: DENY ctrl cmd 0xa06f0111 (not in allowlist / oversize)
nvkvm: DENY ctrl cmd 0xa06f0111 (not in allowlist / oversize)
nvkvm: DENY ctrl cmd 0xa06f0111 (not in allowlist / oversize)
nvkvm: DENY ctrl cmd 0xa06f0111 (not in allowlist / oversize)
nvkvm: DENY ctrl cmd 0xa06f0111 (not in allowlist / oversize)
nvkvm: DENY ctrl cmd 0xa06f0111 (not in allowlist / oversize)
nvkvm: DENY ctrl cmd 0xa06f0111 (not in allowlist / oversize)
nvkvm: DENY ctrl cmd 0xa06f0111 (not in allowlist / oversize)
nvkvm: DENY ctrl cmd 0xa06f0111 (not in allowlist / oversize)
nvkvm: DENY ctrl cmd 0xa06f0111 (not in allowlist / oversize)
nvkvm: DENY ctrl cmd 0xa06f0111 (not in allowlist / oversize)
nvkvm: DENY ctrl cmd 0xa06f0111 (not in allowlist / oversize)
nvkvm: DENY ctrl cmd 0xa06f0111 (not in allowlist / oversize)
nvkvm: DENY ctrl cmd 0xa06f0111 (not in allowlist / oversize)
nvkvm: DENY ctrl cmd 0xa06f0111 (not in allowlist / oversize)
nvkvm: DENY ctrl cmd 0xa06f0111 (not in allowlist / oversize)
nvkvm: DENY ctrl cmd 0xa06f0111 (not in allowlist / oversize)
nvkvm: DENY ctrl cmd 0xa06f0111 (not in allowlist / oversize)
nvkvm: DENY ctrl cmd 0xa06f0111 (not in allowlist / oversize)
nvkvm: DENY ctrl cmd 0xa06f0111 (not in allowlist / oversize)
nvkvm: DENY ctrl cmd 0xa06f0111 (not in allowlist / oversize)
nvkvm: DENY ctrl cmd 0xa06f0111 (not in allowlist / oversize)
nvkvm: DENY ctrl cmd 0xa06f0111 (not in allowlist / oversize)
nvkvm: DENY ctrl cmd 0xa06f0111 (not in allowlist / oversize)
nvkvm: DENY ctrl cmd 0xa06f0111 (not in allowlist / oversize)
nvkvm: DENY ctrl cmd 0xa06f0111 (not in allowlist / oversize)
nvkvm: DENY ctrl cmd 0xa06f0111 (not in allowlist / oversize)
nvkvm: DENY ctrl cmd 0xa06f0111 (not in allowlist / oversize)
nvkvm: DENY ctrl cmd 0xa06f0111 (not in allowlist / oversize)
nvkvm: DENY ctrl cmd 0xa06f0111 (not in allowlist / oversize)
nvkvm: DENY ctrl cmd 0xa06f0111 (not in allowlist / oversize)
nvkvm: DENY ctrl cmd 0xa06f0111 (not in allowlist / oversize)
nvkvm: DENY ctrl cmd 0xa06f0111 (not in allowlist / oversize)
nvkvm: DENY ctrl cmd 0xa06f0111 (not in allowlist / oversize)
nvkvm: DENY ctrl cmd 0xa06f0111 (not in allowlist / oversize)
nvkvm: DENY ctrl cmd 0xa06f0111 (not in allowlist / oversize)
nvkvm: DENY ctrl cmd 0xa06f0111 (not in allowlist / oversize)
nvkvm: DENY ctrl cmd 0xa06f0111 (not in allowlist / oversize)
nvkvm: DENY ctrl cmd 0xa06f0111 (not in allowlist / oversize)
nvkvm: DENY ctrl cmd 0xa06f0111 (not in allowlist / oversize)
nvkvm: DENY ctrl cmd 0xa06f0111 (not in allowlist / oversize)
nvkvm: DENY ctrl cmd 0xa06f0111 (not in allowlist / oversize)
nvkvm: DENY ctrl cmd 0xa06f0111 (not in allowlist / oversize)
nvkvm: DENY ctrl cmd 0xa06f0111 (not in allowlist / oversize)
nvkvm: DENY ctrl cmd 0xa06f0111 (not in allowlist / oversize)
nvkvm: DENY ctrl cmd 0xa06f0111 (not in allowlist / oversize)
nvkvm: DENY ctrl cmd 0xa06f0111 (not in allowlist / oversize)
nvkvm: DENY ctrl cmd 0xa06f0111 (not in allowlist / oversize)
nvkvm: DENY ctrl cmd 0xa06f0111 (not in allowlist / oversize)
nvkvm: DENY ctrl cmd 0xa06f0111 (not in allowlist / oversize)
nvkvm: DENY ctrl cmd 0xa06f0111 (not in allowlist / oversize)
nvkvm: DENY ctrl cmd 0xa06f0111 (not in allowlist / oversize)
nvkvm: DENY ctrl cmd 0xa06f0111 (not in allowlist / oversize)
nvkvm: DENY ctrl cmd 0xa06f0111 (not in allowlist / oversize)
nvkvm: DENY ctrl cmd 0xa06f0111 (not in allowlist / oversize)
nvkvm disp stats: 59.2 frames/s dropped=0 failed=0 present_mean=0.54ms (total consumed=6953 dropped=0 failed=1)
nvkvm: DENY ctrl cmd 0xa06f0111 (not in allowlist / oversize)
nvkvm: DENY ctrl cmd 0xa06f0111 (not in allowlist / oversize)
nvkvm: DENY ctrl cmd 0xa06f0111 (not in allowlist / oversize)
nvkvm: DENY ctrl cmd 0xa06f0111 (not in allowlist / oversize)
nvkvm: DENY ctrl cmd 0xa06f0111 (not in allowlist / oversize)
nvkvm: DENY ctrl cmd 0xa06f0111 (not in allowlist / oversize)
nvkvm: DENY ctrl cmd 0xa06f0111 (not in allowlist / oversize)
nvkvm: DENY ctrl cmd 0xa06f0111 (not in allowlist / oversize)
nvkvm: DENY ctrl cmd 0xa06f0111 (not in allowlist / oversize)
nvkvm: DENY ctrl cmd 0xa06f0111 (not in allowlist / oversize)
nvkvm: DENY ctrl cmd 0xa06f0111 (not in allowlist / oversize)
nvkvm: DENY ctrl cmd 0xa06f0111 (not in allowlist / oversize)
nvkvm: DENY ctrl cmd 0xa06f0111 (not in allowlist / oversize)
nvkvm: DENY ctrl cmd 0xa06f0111 (not in allowlist / oversize)
nvkvm: DENY ctrl cmd 0xa06f0111 (not in allowlist / oversize)
nvkvm: DENY ctrl cmd 0xa06f0111 (not in allowlist / oversize)
nvkvm: DENY ctrl cmd 0xa06f0111 (not in allowlist / oversize)
nvkvm: DENY ctrl cmd 0xa06f0111 (not in allowlist / oversize)
nvkvm: DENY ctrl cmd 0xa06f0111 (not in allowlist / oversize)
nvkvm: DENY ctrl cmd 0xa06f0111 (not in allowlist / oversize)
nvkvm: DENY ctrl cmd 0xa06f0111 (not in allowlist / oversize)
nvkvm: DENY ctrl cmd 0xa06f0111 (not in allowlist / oversize)
nvkvm: DENY ctrl cmd 0xa06f0111 (not in allowlist / oversize)
nvkvm: DENY ctrl cmd 0xa06f0111 (not in allowlist / oversize)
nvkvm: DENY ctrl cmd 0xa06f0111 (not in allowlist / oversize)
nvkvm: DENY ctrl cmd 0xa06f0111 (not in allowlist / oversize)
nvkvm: DENY ctrl cmd 0xa06f0111 (not in allowlist / oversize)
nvkvm: DENY ctrl cmd 0xa06f0111 (not in allowlist / oversize)
nvkvm: DENY ctrl cmd 0xa06f0111 (not in allowlist / oversize)
nvkvm: DENY ctrl cmd 0xa06f0111 (not in allowlist / oversize)
nvkvm: DENY ctrl cmd 0xa06f0111 (not in allowlist / oversize)
nvkvm: DENY ctrl cmd 0xa06f0111 (not in allowlist / oversize)
nvkvm: DENY ctrl cmd 0xa06f0111 (not in allowlist / oversize)
nvkvm: DENY ctrl cmd 0xa06f0111 (not in allowlist / oversize)
nvkvm: DENY ctrl cmd 0xa06f0111 (not in allowlist / oversize)
nvkvm: DENY ctrl cmd 0xa06f0111 (not in allowlist / oversize)
nvkvm: DENY ctrl cmd 0xa06f0111 (not in allowlist / oversize)
nvkvm: DENY ctrl cmd 0xa06f0111 (not in allowlist / oversize)
nvkvm: DENY ctrl cmd 0xa06f0111 (not in allowlist / oversize)
nvkvm: DENY ctrl cmd 0xa06f0111 (not in allowlist / oversize)
nvkvm: DENY ctrl cmd 0xa06f0111 (not in allowlist / oversize)
nvkvm: DENY ctrl cmd 0xa06f0111 (not in allowlist / oversize)
nvkvm: DENY ctrl cmd 0xa06f0111 (not in allowlist / oversize)
nvkvm: DENY ctrl cmd 0xa06f0111 (not in allowlist / oversize)
nvkvm: DENY ctrl cmd 0xa06f0111 (not in allowlist / oversize)
nvkvm: DENY ctrl cmd 0xa06f0111 (not in allowlist / oversize)
nvkvm: DENY ctrl cmd 0xa06f0111 (not in allowlist / oversize)
nvkvm: DENY ctrl cmd 0xa06f0111 (not in allowlist / oversize)
nvkvm: DENY ctrl cmd 0xa06f0111 (not in allowlist / oversize)
nvkvm: DENY ctrl cmd 0xa06f0111 (not in allowlist / oversize)
nvkvm: DENY ctrl cmd 0xa06f0111 (not in allowlist / oversize)
nvkvm: DENY ctrl cmd 0xa06f0111 (not in allowlist / oversize)
nvkvm: DENY ctrl cmd 0xa06f0111 (not in allowlist / oversize)
nvkvm: DENY ctrl cmd 0xa06f0111 (not in allowlist / oversize)
nvkvm: DENY ctrl cmd 0xa06f0111 (not in allowlist / oversize)
nvkvm: DENY ctrl cmd 0xa06f0111 (not in allowlist / oversize)
nvkvm: DENY ctrl cmd 0xa06f0111 (not in allowlist / oversize)
nvkvm: DENY ctrl cmd 0xa06f0111 (not in allowlist / oversize)
nvkvm: DENY ctrl cmd 0xa06f0111 (not in allowlist / oversize)
nvkvm: DENY ctrl cmd 0xa06f0111 (not in allowlist / oversize)
nvkvm disp stats: 59.9 frames/s dropped=0 failed=0 present_mean=0.57ms (total consumed=7013 dropped=0 failed=1)
nvkvm: DENY ctrl cmd 0xa06f0111 (not in allowlist / oversize)
nvkvm: DENY ctrl cmd 0xa06f0111 (not in allowlist / oversize)
nvkvm: DENY ctrl cmd 0xa06f0111 (not in allowlist / oversize)
nvkvm: DENY ctrl cmd 0xa06f0111 (not in allowlist / oversize)
nvkvm: DENY ctrl cmd 0xa06f0111 (not in allowlist / oversize)
nvkvm: DENY ctrl cmd 0xa06f0111 (not in allowlist / oversize)
nvkvm: DENY ctrl cmd 0xa06f0111 (not in allowlist / oversize)
nvkvm: DENY ctrl cmd 0xa06f0111 (not in allowlist / oversize)
nvkvm: DENY ctrl cmd 0xa06f0111 (not in allowlist / oversize)
nvkvm: DENY ctrl cmd 0xa06f0111 (not in allowlist / oversize)
nvkvm: DENY ctrl cmd 0xa06f0111 (not in allowlist / oversize)
nvkvm: DENY ctrl cmd 0xa06f0111 (not in allowlist / oversize)
nvkvm: DENY ctrl cmd 0xa06f0111 (not in allowlist / oversize)
nvkvm: DENY ctrl cmd 0xa06f0111 (not in allowlist / oversize)
nvkvm: DENY ctrl cmd 0xa06f0111 (not in allowlist / oversize)
nvkvm: DENY ctrl cmd 0xa06f0111 (not in allowlist / oversize)
nvkvm: DENY ctrl cmd 0xa06f0111 (not in allowlist / oversize)
nvkvm: DENY ctrl cmd 0xa06f0111 (not in allowlist / oversize)
nvkvm: DENY ctrl cmd 0xa06f0111 (not in allowlist / oversize)
nvkvm: DENY ctrl cmd 0xa06f0111 (not in allowlist / oversize)
nvkvm: DENY ctrl cmd 0xa06f0111 (not in allowlist / oversize)
nvkvm: DENY ctrl cmd 0xa06f0111 (not in allowlist / oversize)
nvkvm: DENY ctrl cmd 0xa06f0111 (not in allowlist / oversize)
nvkvm: DENY ctrl cmd 0xa06f0111 (not in allowlist / oversize)
nvkvm: DENY ctrl cmd 0xa06f0111 (not in allowlist / oversize)
nvkvm: DENY ctrl cmd 0xa06f0111 (not in allowlist / oversize)
nvkvm: DENY ctrl cmd 0xa06f0111 (not in allowlist / oversize)
nvkvm: DENY ctrl cmd 0xa06f0111 (not in allowlist / oversize)
nvkvm: DENY ctrl cmd 0xa06f0111 (not in allowlist / oversize)
nvkvm: DENY ctrl cmd 0xa06f0111 (not in allowlist / oversize)
nvkvm: DENY ctrl cmd 0xa06f0111 (not in allowlist / oversize)
nvkvm: DENY ctrl cmd 0xa06f0111 (not in allowlist / oversize)
nvkvm: DENY ctrl cmd 0xa06f0111 (not in allowlist / oversize)
nvkvm: DENY ctrl cmd 0xa06f0111 (not in allowlist / oversize)
nvkvm: DENY ctrl cmd 0xa06f0111 (not in allowlist / oversize)
nvkvm: DENY ctrl cmd 0xa06f0111 (not in allowlist / oversize)
nvkvm: DENY ctrl cmd 0xa06f0111 (not in allowlist / oversize)
nvkvm: DENY ctrl cmd 0xa06f0111 (not in allowlist / oversize)
nvkvm: DENY ctrl cmd 0xa06f0111 (not in allowlist / oversize)
nvkvm: DENY ctrl cmd 0xa06f0111 (not in allowlist / oversize)
nvkvm: DENY ctrl cmd 0xa06f0111 (not in allowlist / oversize)
nvkvm: DENY ctrl cmd 0xa06f0111 (not in allowlist / oversize)
nvkvm: DENY ctrl cmd 0xa06f0111 (not in allowlist / oversize)
nvkvm: DENY ctrl cmd 0xa06f0111 (not in allowlist / oversize)
nvkvm: DENY ctrl cmd 0xa06f0111 (not in allowlist / oversize)
nvkvm: DENY ctrl cmd 0xa06f0111 (not in allowlist / oversize)
nvkvm: DENY ctrl cmd 0xa06f0111 (not in allowlist / oversize)
nvkvm: DENY ctrl cmd 0xa06f0111 (not in allowlist / oversize)
nvkvm: DENY ctrl cmd 0xa06f0111 (not in allowlist / oversize)
nvkvm: DENY ctrl cmd 0xa06f0111 (not in allowlist / oversize)
nvkvm: DENY ctrl cmd 0xa06f0111 (not in allowlist / oversize)
nvkvm: DENY ctrl cmd 0xa06f0111 (not in allowlist / oversize)
nvkvm: DENY ctrl cmd 0xa06f0111 (not in allowlist / oversize)
nvkvm: DENY ctrl cmd 0xa06f0111 (not in allowlist / oversize)
nvkvm: DENY ctrl cmd 0xa06f0111 (not in allowlist / oversize)
nvkvm: DENY ctrl cmd 0xa06f0111 (not in allowlist / oversize)
nvkvm: DENY ctrl cmd 0xa06f0111 (not in allowlist / oversize)
nvkvm: DENY ctrl cmd 0xa06f0111 (not in allowlist / oversize)
nvkvm: DENY ctrl cmd 0xa06f0111 (not in allowlist / oversize)
nvkvm: DENY ctrl cmd 0xa06f0111 (not in allowlist / oversize)
nvkvm disp stats: 60.0 frames/s dropped=0 failed=0 present_mean=0.63ms (total consumed=7073 dropped=0 failed=1)
nvkvm: DENY ctrl cmd 0xa06f0111 (not in allowlist / oversize)
nvkvm: DENY ctrl cmd 0xa06f0111 (not in allowlist / oversize)
nvkvm: DENY ctrl cmd 0xa06f0111 (not in allowlist / oversize)
nvkvm: DENY ctrl cmd 0xa06f0111 (not in allowlist / oversize)
nvkvm: DENY ctrl cmd 0xa06f0111 (not in allowlist / oversize)
nvkvm: DENY ctrl cmd 0xa06f0111 (not in allowlist / oversize)
nvkvm: DENY ctrl cmd 0xa06f0111 (not in allowlist / oversize)
nvkvm: DENY ctrl cmd 0xa06f0111 (not in allowlist / oversize)
nvkvm: DENY ctrl cmd 0xa06f0111 (not in allowlist / oversize)
nvkvm: DENY ctrl cmd 0xa06f0111 (not in allowlist / oversize)
nvkvm: DENY ctrl cmd 0xa06f0111 (not in allowlist / oversize)
nvkvm: DENY ctrl cmd 0xa06f0111 (not in allowlist / oversize)
nvkvm: DENY ctrl cmd 0xa06f0111 (not in allowlist / oversize)
nvkvm: DENY ctrl cmd 0xa06f0111 (not in allowlist / oversize)
nvkvm: DENY ctrl cmd 0xa06f0111 (not in allowlist / oversize)
nvkvm: DENY ctrl cmd 0xa06f0111 (not in allowlist / oversize)
nvkvm: DENY ctrl cmd 0xa06f0111 (not in allowlist / oversize)
nvkvm: DENY ctrl cmd 0xa06f0111 (not in allowlist / oversize)
nvkvm: DENY ctrl cmd 0xa06f0111 (not in allowlist / oversize)
nvkvm: DENY ctrl cmd 0xa06f0111 (not in allowlist / oversize)
nvkvm: DENY ctrl cmd 0xa06f0111 (not in allowlist / oversize)
nvkvm: DENY ctrl cmd 0xa06f0111 (not in allowlist / oversize)
nvkvm: DENY ctrl cmd 0xa06f0111 (not in allowlist / oversize)
nvkvm: DENY ctrl cmd 0xa06f0111 (not in allowlist / oversize)
nvkvm: DENY ctrl cmd 0xa06f0111 (not in allowlist / oversize)
nvkvm: DENY ctrl cmd 0xa06f0111 (not in allowlist / oversize)
nvkvm: DENY ctrl cmd 0xa06f0111 (not in allowlist / oversize)
nvkvm: DENY ctrl cmd 0xa06f0111 (not in allowlist / oversize)
nvkvm: DENY ctrl cmd 0xa06f0111 (not in allowlist / oversize)
nvkvm: DENY ctrl cmd 0xa06f0111 (not in allowlist / oversize)
nvkvm: DENY ctrl cmd 0xa06f0111 (not in allowlist / oversize)
nvkvm: DENY ctrl cmd 0xa06f0111 (not in allowlist / oversize)
nvkvm: DENY ctrl cmd 0xa06f0111 (not in allowlist / oversize)
nvkvm: DENY ctrl cmd 0xa06f0111 (not in allowlist / oversize)
nvkvm: DENY ctrl cmd 0xa06f0111 (not in allowlist / oversize)
nvkvm: DENY ctrl cmd 0xa06f0111 (not in allowlist / oversize)
nvkvm: DENY ctrl cmd 0xa06f0111 (not in allowlist / oversize)
nvkvm: DENY ctrl cmd 0xa06f0111 (not in allowlist / oversize)
nvkvm: DENY ctrl cmd 0xa06f0111 (not in allowlist / oversize)
nvkvm: DENY ctrl cmd 0xa06f0111 (not in allowlist / oversize)
nvkvm: DENY ctrl cmd 0xa06f0111 (not in allowlist / oversize)
nvkvm: DENY ctrl cmd 0xa06f0111 (not in allowlist / oversize)
nvkvm: DENY ctrl cmd 0xa06f0111 (not in allowlist / oversize)
nvkvm: DENY ctrl cmd 0xa06f0111 (not in allowlist / oversize)
nvkvm: DENY ctrl cmd 0xa06f0111 (not in allowlist / oversize)
nvkvm: DENY ctrl cmd 0xa06f0111 (not in allowlist / oversize)
nvkvm: DENY ctrl cmd 0xa06f0111 (not in allowlist / oversize)
nvkvm: DENY ctrl cmd 0xa06f0111 (not in allowlist / oversize)
nvkvm: DENY ctrl cmd 0xa06f0111 (not in allowlist / oversize)
nvkvm: DENY ctrl cmd 0xa06f0111 (not in allowlist / oversize)
nvkvm: DENY ctrl cmd 0xa06f0111 (not in allowlist / oversize)
nvkvm: DENY ctrl cmd 0xa06f0111 (not in allowlist / oversize)
nvkvm: DENY ctrl cmd 0xa06f0111 (not in allowlist / oversize)
nvkvm: DENY ctrl cmd 0xa06f0111 (not in allowlist / oversize)
nvkvm: DENY ctrl cmd 0xa06f0111 (not in allowlist / oversize)
nvkvm: DENY ctrl cmd 0xa06f0111 (not in allowlist / oversize)
nvkvm: DENY ctrl cmd 0xa06f0111 (not in allowlist / oversize)
nvkvm: DENY ctrl cmd 0xa06f0111 (not in allowlist / oversize)
nvkvm: DENY ctrl cmd 0xa06f0111 (not in allowlist / oversize)
nvkvm: DENY ctrl cmd 0xa06f0111 (not in allowlist / oversize)
nvkvm disp stats: 58.9 frames/s dropped=0 failed=0 present_mean=0.59ms (total consumed=7133 dropped=0 failed=1)
nvkvm: DENY ctrl cmd 0xa06f0111 (not in allowlist / oversize)
nvkvm: DENY ctrl cmd 0xa06f0111 (not in allowlist / oversize)
nvkvm: DENY ctrl cmd 0xa06f0111 (not in allowlist / oversize)
nvkvm: DENY ctrl cmd 0xa06f0111 (not in allowlist / oversize)
nvkvm: DENY ctrl cmd 0xa06f0111 (not in allowlist / oversize)
nvkvm: DENY ctrl cmd 0xa06f0111 (not in allowlist / oversize)
nvkvm: DENY ctrl cmd 0xa06f0111 (not in allowlist / oversize)
nvkvm: DENY ctrl cmd 0xa06f0111 (not in allowlist / oversize)
nvkvm: DENY ctrl cmd 0xa06f0111 (not in allowlist / oversize)
nvkvm: DENY ctrl cmd 0xa06f0111 (not in allowlist / oversize)
nvkvm: DENY ctrl cmd 0xa06f0111 (not in allowlist / oversize)
nvkvm: DENY ctrl cmd 0xa06f0111 (not in allowlist / oversize)
nvkvm: DENY ctrl cmd 0xa06f0111 (not in allowlist / oversize)
nvkvm: DENY ctrl cmd 0xa06f0111 (not in allowlist / oversize)
nvkvm: DENY ctrl cmd 0xa06f0111 (not in allowlist / oversize)
nvkvm: DENY ctrl cmd 0xa06f0111 (not in allowlist / oversize)
nvkvm: DENY ctrl cmd 0xa06f0111 (not in allowlist / oversize)
nvkvm: DENY ctrl cmd 0xa06f0111 (not in allowlist / oversize)
nvkvm: DENY ctrl cmd 0xa06f0111 (not in allowlist / oversize)
nvkvm: DENY ctrl cmd 0xa06f0111 (not in allowlist / oversize)
nvkvm: DENY ctrl cmd 0xa06f0111 (not in allowlist / oversize)
nvkvm: DENY ctrl cmd 0xa06f0111 (not in allowlist / oversize)
nvkvm: DENY ctrl cmd 0xa06f0111 (not in allowlist / oversize)
nvkvm: DENY ctrl cmd 0xa06f0111 (not in allowlist / oversize)
nvkvm: DENY ctrl cmd 0xa06f0111 (not in allowlist / oversize)
nvkvm: DENY ctrl cmd 0xa06f0111 (not in allowlist / oversize)
nvkvm: DENY ctrl cmd 0xa06f0111 (not in allowlist / oversize)
nvkvm: DENY ctrl cmd 0xa06f0111 (not in allowlist / oversize)
nvkvm: DENY ctrl cmd 0xa06f0111 (not in allowlist / oversize)
nvkvm: DENY ctrl cmd 0xa06f0111 (not in allowlist / oversize)
nvkvm: DENY ctrl cmd 0xa06f0111 (not in allowlist / oversize)
nvkvm: DENY ctrl cmd 0xa06f0111 (not in allowlist / oversize)
nvkvm: DENY ctrl cmd 0xa06f0111 (not in allowlist / oversize)
nvkvm: DENY ctrl cmd 0xa06f0111 (not in allowlist / oversize)
nvkvm: DENY ctrl cmd 0xa06f0111 (not in allowlist / oversize)
nvkvm: DENY ctrl cmd 0xa06f0111 (not in allowlist / oversize)
nvkvm: DENY ctrl cmd 0xa06f0111 (not in allowlist / oversize)
nvkvm: DENY ctrl cmd 0xa06f0111 (not in allowlist / oversize)
nvkvm: DENY ctrl cmd 0xa06f0111 (not in allowlist / oversize)
nvkvm: DENY ctrl cmd 0xa06f0111 (not in allowlist / oversize)
nvkvm: DENY ctrl cmd 0xa06f0111 (not in allowlist / oversize)
nvkvm: DENY ctrl cmd 0xa06f0111 (not in allowlist / oversize)
nvkvm: DENY ctrl cmd 0xa06f0111 (not in allowlist / oversize)
nvkvm: DENY ctrl cmd 0xa06f0111 (not in allowlist / oversize)
nvkvm: DENY ctrl cmd 0xa06f0111 (not in allowlist / oversize)
nvkvm: DENY ctrl cmd 0xa06f0111 (not in allowlist / oversize)
nvkvm: DENY ctrl cmd 0xa06f0111 (not in allowlist / oversize)
nvkvm: DENY ctrl cmd 0xa06f0111 (not in allowlist / oversize)
nvkvm: DENY ctrl cmd 0xa06f0111 (not in allowlist / oversize)
nvkvm: DENY ctrl cmd 0xa06f0111 (not in allowlist / oversize)
nvkvm: DENY ctrl cmd 0xa06f0111 (not in allowlist / oversize)
nvkvm: DENY ctrl cmd 0xa06f0111 (not in allowlist / oversize)
nvkvm: DENY ctrl cmd 0xa06f0111 (not in allowlist / oversize)
nvkvm: DENY ctrl cmd 0xa06f0111 (not in allowlist / oversize)
nvkvm: DENY ctrl cmd 0xa06f0111 (not in allowlist / oversize)
nvkvm: DENY ctrl cmd 0xa06f0111 (not in allowlist / oversize)
nvkvm: DENY ctrl cmd 0xa06f0111 (not in allowlist / oversize)
nvkvm: DENY ctrl cmd 0xa06f0111 (not in allowlist / oversize)
nvkvm: DENY ctrl cmd 0xa06f0111 (not in allowlist / oversize)
nvkvm: DENY ctrl cmd 0xa06f0111 (not in allowlist / oversize)
nvkvm disp stats: 60.0 frames/s dropped=0 failed=0 present_mean=0.63ms (total consumed=7193 dropped=0 failed=1)
nvkvm: DENY ctrl cmd 0xa06f0111 (not in allowlist / oversize)
nvkvm: DENY ctrl cmd 0xa06f0111 (not in allowlist / oversize)
nvkvm: DENY ctrl cmd 0xa06f0111 (not in allowlist / oversize)
nvkvm: DENY ctrl cmd 0xa06f0111 (not in allowlist / oversize)
nvkvm: DENY ctrl cmd 0xa06f0111 (not in allowlist / oversize)
nvkvm: DENY ctrl cmd 0xa06f0111 (not in allowlist / oversize)
nvkvm: DENY ctrl cmd 0xa06f0111 (not in allowlist / oversize)
nvkvm: DENY ctrl cmd 0xa06f0111 (not in allowlist / oversize)
nvkvm: DENY ctrl cmd 0xa06f0111 (not in allowlist / oversize)
nvkvm: DENY ctrl cmd 0xa06f0111 (not in allowlist / oversize)
nvkvm: DENY ctrl cmd 0xa06f0111 (not in allowlist / oversize)
nvkvm: DENY ctrl cmd 0xa06f0111 (not in allowlist / oversize)
nvkvm: DENY ctrl cmd 0xa06f0111 (not in allowlist / oversize)
nvkvm: DENY ctrl cmd 0xa06f0111 (not in allowlist / oversize)
nvkvm: DENY ctrl cmd 0xa06f0111 (not in allowlist / oversize)
nvkvm: DENY ctrl cmd 0xa06f0111 (not in allowlist / oversize)
nvkvm: DENY ctrl cmd 0xa06f0111 (not in allowlist / oversize)
nvkvm: DENY ctrl cmd 0xa06f0111 (not in allowlist / oversize)
nvkvm: DENY ctrl cmd 0xa06f0111 (not in allowlist / oversize)
nvkvm: DENY ctrl cmd 0xa06f0111 (not in allowlist / oversize)
nvkvm: DENY ctrl cmd 0xa06f0111 (not in allowlist / oversize)
nvkvm: DENY ctrl cmd 0xa06f0111 (not in allowlist / oversize)
nvkvm: DENY ctrl cmd 0xa06f0111 (not in allowlist / oversize)
nvkvm: DENY ctrl cmd 0xa06f0111 (not in allowlist / oversize)
nvkvm: DENY ctrl cmd 0xa06f0111 (not in allowlist / oversize)
nvkvm: DENY ctrl cmd 0xa06f0111 (not in allowlist / oversize)
nvkvm: DENY ctrl cmd 0xa06f0111 (not in allowlist / oversize)
nvkvm: DENY ctrl cmd 0xa06f0111 (not in allowlist / oversize)
nvkvm: DENY ctrl cmd 0xa06f0111 (not in allowlist / oversize)
nvkvm: DENY ctrl cmd 0xa06f0111 (not in allowlist / oversize)
nvkvm: DENY ctrl cmd 0xa06f0111 (not in allowlist / oversize)
nvkvm: DENY ctrl cmd 0xa06f0111 (not in allowlist / oversize)
nvkvm: DENY ctrl cmd 0xa06f0111 (not in allowlist / oversize)
nvkvm: DENY ctrl cmd 0xa06f0111 (not in allowlist / oversize)
nvkvm: DENY ctrl cmd 0xa06f0111 (not in allowlist / oversize)
nvkvm: DENY ctrl cmd 0xa06f0111 (not in allowlist / oversize)
nvkvm: DENY ctrl cmd 0xa06f0111 (not in allowlist / oversize)
nvkvm: DENY ctrl cmd 0xa06f0111 (not in allowlist / oversize)
nvkvm: DENY ctrl cmd 0xa06f0111 (not in allowlist / oversize)
nvkvm: DENY ctrl cmd 0xa06f0111 (not in allowlist / oversize)
nvkvm: DENY ctrl cmd 0xa06f0111 (not in allowlist / oversize)
nvkvm: DENY ctrl cmd 0xa06f0111 (not in allowlist / oversize)
nvkvm: DENY ctrl cmd 0xa06f0111 (not in allowlist / oversize)
nvkvm: DENY ctrl cmd 0xa06f0111 (not in allowlist / oversize)
nvkvm: DENY ctrl cmd 0xa06f0111 (not in allowlist / oversize)
nvkvm: DENY ctrl cmd 0xa06f0111 (not in allowlist / oversize)
nvkvm: DENY ctrl cmd 0xa06f0111 (not in allowlist / oversize)
nvkvm: DENY ctrl cmd 0xa06f0111 (not in allowlist / oversize)
nvkvm: DENY ctrl cmd 0xa06f0111 (not in allowlist / oversize)
nvkvm: DENY ctrl cmd 0xa06f0111 (not in allowlist / oversize)
nvkvm: DENY ctrl cmd 0xa06f0111 (not in allowlist / oversize)
nvkvm: DENY ctrl cmd 0xa06f0111 (not in allowlist / oversize)
nvkvm: DENY ctrl cmd 0xa06f0111 (not in allowlist / oversize)
nvkvm: DENY ctrl cmd 0xa06f0111 (not in allowlist / oversize)
nvkvm: DENY ctrl cmd 0xa06f0111 (not in allowlist / oversize)
nvkvm: DENY ctrl cmd 0xa06f0111 (not in allowlist / oversize)
nvkvm: DENY ctrl cmd 0xa06f0111 (not in allowlist / oversize)
nvkvm: DENY ctrl cmd 0xa06f0111 (not in allowlist / oversize)
nvkvm: DENY ctrl cmd 0xa06f0111 (not in allowlist / oversize)
nvkvm: DENY ctrl cmd 0xa06f0111 (not in allowlist / oversize)
nvkvm disp stats: 59.4 frames/s dropped=0 failed=0 present_mean=0.54ms (total consumed=7253 dropped=0 failed=1)
nvkvm: DENY ctrl cmd 0xa06f0111 (not in allowlist / oversize)
nvkvm: DENY ctrl cmd 0xa06f0111 (not in allowlist / oversize)
nvkvm: DENY ctrl cmd 0xa06f0111 (not in allowlist / oversize)
nvkvm: DENY ctrl cmd 0xa06f0111 (not in allowlist / oversize)
nvkvm: DENY ctrl cmd 0xa06f0111 (not in allowlist / oversize)
nvkvm: DENY ctrl cmd 0xa06f0111 (not in allowlist / oversize)
nvkvm: DENY ctrl cmd 0xa06f0111 (not in allowlist / oversize)
nvkvm: DENY ctrl cmd 0xa06f0111 (not in allowlist / oversize)
nvkvm: DENY ctrl cmd 0xa06f0111 (not in allowlist / oversize)
nvkvm: DENY ctrl cmd 0xa06f0111 (not in allowlist / oversize)
nvkvm: DENY ctrl cmd 0xa06f0111 (not in allowlist / oversize)
nvkvm: DENY ctrl cmd 0xa06f0111 (not in allowlist / oversize)
nvkvm: DENY ctrl cmd 0xa06f0111 (not in allowlist / oversize)
nvkvm: DENY ctrl cmd 0xa06f0111 (not in allowlist / oversize)
nvkvm: DENY ctrl cmd 0xa06f0111 (not in allowlist / oversize)
nvkvm: DENY ctrl cmd 0xa06f0111 (not in allowlist / oversize)
nvkvm: DENY ctrl cmd 0xa06f0111 (not in allowlist / oversize)
nvkvm: DENY ctrl cmd 0xa06f0111 (not in allowlist / oversize)
nvkvm: DENY ctrl cmd 0xa06f0111 (not in allowlist / oversize)
nvkvm: DENY ctrl cmd 0xa06f0111 (not in allowlist / oversize)
nvkvm: DENY ctrl cmd 0xa06f0111 (not in allowlist / oversize)
nvkvm: DENY ctrl cmd 0xa06f0111 (not in allowlist / oversize)
nvkvm: DENY ctrl cmd 0xa06f0111 (not in allowlist / oversize)
nvkvm: DENY ctrl cmd 0xa06f0111 (not in allowlist / oversize)
nvkvm: DENY ctrl cmd 0xa06f0111 (not in allowlist / oversize)
nvkvm: DENY ctrl cmd 0xa06f0111 (not in allowlist / oversize)
nvkvm: DENY ctrl cmd 0xa06f0111 (not in allowlist / oversize)
nvkvm: DENY ctrl cmd 0xa06f0111 (not in allowlist / oversize)
nvkvm: DENY ctrl cmd 0xa06f0111 (not in allowlist / oversize)
nvkvm: DENY ctrl cmd 0xa06f0111 (not in allowlist / oversize)
nvkvm: DENY ctrl cmd 0xa06f0111 (not in allowlist / oversize)
nvkvm: DENY ctrl cmd 0xa06f0111 (not in allowlist / oversize)
nvkvm: DENY ctrl cmd 0xa06f0111 (not in allowlist / oversize)
nvkvm: DENY ctrl cmd 0xa06f0111 (not in allowlist / oversize)
nvkvm: DENY ctrl cmd 0xa06f0111 (not in allowlist / oversize)
nvkvm: DENY ctrl cmd 0xa06f0111 (not in allowlist / oversize)
nvkvm: DENY ctrl cmd 0xa06f0111 (not in allowlist / oversize)
nvkvm: DENY ctrl cmd 0xa06f0111 (not in allowlist / oversize)
nvkvm: DENY ctrl cmd 0xa06f0111 (not in allowlist / oversize)
nvkvm: DENY ctrl cmd 0xa06f0111 (not in allowlist / oversize)
nvkvm: DENY ctrl cmd 0xa06f0111 (not in allowlist / oversize)
nvkvm: DENY ctrl cmd 0xa06f0111 (not in allowlist / oversize)
nvkvm: DENY ctrl cmd 0xa06f0111 (not in allowlist / oversize)
nvkvm: DENY ctrl cmd 0xa06f0111 (not in allowlist / oversize)
nvkvm: DENY ctrl cmd 0xa06f0111 (not in allowlist / oversize)
nvkvm: DENY ctrl cmd 0xa06f0111 (not in allowlist / oversize)
nvkvm: DENY ctrl cmd 0xa06f0111 (not in allowlist / oversize)
nvkvm: DENY ctrl cmd 0xa06f0111 (not in allowlist / oversize)
nvkvm: DENY ctrl cmd 0xa06f0111 (not in allowlist / oversize)
nvkvm: DENY ctrl cmd 0xa06f0111 (not in allowlist / oversize)
nvkvm: DENY ctrl cmd 0xa06f0111 (not in allowlist / oversize)
nvkvm: DENY ctrl cmd 0xa06f0111 (not in allowlist / oversize)
nvkvm: DENY ctrl cmd 0xa06f0111 (not in allowlist / oversize)
nvkvm: DENY ctrl cmd 0xa06f0111 (not in allowlist / oversize)
nvkvm: DENY ctrl cmd 0xa06f0111 (not in allowlist / oversize)
nvkvm: DENY ctrl cmd 0xa06f0111 (not in allowlist / oversize)
nvkvm: DENY ctrl cmd 0xa06f0111 (not in allowlist / oversize)
nvkvm: DENY ctrl cmd 0xa06f0111 (not in allowlist / oversize)
nvkvm: DENY ctrl cmd 0xa06f0111 (not in allowlist / oversize)
nvkvm: DENY ctrl cmd 0xa06f0111 (not in allowlist / oversize)
nvkvm disp stats: 59.8 frames/s dropped=0 failed=0 present_mean=0.57ms (total consumed=7313 dropped=0 failed=1)
nvkvm: DENY ctrl cmd 0xa06f0111 (not in allowlist / oversize)
nvkvm: DENY ctrl cmd 0xa06f0111 (not in allowlist / oversize)
nvkvm: DENY ctrl cmd 0xa06f0111 (not in allowlist / oversize)
nvkvm: DENY ctrl cmd 0xa06f0111 (not in allowlist / oversize)
nvkvm: DENY ctrl cmd 0xa06f0111 (not in allowlist / oversize)
nvkvm: DENY ctrl cmd 0xa06f0111 (not in allowlist / oversize)
nvkvm: DENY ctrl cmd 0xa06f0111 (not in allowlist / oversize)
nvkvm: DENY ctrl cmd 0xa06f0111 (not in allowlist / oversize)
nvkvm: DENY ctrl cmd 0xa06f0111 (not in allowlist / oversize)
nvkvm: DENY ctrl cmd 0xa06f0111 (not in allowlist / oversize)
nvkvm: DENY ctrl cmd 0xa06f0111 (not in allowlist / oversize)
nvkvm: DENY ctrl cmd 0xa06f0111 (not in allowlist / oversize)
nvkvm: DENY ctrl cmd 0xa06f0111 (not in allowlist / oversize)
nvkvm: DENY ctrl cmd 0xa06f0111 (not in allowlist / oversize)
nvkvm: DENY ctrl cmd 0xa06f0111 (not in allowlist / oversize)
nvkvm: DENY ctrl cmd 0xa06f0111 (not in allowlist / oversize)
nvkvm: DENY ctrl cmd 0xa06f0111 (not in allowlist / oversize)
nvkvm: DENY ctrl cmd 0xa06f0111 (not in allowlist / oversize)
nvkvm: DENY ctrl cmd 0xa06f0111 (not in allowlist / oversize)
nvkvm: DENY ctrl cmd 0xa06f0111 (not in allowlist / oversize)
nvkvm: DENY ctrl cmd 0xa06f0111 (not in allowlist / oversize)
nvkvm: DENY ctrl cmd 0xa06f0111 (not in allowlist / oversize)
nvkvm: DENY ctrl cmd 0xa06f0111 (not in allowlist / oversize)
nvkvm: DENY ctrl cmd 0xa06f0111 (not in allowlist / oversize)
nvkvm: DENY ctrl cmd 0xa06f0111 (not in allowlist / oversize)
nvkvm: DENY ctrl cmd 0xa06f0111 (not in allowlist / oversize)
nvkvm: DENY ctrl cmd 0xa06f0111 (not in allowlist / oversize)
nvkvm: DENY ctrl cmd 0xa06f0111 (not in allowlist / oversize)
nvkvm: DENY ctrl cmd 0xa06f0111 (not in allowlist / oversize)
nvkvm: DENY ctrl cmd 0xa06f0111 (not in allowlist / oversize)
nvkvm: DENY ctrl cmd 0xa06f0111 (not in allowlist / oversize)
nvkvm: DENY ctrl cmd 0xa06f0111 (not in allowlist / oversize)
nvkvm: DENY ctrl cmd 0xa06f0111 (not in allowlist / oversize)
nvkvm: DENY ctrl cmd 0xa06f0111 (not in allowlist / oversize)
nvkvm: DENY ctrl cmd 0xa06f0111 (not in allowlist / oversize)
nvkvm: DENY ctrl cmd 0xa06f0111 (not in allowlist / oversize)
nvkvm: DENY ctrl cmd 0xa06f0111 (not in allowlist / oversize)
nvkvm: DENY ctrl cmd 0xa06f0111 (not in allowlist / oversize)
nvkvm: DENY ctrl cmd 0xa06f0111 (not in allowlist / oversize)
nvkvm: DENY ctrl cmd 0xa06f0111 (not in allowlist / oversize)
nvkvm: DENY ctrl cmd 0xa06f0111 (not in allowlist / oversize)
nvkvm: DENY ctrl cmd 0xa06f0111 (not in allowlist / oversize)
nvkvm: DENY ctrl cmd 0xa06f0111 (not in allowlist / oversize)
nvkvm: DENY ctrl cmd 0xa06f0111 (not in allowlist / oversize)
nvkvm: DENY ctrl cmd 0xa06f0111 (not in allowlist / oversize)
nvkvm: DENY ctrl cmd 0xa06f0111 (not in allowlist / oversize)
nvkvm: DENY ctrl cmd 0xa06f0111 (not in allowlist / oversize)
nvkvm: DENY ctrl cmd 0xa06f0111 (not in allowlist / oversize)
nvkvm: DENY ctrl cmd 0xa06f0111 (not in allowlist / oversize)
nvkvm: DENY ctrl cmd 0xa06f0111 (not in allowlist / oversize)
nvkvm: DENY ctrl cmd 0xa06f0111 (not in allowlist / oversize)
nvkvm: DENY ctrl cmd 0xa06f0111 (not in allowlist / oversize)
nvkvm: DENY ctrl cmd 0xa06f0111 (not in allowlist / oversize)
nvkvm: DENY ctrl cmd 0xa06f0111 (not in allowlist / oversize)
nvkvm: DENY ctrl cmd 0xa06f0111 (not in allowlist / oversize)
nvkvm: DENY ctrl cmd 0xa06f0111 (not in allowlist / oversize)
nvkvm: DENY ctrl cmd 0xa06f0111 (not in allowlist / oversize)
nvkvm: DENY ctrl cmd 0xa06f0111 (not in allowlist / oversize)
nvkvm: DENY ctrl cmd 0xa06f0111 (not in allowlist / oversize)
nvkvm disp stats: 58.9 frames/s dropped=0 failed=0 present_mean=0.59ms (total consumed=7372 dropped=0 failed=1)
nvkvm: DENY ctrl cmd 0xa06f0111 (not in allowlist / oversize)
nvkvm: DENY ctrl cmd 0xa06f0111 (not in allowlist / oversize)
nvkvm: DENY ctrl cmd 0xa06f0111 (not in allowlist / oversize)
nvkvm: DENY ctrl cmd 0xa06f0111 (not in allowlist / oversize)
nvkvm: DENY ctrl cmd 0xa06f0111 (not in allowlist / oversize)
nvkvm: DENY ctrl cmd 0xa06f0111 (not in allowlist / oversize)
nvkvm: DENY ctrl cmd 0xa06f0111 (not in allowlist / oversize)
nvkvm: DENY ctrl cmd 0xa06f0111 (not in allowlist / oversize)
nvkvm: DENY ctrl cmd 0xa06f0111 (not in allowlist / oversize)
nvkvm: DENY ctrl cmd 0xa06f0111 (not in allowlist / oversize)
nvkvm: DENY ctrl cmd 0xa06f0111 (not in allowlist / oversize)
nvkvm: DENY ctrl cmd 0xa06f0111 (not in allowlist / oversize)
nvkvm: DENY ctrl cmd 0xa06f0111 (not in allowlist / oversize)
nvkvm: DENY ctrl cmd 0xa06f0111 (not in allowlist / oversize)
nvkvm: DENY ctrl cmd 0xa06f0111 (not in allowlist / oversize)
nvkvm: DENY ctrl cmd 0xa06f0111 (not in allowlist / oversize)
nvkvm: DENY ctrl cmd 0xa06f0111 (not in allowlist / oversize)
nvkvm: DENY ctrl cmd 0xa06f0111 (not in allowlist / oversize)
nvkvm: DENY ctrl cmd 0xa06f0111 (not in allowlist / oversize)
nvkvm: DENY ctrl cmd 0xa06f0111 (not in allowlist / oversize)
nvkvm: DENY ctrl cmd 0xa06f0111 (not in allowlist / oversize)
nvkvm: DENY ctrl cmd 0xa06f0111 (not in allowlist / oversize)
nvkvm: DENY ctrl cmd 0xa06f0111 (not in allowlist / oversize)
nvkvm: DENY ctrl cmd 0xa06f0111 (not in allowlist / oversize)
nvkvm: DENY ctrl cmd 0xa06f0111 (not in allowlist / oversize)
nvkvm: DENY ctrl cmd 0xa06f0111 (not in allowlist / oversize)
nvkvm: DENY ctrl cmd 0xa06f0111 (not in allowlist / oversize)
nvkvm: DENY ctrl cmd 0xa06f0111 (not in allowlist / oversize)
nvkvm: DENY ctrl cmd 0xa06f0111 (not in allowlist / oversize)
nvkvm: DENY ctrl cmd 0xa06f0111 (not in allowlist / oversize)
nvkvm: DENY ctrl cmd 0xa06f0111 (not in allowlist / oversize)
nvkvm: DENY ctrl cmd 0xa06f0111 (not in allowlist / oversize)
nvkvm: DENY ctrl cmd 0xa06f0111 (not in allowlist / oversize)
nvkvm: DENY ctrl cmd 0xa06f0111 (not in allowlist / oversize)
nvkvm: DENY ctrl cmd 0xa06f0111 (not in allowlist / oversize)
nvkvm: DENY ctrl cmd 0xa06f0111 (not in allowlist / oversize)
nvkvm: DENY ctrl cmd 0xa06f0111 (not in allowlist / oversize)
nvkvm: DENY ctrl cmd 0xa06f0111 (not in allowlist / oversize)
nvkvm: DENY ctrl cmd 0xa06f0111 (not in allowlist / oversize)
nvkvm: DENY ctrl cmd 0xa06f0111 (not in allowlist / oversize)
nvkvm: DENY ctrl cmd 0xa06f0111 (not in allowlist / oversize)
nvkvm: DENY ctrl cmd 0xa06f0111 (not in allowlist / oversize)
nvkvm: DENY ctrl cmd 0xa06f0111 (not in allowlist / oversize)
nvkvm: DENY ctrl cmd 0xa06f0111 (not in allowlist / oversize)
nvkvm: DENY ctrl cmd 0xa06f0111 (not in allowlist / oversize)
nvkvm: DENY ctrl cmd 0xa06f0111 (not in allowlist / oversize)
nvkvm: DENY ctrl cmd 0xa06f0111 (not in allowlist / oversize)
nvkvm: DENY ctrl cmd 0xa06f0111 (not in allowlist / oversize)
nvkvm: DENY ctrl cmd 0xa06f0111 (not in allowlist / oversize)
nvkvm: DENY ctrl cmd 0xa06f0111 (not in allowlist / oversize)
nvkvm: DENY ctrl cmd 0xa06f0111 (not in allowlist / oversize)
nvkvm: DENY ctrl cmd 0xa06f0111 (not in allowlist / oversize)
nvkvm: DENY ctrl cmd 0xa06f0111 (not in allowlist / oversize)
nvkvm: DENY ctrl cmd 0xa06f0111 (not in allowlist / oversize)
nvkvm: DENY ctrl cmd 0xa06f0111 (not in allowlist / oversize)
nvkvm: DENY ctrl cmd 0xa06f0111 (not in allowlist / oversize)
nvkvm: DENY ctrl cmd 0xa06f0111 (not in allowlist / oversize)
nvkvm: DENY ctrl cmd 0xa06f0111 (not in allowlist / oversize)
nvkvm: DENY ctrl cmd 0xa06f0111 (not in allowlist / oversize)
nvkvm: DENY ctrl cmd 0xa06f0111 (not in allowlist / oversize)
nvkvm: DENY ctrl cmd 0xa06f0111 (not in allowlist / oversize)
nvkvm disp stats: 60.1 frames/s dropped=0 failed=0 present_mean=0.58ms (total consumed=7433 dropped=0 failed=1)
nvkvm: DENY ctrl cmd 0xa06f0111 (not in allowlist / oversize)
nvkvm: DENY ctrl cmd 0xa06f0111 (not in allowlist / oversize)
nvkvm: DENY ctrl cmd 0xa06f0111 (not in allowlist / oversize)
nvkvm: DENY ctrl cmd 0xa06f0111 (not in allowlist / oversize)
nvkvm: DENY ctrl cmd 0xa06f0111 (not in allowlist / oversize)
nvkvm: DENY ctrl cmd 0xa06f0111 (not in allowlist / oversize)
nvkvm: DENY ctrl cmd 0xa06f0111 (not in allowlist / oversize)
nvkvm: DENY ctrl cmd 0xa06f0111 (not in allowlist / oversize)
nvkvm: DENY ctrl cmd 0xa06f0111 (not in allowlist / oversize)
nvkvm: DENY ctrl cmd 0xa06f0111 (not in allowlist / oversize)
nvkvm: DENY ctrl cmd 0xa06f0111 (not in allowlist / oversize)
nvkvm: DENY ctrl cmd 0xa06f0111 (not in allowlist / oversize)
nvkvm: DENY ctrl cmd 0xa06f0111 (not in allowlist / oversize)
nvkvm: DENY ctrl cmd 0xa06f0111 (not in allowlist / oversize)
nvkvm: DENY ctrl cmd 0xa06f0111 (not in allowlist / oversize)
nvkvm: DENY ctrl cmd 0xa06f0111 (not in allowlist / oversize)
nvkvm: DENY ctrl cmd 0xa06f0111 (not in allowlist / oversize)
nvkvm: DENY ctrl cmd 0xa06f0111 (not in allowlist / oversize)
nvkvm: DENY ctrl cmd 0xa06f0111 (not in allowlist / oversize)
nvkvm: DENY ctrl cmd 0xa06f0111 (not in allowlist / oversize)
nvkvm: DENY ctrl cmd 0xa06f0111 (not in allowlist / oversize)
nvkvm: DENY ctrl cmd 0xa06f0111 (not in allowlist / oversize)
nvkvm: DENY ctrl cmd 0xa06f0111 (not in allowlist / oversize)
nvkvm: DENY ctrl cmd 0xa06f0111 (not in allowlist / oversize)
nvkvm: DENY ctrl cmd 0xa06f0111 (not in allowlist / oversize)
nvkvm: DENY ctrl cmd 0xa06f0111 (not in allowlist / oversize)
nvkvm: DENY ctrl cmd 0xa06f0111 (not in allowlist / oversize)
nvkvm: DENY ctrl cmd 0xa06f0111 (not in allowlist / oversize)
nvkvm: DENY ctrl cmd 0xa06f0111 (not in allowlist / oversize)
nvkvm: DENY ctrl cmd 0xa06f0111 (not in allowlist / oversize)
nvkvm: DENY ctrl cmd 0xa06f0111 (not in allowlist / oversize)
nvkvm: DENY ctrl cmd 0xa06f0111 (not in allowlist / oversize)
nvkvm: DENY ctrl cmd 0xa06f0111 (not in allowlist / oversize)
nvkvm: DENY ctrl cmd 0xa06f0111 (not in allowlist / oversize)
nvkvm: DENY ctrl cmd 0xa06f0111 (not in allowlist / oversize)
nvkvm: DENY ctrl cmd 0xa06f0111 (not in allowlist / oversize)
nvkvm: DENY ctrl cmd 0xa06f0111 (not in allowlist / oversize)
nvkvm: DENY ctrl cmd 0xa06f0111 (not in allowlist / oversize)
nvkvm: DENY ctrl cmd 0xa06f0111 (not in allowlist / oversize)
nvkvm: DENY ctrl cmd 0xa06f0111 (not in allowlist / oversize)
nvkvm: DENY ctrl cmd 0xa06f0111 (not in allowlist / oversize)
nvkvm: DENY ctrl cmd 0xa06f0111 (not in allowlist / oversize)
nvkvm: DENY ctrl cmd 0xa06f0111 (not in allowlist / oversize)
nvkvm: DENY ctrl cmd 0xa06f0111 (not in allowlist / oversize)
nvkvm: DENY ctrl cmd 0xa06f0111 (not in allowlist / oversize)
nvkvm: DENY ctrl cmd 0xa06f0111 (not in allowlist / oversize)
nvkvm: DENY ctrl cmd 0xa06f0111 (not in allowlist / oversize)
nvkvm: DENY ctrl cmd 0xa06f0111 (not in allowlist / oversize)
nvkvm: DENY ctrl cmd 0xa06f0111 (not in allowlist / oversize)
nvkvm: DENY ctrl cmd 0xa06f0111 (not in allowlist / oversize)
nvkvm: DENY ctrl cmd 0xa06f0111 (not in allowlist / oversize)
nvkvm: DENY ctrl cmd 0xa06f0111 (not in allowlist / oversize)
nvkvm: DENY ctrl cmd 0xa06f0111 (not in allowlist / oversize)
nvkvm: DENY ctrl cmd 0xa06f0111 (not in allowlist / oversize)
nvkvm: DENY ctrl cmd 0xa06f0111 (not in allowlist / oversize)
nvkvm: DENY ctrl cmd 0xa06f0111 (not in allowlist / oversize)
nvkvm: DENY ctrl cmd 0xa06f0111 (not in allowlist / oversize)
nvkvm: DENY ctrl cmd 0xa06f0111 (not in allowlist / oversize)
nvkvm: DENY ctrl cmd 0xa06f0111 (not in allowlist / oversize)
nvkvm: DENY ctrl cmd 0xa06f0111 (not in allowlist / oversize)
nvkvm disp stats: 59.9 frames/s dropped=0 failed=0 present_mean=0.55ms (total consumed=7493 dropped=0 failed=1)
nvkvm: DENY ctrl cmd 0xa06f0111 (not in allowlist / oversize)
nvkvm: DENY ctrl cmd 0xa06f0111 (not in allowlist / oversize)
nvkvm: DENY ctrl cmd 0xa06f0111 (not in allowlist / oversize)
nvkvm: DENY ctrl cmd 0xa06f0111 (not in allowlist / oversize)
nvkvm: DENY ctrl cmd 0xa06f0111 (not in allowlist / oversize)
nvkvm: DENY ctrl cmd 0xa06f0111 (not in allowlist / oversize)
nvkvm: DENY ctrl cmd 0xa06f0111 (not in allowlist / oversize)
nvkvm: DENY ctrl cmd 0xa06f0111 (not in allowlist / oversize)
nvkvm: DENY ctrl cmd 0xa06f0111 (not in allowlist / oversize)
nvkvm: DENY ctrl cmd 0xa06f0111 (not in allowlist / oversize)
nvkvm: DENY ctrl cmd 0xa06f0111 (not in allowlist / oversize)
nvkvm: DENY ctrl cmd 0xa06f0111 (not in allowlist / oversize)
nvkvm: DENY ctrl cmd 0xa06f0111 (not in allowlist / oversize)
nvkvm: DENY ctrl cmd 0xa06f0111 (not in allowlist / oversize)
nvkvm: DENY ctrl cmd 0xa06f0111 (not in allowlist / oversize)
nvkvm: DENY ctrl cmd 0xa06f0111 (not in allowlist / oversize)
nvkvm: DENY ctrl cmd 0xa06f0111 (not in allowlist / oversize)
nvkvm: DENY ctrl cmd 0xa06f0111 (not in allowlist / oversize)
nvkvm: DENY ctrl cmd 0xa06f0111 (not in allowlist / oversize)
nvkvm: DENY ctrl cmd 0xa06f0111 (not in allowlist / oversize)
nvkvm: DENY ctrl cmd 0xa06f0111 (not in allowlist / oversize)
nvkvm: DENY ctrl cmd 0xa06f0111 (not in allowlist / oversize)
nvkvm: DENY ctrl cmd 0xa06f0111 (not in allowlist / oversize)
nvkvm: DENY ctrl cmd 0xa06f0111 (not in allowlist / oversize)
nvkvm: DENY ctrl cmd 0xa06f0111 (not in allowlist / oversize)
nvkvm: DENY ctrl cmd 0xa06f0111 (not in allowlist / oversize)
nvkvm: DENY ctrl cmd 0xa06f0111 (not in allowlist / oversize)
nvkvm: DENY ctrl cmd 0xa06f0111 (not in allowlist / oversize)
nvkvm: DENY ctrl cmd 0xa06f0111 (not in allowlist / oversize)
nvkvm: DENY ctrl cmd 0xa06f0111 (not in allowlist / oversize)
nvkvm: DENY ctrl cmd 0xa06f0111 (not in allowlist / oversize)
nvkvm: DENY ctrl cmd 0xa06f0111 (not in allowlist / oversize)
nvkvm: DENY ctrl cmd 0xa06f0111 (not in allowlist / oversize)
nvkvm: DENY ctrl cmd 0xa06f0111 (not in allowlist / oversize)
nvkvm: DENY ctrl cmd 0xa06f0111 (not in allowlist / oversize)
nvkvm: DENY ctrl cmd 0xa06f0111 (not in allowlist / oversize)
nvkvm: DENY ctrl cmd 0xa06f0111 (not in allowlist / oversize)
nvkvm: DENY ctrl cmd 0xa06f0111 (not in allowlist / oversize)
nvkvm: DENY ctrl cmd 0xa06f0111 (not in allowlist / oversize)
nvkvm: DENY ctrl cmd 0xa06f0111 (not in allowlist / oversize)
nvkvm: DENY ctrl cmd 0xa06f0111 (not in allowlist / oversize)
nvkvm: DENY ctrl cmd 0xa06f0111 (not in allowlist / oversize)
nvkvm: DENY ctrl cmd 0xa06f0111 (not in allowlist / oversize)
nvkvm: DENY ctrl cmd 0xa06f0111 (not in allowlist / oversize)
nvkvm: DENY ctrl cmd 0xa06f0111 (not in allowlist / oversize)
nvkvm: DENY ctrl cmd 0xa06f0111 (not in allowlist / oversize)
nvkvm: DENY ctrl cmd 0xa06f0111 (not in allowlist / oversize)
nvkvm: DENY ctrl cmd 0xa06f0111 (not in allowlist / oversize)
nvkvm: DENY ctrl cmd 0xa06f0111 (not in allowlist / oversize)
nvkvm: DENY ctrl cmd 0xa06f0111 (not in allowlist / oversize)
nvkvm: DENY ctrl cmd 0xa06f0111 (not in allowlist / oversize)
nvkvm: DENY ctrl cmd 0xa06f0111 (not in allowlist / oversize)
nvkvm: DENY ctrl cmd 0xa06f0111 (not in allowlist / oversize)
nvkvm: DENY ctrl cmd 0xa06f0111 (not in allowlist / oversize)
nvkvm: DENY ctrl cmd 0xa06f0111 (not in allowlist / oversize)
nvkvm: DENY ctrl cmd 0xa06f0111 (not in allowlist / oversize)
nvkvm: DENY ctrl cmd 0xa06f0111 (not in allowlist / oversize)
nvkvm: DENY ctrl cmd 0xa06f0111 (not in allowlist / oversize)
nvkvm: DENY ctrl cmd 0xa06f0111 (not in allowlist / oversize)
nvkvm disp stats: 58.9 frames/s dropped=0 failed=0 present_mean=0.58ms (total consumed=7552 dropped=0 failed=1)
nvkvm: DENY ctrl cmd 0xa06f0111 (not in allowlist / oversize)
nvkvm: DENY ctrl cmd 0xa06f0111 (not in allowlist / oversize)
nvkvm: DENY ctrl cmd 0xa06f0111 (not in allowlist / oversize)
nvkvm: DENY ctrl cmd 0xa06f0111 (not in allowlist / oversize)
nvkvm: DENY ctrl cmd 0xa06f0111 (not in allowlist / oversize)
nvkvm: DENY ctrl cmd 0xa06f0111 (not in allowlist / oversize)
nvkvm: DENY ctrl cmd 0xa06f0111 (not in allowlist / oversize)
nvkvm: DENY ctrl cmd 0xa06f0111 (not in allowlist / oversize)
nvkvm: DENY ctrl cmd 0xa06f0111 (not in allowlist / oversize)
nvkvm: DENY ctrl cmd 0xa06f0111 (not in allowlist / oversize)
nvkvm: DENY ctrl cmd 0xa06f0111 (not in allowlist / oversize)
nvkvm: DENY ctrl cmd 0xa06f0111 (not in allowlist / oversize)
nvkvm: DENY ctrl cmd 0xa06f0111 (not in allowlist / oversize)
nvkvm: DENY ctrl cmd 0xa06f0111 (not in allowlist / oversize)
nvkvm: DENY ctrl cmd 0xa06f0111 (not in allowlist / oversize)
nvkvm: DENY ctrl cmd 0xa06f0111 (not in allowlist / oversize)
nvkvm: DENY ctrl cmd 0xa06f0111 (not in allowlist / oversize)
nvkvm: DENY ctrl cmd 0xa06f0111 (not in allowlist / oversize)
nvkvm: DENY ctrl cmd 0xa06f0111 (not in allowlist / oversize)
nvkvm: DENY ctrl cmd 0xa06f0111 (not in allowlist / oversize)
nvkvm: DENY ctrl cmd 0xa06f0111 (not in allowlist / oversize)
nvkvm: DENY ctrl cmd 0xa06f0111 (not in allowlist / oversize)
nvkvm: DENY ctrl cmd 0xa06f0111 (not in allowlist / oversize)
nvkvm: DENY ctrl cmd 0xa06f0111 (not in allowlist / oversize)
nvkvm: DENY ctrl cmd 0xa06f0111 (not in allowlist / oversize)
nvkvm: DENY ctrl cmd 0xa06f0111 (not in allowlist / oversize)
nvkvm: DENY ctrl cmd 0xa06f0111 (not in allowlist / oversize)
nvkvm: DENY ctrl cmd 0xa06f0111 (not in allowlist / oversize)
nvkvm: DENY ctrl cmd 0xa06f0111 (not in allowlist / oversize)
nvkvm: DENY ctrl cmd 0xa06f0111 (not in allowlist / oversize)
nvkvm: DENY ctrl cmd 0xa06f0111 (not in allowlist / oversize)
nvkvm: DENY ctrl cmd 0xa06f0111 (not in allowlist / oversize)
nvkvm: DENY ctrl cmd 0xa06f0111 (not in allowlist / oversize)
nvkvm: DENY ctrl cmd 0xa06f0111 (not in allowlist / oversize)
nvkvm: DENY ctrl cmd 0xa06f0111 (not in allowlist / oversize)
nvkvm: DENY ctrl cmd 0xa06f0111 (not in allowlist / oversize)
nvkvm: DENY ctrl cmd 0xa06f0111 (not in allowlist / oversize)
nvkvm: DENY ctrl cmd 0xa06f0111 (not in allowlist / oversize)
nvkvm: DENY ctrl cmd 0xa06f0111 (not in allowlist / oversize)
nvkvm: DENY ctrl cmd 0xa06f0111 (not in allowlist / oversize)
nvkvm: DENY ctrl cmd 0xa06f0111 (not in allowlist / oversize)
nvkvm: DENY ctrl cmd 0xa06f0111 (not in allowlist / oversize)
nvkvm: DENY ctrl cmd 0xa06f0111 (not in allowlist / oversize)
nvkvm: DENY ctrl cmd 0xa06f0111 (not in allowlist / oversize)
nvkvm: DENY ctrl cmd 0xa06f0111 (not in allowlist / oversize)
nvkvm: DENY ctrl cmd 0xa06f0111 (not in allowlist / oversize)
nvkvm: DENY ctrl cmd 0xa06f0111 (not in allowlist / oversize)
nvkvm: DENY ctrl cmd 0xa06f0111 (not in allowlist / oversize)
nvkvm: DENY ctrl cmd 0xa06f0111 (not in allowlist / oversize)
nvkvm: DENY ctrl cmd 0xa06f0111 (not in allowlist / oversize)
nvkvm: DENY ctrl cmd 0xa06f0111 (not in allowlist / oversize)
nvkvm: DENY ctrl cmd 0xa06f0111 (not in allowlist / oversize)
nvkvm: DENY ctrl cmd 0xa06f0111 (not in allowlist / oversize)
nvkvm: DENY ctrl cmd 0xa06f0111 (not in allowlist / oversize)
nvkvm: DENY ctrl cmd 0xa06f0111 (not in allowlist / oversize)
nvkvm: DENY ctrl cmd 0xa06f0111 (not in allowlist / oversize)
nvkvm: DENY ctrl cmd 0xa06f0111 (not in allowlist / oversize)
nvkvm: DENY ctrl cmd 0xa06f0111 (not in allowlist / oversize)
nvkvm: DENY ctrl cmd 0xa06f0111 (not in allowlist / oversize)
nvkvm: DENY ctrl cmd 0xa06f0111 (not in allowlist / oversize)
nvkvm disp stats: 59.2 frames/s dropped=0 failed=0 present_mean=0.59ms (total consumed=7612 dropped=0 failed=1)
nvkvm: DENY ctrl cmd 0xa06f0111 (not in allowlist / oversize)
nvkvm: DENY ctrl cmd 0xa06f0111 (not in allowlist / oversize)
nvkvm: DENY ctrl cmd 0xa06f0111 (not in allowlist / oversize)
nvkvm: DENY ctrl cmd 0xa06f0111 (not in allowlist / oversize)
nvkvm: DENY ctrl cmd 0xa06f0111 (not in allowlist / oversize)
nvkvm: DENY ctrl cmd 0xa06f0111 (not in allowlist / oversize)
nvkvm: DENY ctrl cmd 0xa06f0111 (not in allowlist / oversize)
nvkvm: DENY ctrl cmd 0xa06f0111 (not in allowlist / oversize)
nvkvm: DENY ctrl cmd 0xa06f0111 (not in allowlist / oversize)
nvkvm: DENY ctrl cmd 0xa06f0111 (not in allowlist / oversize)
nvkvm: DENY ctrl cmd 0xa06f0111 (not in allowlist / oversize)
nvkvm: DENY ctrl cmd 0xa06f0111 (not in allowlist / oversize)
nvkvm: DENY ctrl cmd 0xa06f0111 (not in allowlist / oversize)
nvkvm: DENY ctrl cmd 0xa06f0111 (not in allowlist / oversize)
nvkvm: DENY ctrl cmd 0xa06f0111 (not in allowlist / oversize)
nvkvm: DENY ctrl cmd 0xa06f0111 (not in allowlist / oversize)
nvkvm: DENY ctrl cmd 0xa06f0111 (not in allowlist / oversize)
nvkvm: DENY ctrl cmd 0xa06f0111 (not in allowlist / oversize)
nvkvm: DENY ctrl cmd 0xa06f0111 (not in allowlist / oversize)
nvkvm: DENY ctrl cmd 0xa06f0111 (not in allowlist / oversize)
nvkvm: DENY ctrl cmd 0xa06f0111 (not in allowlist / oversize)
nvkvm: DENY ctrl cmd 0xa06f0111 (not in allowlist / oversize)
nvkvm: DENY ctrl cmd 0xa06f0111 (not in allowlist / oversize)
nvkvm: DENY ctrl cmd 0xa06f0111 (not in allowlist / oversize)
nvkvm: DENY ctrl cmd 0xa06f0111 (not in allowlist / oversize)
nvkvm: DENY ctrl cmd 0xa06f0111 (not in allowlist / oversize)
nvkvm: DENY ctrl cmd 0xa06f0111 (not in allowlist / oversize)
nvkvm: DENY ctrl cmd 0xa06f0111 (not in allowlist / oversize)
nvkvm: DENY ctrl cmd 0xa06f0111 (not in allowlist / oversize)
nvkvm: DENY ctrl cmd 0xa06f0111 (not in allowlist / oversize)
nvkvm: DENY ctrl cmd 0xa06f0111 (not in allowlist / oversize)
nvkvm: DENY ctrl cmd 0xa06f0111 (not in allowlist / oversize)
nvkvm: DENY ctrl cmd 0xa06f0111 (not in allowlist / oversize)
nvkvm: DENY ctrl cmd 0xa06f0111 (not in allowlist / oversize)
nvkvm: DENY ctrl cmd 0xa06f0111 (not in allowlist / oversize)
nvkvm: DENY ctrl cmd 0xa06f0111 (not in allowlist / oversize)
nvkvm: DENY ctrl cmd 0xa06f0111 (not in allowlist / oversize)
nvkvm: DENY ctrl cmd 0xa06f0111 (not in allowlist / oversize)
nvkvm: DENY ctrl cmd 0xa06f0111 (not in allowlist / oversize)
nvkvm: DENY ctrl cmd 0xa06f0111 (not in allowlist / oversize)
nvkvm: DENY ctrl cmd 0xa06f0111 (not in allowlist / oversize)
nvkvm: DENY ctrl cmd 0xa06f0111 (not in allowlist / oversize)
nvkvm: DENY ctrl cmd 0xa06f0111 (not in allowlist / oversize)
nvkvm: DENY ctrl cmd 0xa06f0111 (not in allowlist / oversize)
nvkvm: DENY ctrl cmd 0xa06f0111 (not in allowlist / oversize)
nvkvm: DENY ctrl cmd 0xa06f0111 (not in allowlist / oversize)
nvkvm: DENY ctrl cmd 0xa06f0111 (not in allowlist / oversize)
nvkvm: DENY ctrl cmd 0xa06f0111 (not in allowlist / oversize)
nvkvm: DENY ctrl cmd 0xa06f0111 (not in allowlist / oversize)
nvkvm: DENY ctrl cmd 0xa06f0111 (not in allowlist / oversize)
nvkvm: DENY ctrl cmd 0xa06f0111 (not in allowlist / oversize)
nvkvm: DENY ctrl cmd 0xa06f0111 (not in allowlist / oversize)
nvkvm: DENY ctrl cmd 0xa06f0111 (not in allowlist / oversize)
nvkvm: DENY ctrl cmd 0xa06f0111 (not in allowlist / oversize)
nvkvm: DENY ctrl cmd 0xa06f0111 (not in allowlist / oversize)
nvkvm: DENY ctrl cmd 0xa06f0111 (not in allowlist / oversize)
nvkvm: DENY ctrl cmd 0xa06f0111 (not in allowlist / oversize)
nvkvm: DENY ctrl cmd 0xa06f0111 (not in allowlist / oversize)
nvkvm: DENY ctrl cmd 0xa06f0111 (not in allowlist / oversize)
nvkvm: DENY ctrl cmd 0xa06f0111 (not in allowlist / oversize)
nvkvm disp stats: 60.0 frames/s dropped=0 failed=0 present_mean=0.61ms (total consumed=7672 dropped=0 failed=1)
nvkvm: DENY ctrl cmd 0xa06f0111 (not in allowlist / oversize)
nvkvm: DENY ctrl cmd 0xa06f0111 (not in allowlist / oversize)
nvkvm: DENY ctrl cmd 0xa06f0111 (not in allowlist / oversize)
nvkvm: DENY ctrl cmd 0xa06f0111 (not in allowlist / oversize)
nvkvm: DENY ctrl cmd 0xa06f0111 (not in allowlist / oversize)
nvkvm: DENY ctrl cmd 0xa06f0111 (not in allowlist / oversize)
nvkvm: DENY ctrl cmd 0xa06f0111 (not in allowlist / oversize)
nvkvm: DENY ctrl cmd 0xa06f0111 (not in allowlist / oversize)
nvkvm: DENY ctrl cmd 0xa06f0111 (not in allowlist / oversize)
nvkvm: DENY ctrl cmd 0xa06f0111 (not in allowlist / oversize)
nvkvm: DENY ctrl cmd 0xa06f0111 (not in allowlist / oversize)
nvkvm: DENY ctrl cmd 0xa06f0111 (not in allowlist / oversize)
nvkvm: DENY ctrl cmd 0xa06f0111 (not in allowlist / oversize)
nvkvm: DENY ctrl cmd 0xa06f0111 (not in allowlist / oversize)
nvkvm: DENY ctrl cmd 0xa06f0111 (not in allowlist / oversize)
nvkvm: DENY ctrl cmd 0xa06f0111 (not in allowlist / oversize)
nvkvm: DENY ctrl cmd 0xa06f0111 (not in allowlist / oversize)
nvkvm: DENY ctrl cmd 0xa06f0111 (not in allowlist / oversize)
nvkvm: DENY ctrl cmd 0xa06f0111 (not in allowlist / oversize)
nvkvm: DENY ctrl cmd 0xa06f0111 (not in allowlist / oversize)
nvkvm: DENY ctrl cmd 0xa06f0111 (not in allowlist / oversize)
nvkvm: DENY ctrl cmd 0xa06f0111 (not in allowlist / oversize)
nvkvm: DENY ctrl cmd 0xa06f0111 (not in allowlist / oversize)
nvkvm: DENY ctrl cmd 0xa06f0111 (not in allowlist / oversize)
nvkvm: DENY ctrl cmd 0xa06f0111 (not in allowlist / oversize)
nvkvm: DENY ctrl cmd 0xa06f0111 (not in allowlist / oversize)
nvkvm: DENY ctrl cmd 0xa06f0111 (not in allowlist / oversize)
nvkvm: DENY ctrl cmd 0xa06f0111 (not in allowlist / oversize)
nvkvm: DENY ctrl cmd 0xa06f0111 (not in allowlist / oversize)
nvkvm: DENY ctrl cmd 0xa06f0111 (not in allowlist / oversize)
nvkvm: DENY ctrl cmd 0xa06f0111 (not in allowlist / oversize)
nvkvm: DENY ctrl cmd 0xa06f0111 (not in allowlist / oversize)
nvkvm: DENY ctrl cmd 0xa06f0111 (not in allowlist / oversize)
nvkvm: DENY ctrl cmd 0xa06f0111 (not in allowlist / oversize)
nvkvm: DENY ctrl cmd 0xa06f0111 (not in allowlist / oversize)
nvkvm: DENY ctrl cmd 0xa06f0111 (not in allowlist / oversize)
nvkvm: DENY ctrl cmd 0xa06f0111 (not in allowlist / oversize)
nvkvm: DENY ctrl cmd 0xa06f0111 (not in allowlist / oversize)
nvkvm: DENY ctrl cmd 0xa06f0111 (not in allowlist / oversize)
nvkvm: DENY ctrl cmd 0xa06f0111 (not in allowlist / oversize)
nvkvm: DENY ctrl cmd 0xa06f0111 (not in allowlist / oversize)
nvkvm: DENY ctrl cmd 0xa06f0111 (not in allowlist / oversize)
nvkvm: DENY ctrl cmd 0xa06f0111 (not in allowlist / oversize)
nvkvm: DENY ctrl cmd 0xa06f0111 (not in allowlist / oversize)
nvkvm: DENY ctrl cmd 0xa06f0111 (not in allowlist / oversize)
nvkvm: DENY ctrl cmd 0xa06f0111 (not in allowlist / oversize)
nvkvm: DENY ctrl cmd 0xa06f0111 (not in allowlist / oversize)
nvkvm: DENY ctrl cmd 0xa06f0111 (not in allowlist / oversize)
nvkvm: DENY ctrl cmd 0xa06f0111 (not in allowlist / oversize)
nvkvm: DENY ctrl cmd 0xa06f0111 (not in allowlist / oversize)
nvkvm: DENY ctrl cmd 0xa06f0111 (not in allowlist / oversize)
nvkvm: DENY ctrl cmd 0xa06f0111 (not in allowlist / oversize)
nvkvm: DENY ctrl cmd 0xa06f0111 (not in allowlist / oversize)
nvkvm: DENY ctrl cmd 0xa06f0111 (not in allowlist / oversize)
nvkvm: DENY ctrl cmd 0xa06f0111 (not in allowlist / oversize)
nvkvm: DENY ctrl cmd 0xa06f0111 (not in allowlist / oversize)
nvkvm: DENY ctrl cmd 0xa06f0111 (not in allowlist / oversize)
nvkvm: DENY ctrl cmd 0xa06f0111 (not in allowlist / oversize)
nvkvm: DENY ctrl cmd 0xa06f0111 (not in allowlist / oversize)
nvkvm: DENY ctrl cmd 0xa06f0111 (not in allowlist / oversize)
nvkvm disp stats: 59.1 frames/s dropped=0 failed=0 present_mean=0.51ms (total consumed=7732 dropped=0 failed=1)
nvkvm: DENY ctrl cmd 0xa06f0111 (not in allowlist / oversize)
nvkvm: DENY ctrl cmd 0xa06f0111 (not in allowlist / oversize)
nvkvm: DENY ctrl cmd 0xa06f0111 (not in allowlist / oversize)
nvkvm: DENY ctrl cmd 0xa06f0111 (not in allowlist / oversize)
nvkvm: DENY ctrl cmd 0xa06f0111 (not in allowlist / oversize)
nvkvm: DENY ctrl cmd 0xa06f0111 (not in allowlist / oversize)
nvkvm: DENY ctrl cmd 0xa06f0111 (not in allowlist / oversize)
nvkvm: DENY ctrl cmd 0xa06f0111 (not in allowlist / oversize)
nvkvm: DENY ctrl cmd 0xa06f0111 (not in allowlist / oversize)
nvkvm: DENY ctrl cmd 0xa06f0111 (not in allowlist / oversize)
nvkvm: DENY ctrl cmd 0xa06f0111 (not in allowlist / oversize)
nvkvm: DENY ctrl cmd 0xa06f0111 (not in allowlist / oversize)
nvkvm: DENY ctrl cmd 0xa06f0111 (not in allowlist / oversize)
nvkvm: DENY ctrl cmd 0xa06f0111 (not in allowlist / oversize)
nvkvm: DENY ctrl cmd 0xa06f0111 (not in allowlist / oversize)
nvkvm: DENY ctrl cmd 0xa06f0111 (not in allowlist / oversize)
nvkvm: DENY ctrl cmd 0xa06f0111 (not in allowlist / oversize)
nvkvm: DENY ctrl cmd 0xa06f0111 (not in allowlist / oversize)
nvkvm: DENY ctrl cmd 0xa06f0111 (not in allowlist / oversize)
nvkvm: DENY ctrl cmd 0xa06f0111 (not in allowlist / oversize)
nvkvm: DENY ctrl cmd 0xa06f0111 (not in allowlist / oversize)
nvkvm: DENY ctrl cmd 0xa06f0111 (not in allowlist / oversize)
nvkvm: DENY ctrl cmd 0xa06f0111 (not in allowlist / oversize)
nvkvm: DENY ctrl cmd 0xa06f0111 (not in allowlist / oversize)
nvkvm: DENY ctrl cmd 0xa06f0111 (not in allowlist / oversize)
nvkvm: DENY ctrl cmd 0xa06f0111 (not in allowlist / oversize)
nvkvm: DENY ctrl cmd 0xa06f0111 (not in allowlist / oversize)
nvkvm: DENY ctrl cmd 0xa06f0111 (not in allowlist / oversize)
nvkvm: DENY ctrl cmd 0xa06f0111 (not in allowlist / oversize)
nvkvm: DENY ctrl cmd 0xa06f0111 (not in allowlist / oversize)
nvkvm: DENY ctrl cmd 0xa06f0111 (not in allowlist / oversize)
nvkvm: DENY ctrl cmd 0xa06f0111 (not in allowlist / oversize)
nvkvm: DENY ctrl cmd 0xa06f0111 (not in allowlist / oversize)
nvkvm: DENY ctrl cmd 0xa06f0111 (not in allowlist / oversize)
nvkvm: DENY ctrl cmd 0xa06f0111 (not in allowlist / oversize)
nvkvm: DENY ctrl cmd 0xa06f0111 (not in allowlist / oversize)
nvkvm: DENY ctrl cmd 0xa06f0111 (not in allowlist / oversize)
nvkvm: DENY ctrl cmd 0xa06f0111 (not in allowlist / oversize)
nvkvm: DENY ctrl cmd 0xa06f0111 (not in allowlist / oversize)
nvkvm: DENY ctrl cmd 0xa06f0111 (not in allowlist / oversize)
nvkvm: DENY ctrl cmd 0xa06f0111 (not in allowlist / oversize)
nvkvm: DENY ctrl cmd 0xa06f0111 (not in allowlist / oversize)
nvkvm: DENY ctrl cmd 0xa06f0111 (not in allowlist / oversize)
nvkvm: DENY ctrl cmd 0xa06f0111 (not in allowlist / oversize)
nvkvm: DENY ctrl cmd 0xa06f0111 (not in allowlist / oversize)
nvkvm: DENY ctrl cmd 0xa06f0111 (not in allowlist / oversize)
nvkvm: DENY ctrl cmd 0xa06f0111 (not in allowlist / oversize)
nvkvm: DENY ctrl cmd 0xa06f0111 (not in allowlist / oversize)
nvkvm: DENY ctrl cmd 0xa06f0111 (not in allowlist / oversize)
nvkvm: DENY ctrl cmd 0xa06f0111 (not in allowlist / oversize)
nvkvm: DENY ctrl cmd 0xa06f0111 (not in allowlist / oversize)
nvkvm: DENY ctrl cmd 0xa06f0111 (not in allowlist / oversize)
nvkvm: DENY ctrl cmd 0xa06f0111 (not in allowlist / oversize)
nvkvm: DENY ctrl cmd 0xa06f0111 (not in allowlist / oversize)
nvkvm: DENY ctrl cmd 0xa06f0111 (not in allowlist / oversize)
nvkvm: DENY ctrl cmd 0xa06f0111 (not in allowlist / oversize)
nvkvm: DENY ctrl cmd 0xa06f0111 (not in allowlist / oversize)
nvkvm: DENY ctrl cmd 0xa06f0111 (not in allowlist / oversize)
nvkvm: DENY ctrl cmd 0xa06f0111 (not in allowlist / oversize)
nvkvm: DENY ctrl cmd 0xa06f0111 (not in allowlist / oversize)
nvkvm disp stats: 60.0 frames/s dropped=0 failed=0 present_mean=0.34ms (total consumed=7792 dropped=0 failed=1)
nvkvm: DENY ctrl cmd 0xa06f0111 (not in allowlist / oversize)
nvkvm: DENY ctrl cmd 0xa06f0111 (not in allowlist / oversize)
nvkvm: DENY ctrl cmd 0xa06f0111 (not in allowlist / oversize)
nvkvm: DENY ctrl cmd 0xa06f0111 (not in allowlist / oversize)
nvkvm: DENY ctrl cmd 0xa06f0111 (not in allowlist / oversize)
nvkvm: DENY ctrl cmd 0xa06f0111 (not in allowlist / oversize)
nvkvm: DENY ctrl cmd 0xa06f0111 (not in allowlist / oversize)
nvkvm: DENY ctrl cmd 0xa06f0111 (not in allowlist / oversize)
nvkvm: DENY ctrl cmd 0xa06f0111 (not in allowlist / oversize)
nvkvm: DENY ctrl cmd 0xa06f0111 (not in allowlist / oversize)
nvkvm: DENY ctrl cmd 0xa06f0111 (not in allowlist / oversize)
nvkvm: DENY ctrl cmd 0xa06f0111 (not in allowlist / oversize)
nvkvm: DENY ctrl cmd 0xa06f0111 (not in allowlist / oversize)
nvkvm: DENY ctrl cmd 0xa06f0111 (not in allowlist / oversize)
nvkvm: DENY ctrl cmd 0xa06f0111 (not in allowlist / oversize)
nvkvm: DENY ctrl cmd 0xa06f0111 (not in allowlist / oversize)
nvkvm: DENY ctrl cmd 0xa06f0111 (not in allowlist / oversize)
nvkvm: DENY ctrl cmd 0xa06f0111 (not in allowlist / oversize)
nvkvm: DENY ctrl cmd 0xa06f0111 (not in allowlist / oversize)
nvkvm: DENY ctrl cmd 0xa06f0111 (not in allowlist / oversize)
nvkvm: DENY ctrl cmd 0xa06f0111 (not in allowlist / oversize)
nvkvm: DENY ctrl cmd 0xa06f0111 (not in allowlist / oversize)
nvkvm: DENY ctrl cmd 0xa06f0111 (not in allowlist / oversize)
nvkvm: DENY ctrl cmd 0xa06f0111 (not in allowlist / oversize)
nvkvm: DENY ctrl cmd 0xa06f0111 (not in allowlist / oversize)
nvkvm: DENY ctrl cmd 0xa06f0111 (not in allowlist / oversize)
nvkvm: DENY ctrl cmd 0xa06f0111 (not in allowlist / oversize)
nvkvm: DENY ctrl cmd 0xa06f0111 (not in allowlist / oversize)
nvkvm: DENY ctrl cmd 0xa06f0111 (not in allowlist / oversize)
nvkvm: DENY ctrl cmd 0xa06f0111 (not in allowlist / oversize)
nvkvm: DENY ctrl cmd 0xa06f0111 (not in allowlist / oversize)
nvkvm: DENY ctrl cmd 0xa06f0111 (not in allowlist / oversize)
nvkvm: DENY ctrl cmd 0xa06f0111 (not in allowlist / oversize)
nvkvm: DENY ctrl cmd 0xa06f0111 (not in allowlist / oversize)
nvkvm: DENY ctrl cmd 0xa06f0111 (not in allowlist / oversize)
nvkvm: DENY ctrl cmd 0xa06f0111 (not in allowlist / oversize)
nvkvm: DENY ctrl cmd 0xa06f0111 (not in allowlist / oversize)
nvkvm: DENY ctrl cmd 0xa06f0111 (not in allowlist / oversize)
nvkvm: DENY ctrl cmd 0xa06f0111 (not in allowlist / oversize)
nvkvm: DENY ctrl cmd 0xa06f0111 (not in allowlist / oversize)
nvkvm: DENY ctrl cmd 0xa06f0111 (not in allowlist / oversize)
nvkvm: DENY ctrl cmd 0xa06f0111 (not in allowlist / oversize)
nvkvm: DENY ctrl cmd 0xa06f0111 (not in allowlist / oversize)
nvkvm: DENY ctrl cmd 0xa06f0111 (not in allowlist / oversize)
nvkvm: DENY ctrl cmd 0xa06f0111 (not in allowlist / oversize)
nvkvm: DENY ctrl cmd 0xa06f0111 (not in allowlist / oversize)
nvkvm: DENY ctrl cmd 0xa06f0111 (not in allowlist / oversize)
nvkvm: DENY ctrl cmd 0xa06f0111 (not in allowlist / oversize)
nvkvm: DENY ctrl cmd 0xa06f0111 (not in allowlist / oversize)
nvkvm: DENY ctrl cmd 0xa06f0111 (not in allowlist / oversize)
nvkvm: DENY ctrl cmd 0xa06f0111 (not in allowlist / oversize)
nvkvm: DENY ctrl cmd 0xa06f0111 (not in allowlist / oversize)
nvkvm: DENY ctrl cmd 0xa06f0111 (not in allowlist / oversize)
nvkvm: DENY ctrl cmd 0xa06f0111 (not in allowlist / oversize)
nvkvm: DENY ctrl cmd 0xa06f0111 (not in allowlist / oversize)
nvkvm: DENY ctrl cmd 0xa06f0111 (not in allowlist / oversize)
nvkvm: DENY ctrl cmd 0xa06f0111 (not in allowlist / oversize)
nvkvm: DENY ctrl cmd 0xa06f0111 (not in allowlist / oversize)
nvkvm: DENY ctrl cmd 0xa06f0111 (not in allowlist / oversize)
nvkvm: DENY ctrl cmd 0xa06f0111 (not in allowlist / oversize)
nvkvm disp stats: 59.0 frames/s dropped=0 failed=0 present_mean=0.64ms (total consumed=7852 dropped=0 failed=1)
nvkvm: DENY ctrl cmd 0xa06f0111 (not in allowlist / oversize)
nvkvm: DENY ctrl cmd 0xa06f0111 (not in allowlist / oversize)
nvkvm: DENY ctrl cmd 0xa06f0111 (not in allowlist / oversize)
nvkvm: DENY ctrl cmd 0xa06f0111 (not in allowlist / oversize)
nvkvm: DENY ctrl cmd 0xa06f0111 (not in allowlist / oversize)
nvkvm: DENY ctrl cmd 0xa06f0111 (not in allowlist / oversize)
nvkvm: DENY ctrl cmd 0xa06f0111 (not in allowlist / oversize)
nvkvm: DENY ctrl cmd 0xa06f0111 (not in allowlist / oversize)
nvkvm: DENY ctrl cmd 0xa06f0111 (not in allowlist / oversize)
nvkvm: DENY ctrl cmd 0xa06f0111 (not in allowlist / oversize)
nvkvm: DENY ctrl cmd 0xa06f0111 (not in allowlist / oversize)
nvkvm: DENY ctrl cmd 0xa06f0111 (not in allowlist / oversize)
nvkvm: DENY ctrl cmd 0xa06f0111 (not in allowlist / oversize)
nvkvm: DENY ctrl cmd 0xa06f0111 (not in allowlist / oversize)
nvkvm: DENY ctrl cmd 0xa06f0111 (not in allowlist / oversize)
nvkvm: DENY ctrl cmd 0xa06f0111 (not in allowlist / oversize)
nvkvm: DENY ctrl cmd 0xa06f0111 (not in allowlist / oversize)
nvkvm: DENY ctrl cmd 0xa06f0111 (not in allowlist / oversize)
nvkvm: DENY ctrl cmd 0xa06f0111 (not in allowlist / oversize)
nvkvm: DENY ctrl cmd 0xa06f0111 (not in allowlist / oversize)
nvkvm: DENY ctrl cmd 0xa06f0111 (not in allowlist / oversize)
nvkvm: DENY ctrl cmd 0xa06f0111 (not in allowlist / oversize)
nvkvm: DENY ctrl cmd 0xa06f0111 (not in allowlist / oversize)
nvkvm: DENY ctrl cmd 0xa06f0111 (not in allowlist / oversize)
nvkvm: DENY ctrl cmd 0xa06f0111 (not in allowlist / oversize)
nvkvm: DENY ctrl cmd 0xa06f0111 (not in allowlist / oversize)
nvkvm: DENY ctrl cmd 0xa06f0111 (not in allowlist / oversize)
nvkvm: DENY ctrl cmd 0xa06f0111 (not in allowlist / oversize)
nvkvm: DENY ctrl cmd 0xa06f0111 (not in allowlist / oversize)
nvkvm: DENY ctrl cmd 0xa06f0111 (not in allowlist / oversize)
nvkvm: DENY ctrl cmd 0xa06f0111 (not in allowlist / oversize)
nvkvm: DENY ctrl cmd 0xa06f0111 (not in allowlist / oversize)
nvkvm: DENY ctrl cmd 0xa06f0111 (not in allowlist / oversize)
nvkvm: DENY ctrl cmd 0xa06f0111 (not in allowlist / oversize)
nvkvm: DENY ctrl cmd 0xa06f0111 (not in allowlist / oversize)
nvkvm: DENY ctrl cmd 0xa06f0111 (not in allowlist / oversize)
nvkvm: DENY ctrl cmd 0xa06f0111 (not in allowlist / oversize)
nvkvm: DENY ctrl cmd 0xa06f0111 (not in allowlist / oversize)
nvkvm: DENY ctrl cmd 0xa06f0111 (not in allowlist / oversize)
nvkvm: DENY ctrl cmd 0xa06f0111 (not in allowlist / oversize)
nvkvm: DENY ctrl cmd 0xa06f0111 (not in allowlist / oversize)
nvkvm: DENY ctrl cmd 0xa06f0111 (not in allowlist / oversize)
nvkvm: DENY ctrl cmd 0xa06f0111 (not in allowlist / oversize)
nvkvm: DENY ctrl cmd 0xa06f0111 (not in allowlist / oversize)
nvkvm: DENY ctrl cmd 0xa06f0111 (not in allowlist / oversize)
nvkvm: DENY ctrl cmd 0xa06f0111 (not in allowlist / oversize)
nvkvm: DENY ctrl cmd 0xa06f0111 (not in allowlist / oversize)
nvkvm: DENY ctrl cmd 0xa06f0111 (not in allowlist / oversize)
nvkvm: DENY ctrl cmd 0xa06f0111 (not in allowlist / oversize)
nvkvm: DENY ctrl cmd 0xa06f0111 (not in allowlist / oversize)
nvkvm: DENY ctrl cmd 0xa06f0111 (not in allowlist / oversize)
nvkvm: DENY ctrl cmd 0xa06f0111 (not in allowlist / oversize)
nvkvm: DENY ctrl cmd 0xa06f0111 (not in allowlist / oversize)
nvkvm: DENY ctrl cmd 0xa06f0111 (not in allowlist / oversize)
nvkvm: DENY ctrl cmd 0xa06f0111 (not in allowlist / oversize)
nvkvm: DENY ctrl cmd 0xa06f0111 (not in allowlist / oversize)
nvkvm: DENY ctrl cmd 0xa06f0111 (not in allowlist / oversize)
nvkvm: DENY ctrl cmd 0xa06f0111 (not in allowlist / oversize)
nvkvm: DENY ctrl cmd 0xa06f0111 (not in allowlist / oversize)
nvkvm disp stats: 59.0 frames/s dropped=0 failed=0 present_mean=0.44ms (total consumed=7911 dropped=0 failed=1)
nvkvm: DENY ctrl cmd 0xa06f0111 (not in allowlist / oversize)
nvkvm: DENY ctrl cmd 0xa06f0111 (not in allowlist / oversize)
nvkvm: DENY ctrl cmd 0xa06f0111 (not in allowlist / oversize)
nvkvm: DENY ctrl cmd 0xa06f0111 (not in allowlist / oversize)
nvkvm: DENY ctrl cmd 0xa06f0111 (not in allowlist / oversize)
nvkvm: DENY ctrl cmd 0xa06f0111 (not in allowlist / oversize)
nvkvm: DENY ctrl cmd 0xa06f0111 (not in allowlist / oversize)
nvkvm: DENY ctrl cmd 0xa06f0111 (not in allowlist / oversize)
nvkvm: DENY ctrl cmd 0xa06f0111 (not in allowlist / oversize)
nvkvm: DENY ctrl cmd 0xa06f0111 (not in allowlist / oversize)
nvkvm: DENY ctrl cmd 0xa06f0111 (not in allowlist / oversize)
nvkvm: DENY ctrl cmd 0xa06f0111 (not in allowlist / oversize)
nvkvm: DENY ctrl cmd 0xa06f0111 (not in allowlist / oversize)
nvkvm: DENY ctrl cmd 0xa06f0111 (not in allowlist / oversize)
nvkvm: DENY ctrl cmd 0xa06f0111 (not in allowlist / oversize)
nvkvm: DENY ctrl cmd 0xa06f0111 (not in allowlist / oversize)
nvkvm: DENY ctrl cmd 0xa06f0111 (not in allowlist / oversize)
nvkvm: DENY ctrl cmd 0xa06f0111 (not in allowlist / oversize)
nvkvm: DENY ctrl cmd 0xa06f0111 (not in allowlist / oversize)
nvkvm: DENY ctrl cmd 0xa06f0111 (not in allowlist / oversize)
nvkvm: DENY ctrl cmd 0xa06f0111 (not in allowlist / oversize)
nvkvm: DENY ctrl cmd 0xa06f0111 (not in allowlist / oversize)
nvkvm: DENY ctrl cmd 0xa06f0111 (not in allowlist / oversize)
nvkvm: DENY ctrl cmd 0xa06f0111 (not in allowlist / oversize)
nvkvm: DENY ctrl cmd 0xa06f0111 (not in allowlist / oversize)
nvkvm: DENY ctrl cmd 0xa06f0111 (not in allowlist / oversize)
nvkvm: DENY ctrl cmd 0xa06f0111 (not in allowlist / oversize)
nvkvm: DENY ctrl cmd 0xa06f0111 (not in allowlist / oversize)
nvkvm: DENY ctrl cmd 0xa06f0111 (not in allowlist / oversize)
nvkvm: DENY ctrl cmd 0xa06f0111 (not in allowlist / oversize)
nvkvm: DENY ctrl cmd 0xa06f0111 (not in allowlist / oversize)
nvkvm: DENY ctrl cmd 0xa06f0111 (not in allowlist / oversize)
nvkvm: DENY ctrl cmd 0xa06f0111 (not in allowlist / oversize)
nvkvm: DENY ctrl cmd 0xa06f0111 (not in allowlist / oversize)
nvkvm: DENY ctrl cmd 0xa06f0111 (not in allowlist / oversize)
nvkvm: DENY ctrl cmd 0xa06f0111 (not in allowlist / oversize)
nvkvm: DENY ctrl cmd 0xa06f0111 (not in allowlist / oversize)
nvkvm: DENY ctrl cmd 0xa06f0111 (not in allowlist / oversize)
nvkvm: DENY ctrl cmd 0xa06f0111 (not in allowlist / oversize)
nvkvm: DENY ctrl cmd 0xa06f0111 (not in allowlist / oversize)
nvkvm: DENY ctrl cmd 0xa06f0111 (not in allowlist / oversize)
nvkvm: DENY ctrl cmd 0xa06f0111 (not in allowlist / oversize)
nvkvm: DENY ctrl cmd 0xa06f0111 (not in allowlist / oversize)
nvkvm: DENY ctrl cmd 0xa06f0111 (not in allowlist / oversize)
nvkvm: DENY ctrl cmd 0xa06f0111 (not in allowlist / oversize)
nvkvm: DENY ctrl cmd 0xa06f0111 (not in allowlist / oversize)
nvkvm: DENY ctrl cmd 0xa06f0111 (not in allowlist / oversize)
nvkvm: DENY ctrl cmd 0xa06f0111 (not in allowlist / oversize)
nvkvm: DENY ctrl cmd 0xa06f0111 (not in allowlist / oversize)
nvkvm: DENY ctrl cmd 0xa06f0111 (not in allowlist / oversize)
nvkvm: DENY ctrl cmd 0xa06f0111 (not in allowlist / oversize)
nvkvm: DENY ctrl cmd 0xa06f0111 (not in allowlist / oversize)
nvkvm: DENY ctrl cmd 0xa06f0111 (not in allowlist / oversize)
nvkvm: DENY ctrl cmd 0xa06f0111 (not in allowlist / oversize)
nvkvm: DENY ctrl cmd 0xa06f0111 (not in allowlist / oversize)
nvkvm: DENY ctrl cmd 0xa06f0111 (not in allowlist / oversize)
nvkvm: DENY ctrl cmd 0xa06f0111 (not in allowlist / oversize)
nvkvm: DENY ctrl cmd 0xa06f0111 (not in allowlist / oversize)
nvkvm: DENY ctrl cmd 0xa06f0111 (not in allowlist / oversize)
nvkvm: DENY ctrl cmd 0xa06f0111 (not in allowlist / oversize)
nvkvm disp stats: 59.9 frames/s dropped=0 failed=0 present_mean=0.57ms (total consumed=7971 dropped=0 failed=1)
nvkvm: DENY ctrl cmd 0xa06f0111 (not in allowlist / oversize)
nvkvm: DENY ctrl cmd 0xa06f0111 (not in allowlist / oversize)
nvkvm: DENY ctrl cmd 0xa06f0111 (not in allowlist / oversize)
nvkvm: DENY ctrl cmd 0xa06f0111 (not in allowlist / oversize)
nvkvm: DENY ctrl cmd 0xa06f0111 (not in allowlist / oversize)
nvkvm: DENY ctrl cmd 0xa06f0111 (not in allowlist / oversize)
nvkvm: DENY ctrl cmd 0xa06f0111 (not in allowlist / oversize)
nvkvm: DENY ctrl cmd 0xa06f0111 (not in allowlist / oversize)
nvkvm: DENY ctrl cmd 0xa06f0111 (not in allowlist / oversize)
nvkvm: DENY ctrl cmd 0xa06f0111 (not in allowlist / oversize)
nvkvm: DENY ctrl cmd 0xa06f0111 (not in allowlist / oversize)
nvkvm: DENY ctrl cmd 0xa06f0111 (not in allowlist / oversize)
nvkvm: DENY ctrl cmd 0xa06f0111 (not in allowlist / oversize)
nvkvm: DENY ctrl cmd 0xa06f0111 (not in allowlist / oversize)
nvkvm: DENY ctrl cmd 0xa06f0111 (not in allowlist / oversize)
nvkvm: DENY ctrl cmd 0xa06f0111 (not in allowlist / oversize)
nvkvm: DENY ctrl cmd 0xa06f0111 (not in allowlist / oversize)
nvkvm: DENY ctrl cmd 0xa06f0111 (not in allowlist / oversize)
nvkvm: DENY ctrl cmd 0xa06f0111 (not in allowlist / oversize)
nvkvm: DENY ctrl cmd 0xa06f0111 (not in allowlist / oversize)
nvkvm: DENY ctrl cmd 0xa06f0111 (not in allowlist / oversize)
nvkvm: DENY ctrl cmd 0xa06f0111 (not in allowlist / oversize)
nvkvm: DENY ctrl cmd 0xa06f0111 (not in allowlist / oversize)
nvkvm: DENY ctrl cmd 0xa06f0111 (not in allowlist / oversize)
nvkvm: DENY ctrl cmd 0xa06f0111 (not in allowlist / oversize)
nvkvm: DENY ctrl cmd 0xa06f0111 (not in allowlist / oversize)
nvkvm: DENY ctrl cmd 0xa06f0111 (not in allowlist / oversize)
nvkvm: DENY ctrl cmd 0xa06f0111 (not in allowlist / oversize)
nvkvm: DENY ctrl cmd 0xa06f0111 (not in allowlist / oversize)
nvkvm: DENY ctrl cmd 0xa06f0111 (not in allowlist / oversize)
nvkvm: DENY ctrl cmd 0xa06f0111 (not in allowlist / oversize)
nvkvm: DENY ctrl cmd 0xa06f0111 (not in allowlist / oversize)
nvkvm: DENY ctrl cmd 0xa06f0111 (not in allowlist / oversize)
nvkvm: DENY ctrl cmd 0xa06f0111 (not in allowlist / oversize)
nvkvm: DENY ctrl cmd 0xa06f0111 (not in allowlist / oversize)
nvkvm: DENY ctrl cmd 0xa06f0111 (not in allowlist / oversize)
nvkvm: DENY ctrl cmd 0xa06f0111 (not in allowlist / oversize)
nvkvm: DENY ctrl cmd 0xa06f0111 (not in allowlist / oversize)
nvkvm: DENY ctrl cmd 0xa06f0111 (not in allowlist / oversize)
nvkvm: DENY ctrl cmd 0xa06f0111 (not in allowlist / oversize)
nvkvm: DENY ctrl cmd 0xa06f0111 (not in allowlist / oversize)
nvkvm: DENY ctrl cmd 0xa06f0111 (not in allowlist / oversize)
nvkvm: DENY ctrl cmd 0xa06f0111 (not in allowlist / oversize)
nvkvm: DENY ctrl cmd 0xa06f0111 (not in allowlist / oversize)
nvkvm: DENY ctrl cmd 0xa06f0111 (not in allowlist / oversize)
nvkvm: DENY ctrl cmd 0xa06f0111 (not in allowlist / oversize)
nvkvm: DENY ctrl cmd 0xa06f0111 (not in allowlist / oversize)
nvkvm: DENY ctrl cmd 0xa06f0111 (not in allowlist / oversize)
nvkvm: DENY ctrl cmd 0xa06f0111 (not in allowlist / oversize)
nvkvm: DENY ctrl cmd 0xa06f0111 (not in allowlist / oversize)
nvkvm: DENY ctrl cmd 0xa06f0111 (not in allowlist / oversize)
nvkvm: DENY ctrl cmd 0xa06f0111 (not in allowlist / oversize)
nvkvm: DENY ctrl cmd 0xa06f0111 (not in allowlist / oversize)
nvkvm: DENY ctrl cmd 0xa06f0111 (not in allowlist / oversize)
nvkvm: DENY ctrl cmd 0xa06f0111 (not in allowlist / oversize)
nvkvm: DENY ctrl cmd 0xa06f0111 (not in allowlist / oversize)
nvkvm: DENY ctrl cmd 0xa06f0111 (not in allowlist / oversize)
nvkvm: DENY ctrl cmd 0xa06f0111 (not in allowlist / oversize)
nvkvm: DENY ctrl cmd 0xa06f0111 (not in allowlist / oversize)
nvkvm: DENY ctrl cmd 0xa06f0111 (not in allowlist / oversize)
nvkvm disp stats: 59.1 frames/s dropped=0 failed=0 present_mean=0.67ms (total consumed=8031 dropped=0 failed=1)
nvkvm: DENY ctrl cmd 0xa06f0111 (not in allowlist / oversize)
nvkvm: DENY ctrl cmd 0xa06f0111 (not in allowlist / oversize)
nvkvm: DENY ctrl cmd 0xa06f0111 (not in allowlist / oversize)
nvkvm: DENY ctrl cmd 0xa06f0111 (not in allowlist / oversize)
nvkvm: DENY ctrl cmd 0xa06f0111 (not in allowlist / oversize)
nvkvm: DENY ctrl cmd 0xa06f0111 (not in allowlist / oversize)
nvkvm: DENY ctrl cmd 0xa06f0111 (not in allowlist / oversize)
nvkvm: DENY ctrl cmd 0xa06f0111 (not in allowlist / oversize)
nvkvm: DENY ctrl cmd 0xa06f0111 (not in allowlist / oversize)
nvkvm: DENY ctrl cmd 0xa06f0111 (not in allowlist / oversize)
nvkvm: DENY ctrl cmd 0xa06f0111 (not in allowlist / oversize)
nvkvm: DENY ctrl cmd 0xa06f0111 (not in allowlist / oversize)
nvkvm: DENY ctrl cmd 0xa06f0111 (not in allowlist / oversize)
nvkvm: DENY ctrl cmd 0xa06f0111 (not in allowlist / oversize)
nvkvm: DENY ctrl cmd 0xa06f0111 (not in allowlist / oversize)
nvkvm: DENY ctrl cmd 0xa06f0111 (not in allowlist / oversize)
nvkvm: DENY ctrl cmd 0xa06f0111 (not in allowlist / oversize)
nvkvm: DENY ctrl cmd 0xa06f0111 (not in allowlist / oversize)
nvkvm: DENY ctrl cmd 0xa06f0111 (not in allowlist / oversize)
nvkvm: DENY ctrl cmd 0xa06f0111 (not in allowlist / oversize)
nvkvm: DENY ctrl cmd 0xa06f0111 (not in allowlist / oversize)
nvkvm: DENY ctrl cmd 0xa06f0111 (not in allowlist / oversize)
nvkvm: DENY ctrl cmd 0xa06f0111 (not in allowlist / oversize)
nvkvm: DENY ctrl cmd 0xa06f0111 (not in allowlist / oversize)
nvkvm: DENY ctrl cmd 0xa06f0111 (not in allowlist / oversize)
nvkvm: DENY ctrl cmd 0xa06f0111 (not in allowlist / oversize)
nvkvm: DENY ctrl cmd 0xa06f0111 (not in allowlist / oversize)
nvkvm: DENY ctrl cmd 0xa06f0111 (not in allowlist / oversize)
nvkvm: DENY ctrl cmd 0xa06f0111 (not in allowlist / oversize)
nvkvm: DENY ctrl cmd 0xa06f0111 (not in allowlist / oversize)
nvkvm: DENY ctrl cmd 0xa06f0111 (not in allowlist / oversize)
nvkvm: DENY ctrl cmd 0xa06f0111 (not in allowlist / oversize)
nvkvm: DENY ctrl cmd 0xa06f0111 (not in allowlist / oversize)
nvkvm: DENY ctrl cmd 0xa06f0111 (not in allowlist / oversize)
nvkvm: DENY ctrl cmd 0xa06f0111 (not in allowlist / oversize)
nvkvm: DENY ctrl cmd 0xa06f0111 (not in allowlist / oversize)
nvkvm: DENY ctrl cmd 0xa06f0111 (not in allowlist / oversize)
nvkvm: DENY ctrl cmd 0xa06f0111 (not in allowlist / oversize)
nvkvm: DENY ctrl cmd 0xa06f0111 (not in allowlist / oversize)
nvkvm: DENY ctrl cmd 0xa06f0111 (not in allowlist / oversize)
nvkvm: DENY ctrl cmd 0xa06f0111 (not in allowlist / oversize)
nvkvm: DENY ctrl cmd 0xa06f0111 (not in allowlist / oversize)
nvkvm: DENY ctrl cmd 0xa06f0111 (not in allowlist / oversize)
nvkvm: DENY ctrl cmd 0xa06f0111 (not in allowlist / oversize)
nvkvm: DENY ctrl cmd 0xa06f0111 (not in allowlist / oversize)
nvkvm: DENY ctrl cmd 0xa06f0111 (not in allowlist / oversize)
nvkvm: DENY ctrl cmd 0xa06f0111 (not in allowlist / oversize)
nvkvm: DENY ctrl cmd 0xa06f0111 (not in allowlist / oversize)
nvkvm: DENY ctrl cmd 0xa06f0111 (not in allowlist / oversize)
nvkvm: DENY ctrl cmd 0xa06f0111 (not in allowlist / oversize)
nvkvm: DENY ctrl cmd 0xa06f0111 (not in allowlist / oversize)
nvkvm: DENY ctrl cmd 0xa06f0111 (not in allowlist / oversize)
nvkvm: DENY ctrl cmd 0xa06f0111 (not in allowlist / oversize)
nvkvm: DENY ctrl cmd 0xa06f0111 (not in allowlist / oversize)
nvkvm: DENY ctrl cmd 0xa06f0111 (not in allowlist / oversize)
nvkvm: DENY ctrl cmd 0xa06f0111 (not in allowlist / oversize)
nvkvm: DENY ctrl cmd 0xa06f0111 (not in allowlist / oversize)
nvkvm: DENY ctrl cmd 0xa06f0111 (not in allowlist / oversize)
nvkvm: DENY ctrl cmd 0xa06f0111 (not in allowlist / oversize)
nvkvm: DENY ctrl cmd 0xa06f0111 (not in allowlist / oversize)
nvkvm disp stats: 59.1 frames/s dropped=0 failed=0 present_mean=0.55ms (total consumed=8091 dropped=0 failed=1)
nvkvm: DENY ctrl cmd 0xa06f0111 (not in allowlist / oversize)
nvkvm: DENY ctrl cmd 0xa06f0111 (not in allowlist / oversize)
nvkvm: DENY ctrl cmd 0xa06f0111 (not in allowlist / oversize)
nvkvm: DENY ctrl cmd 0xa06f0111 (not in allowlist / oversize)
nvkvm: DENY ctrl cmd 0xa06f0111 (not in allowlist / oversize)
nvkvm: DENY ctrl cmd 0xa06f0111 (not in allowlist / oversize)
nvkvm: DENY ctrl cmd 0xa06f0111 (not in allowlist / oversize)
nvkvm: DENY ctrl cmd 0xa06f0111 (not in allowlist / oversize)
nvkvm: DENY ctrl cmd 0xa06f0111 (not in allowlist / oversize)
nvkvm: DENY ctrl cmd 0xa06f0111 (not in allowlist / oversize)
nvkvm: DENY ctrl cmd 0xa06f0111 (not in allowlist / oversize)
nvkvm: DENY ctrl cmd 0xa06f0111 (not in allowlist / oversize)
nvkvm: DENY ctrl cmd 0xa06f0111 (not in allowlist / oversize)
nvkvm: DENY ctrl cmd 0xa06f0111 (not in allowlist / oversize)
nvkvm: DENY ctrl cmd 0xa06f0111 (not in allowlist / oversize)
nvkvm: DENY ctrl cmd 0xa06f0111 (not in allowlist / oversize)
nvkvm: DENY ctrl cmd 0xa06f0111 (not in allowlist / oversize)
nvkvm: DENY ctrl cmd 0xa06f0111 (not in allowlist / oversize)
nvkvm: DENY ctrl cmd 0xa06f0111 (not in allowlist / oversize)
nvkvm: DENY ctrl cmd 0xa06f0111 (not in allowlist / oversize)
nvkvm: DENY ctrl cmd 0xa06f0111 (not in allowlist / oversize)
nvkvm: DENY ctrl cmd 0xa06f0111 (not in allowlist / oversize)
nvkvm: DENY ctrl cmd 0xa06f0111 (not in allowlist / oversize)
nvkvm: DENY ctrl cmd 0xa06f0111 (not in allowlist / oversize)
nvkvm: DENY ctrl cmd 0xa06f0111 (not in allowlist / oversize)
nvkvm: DENY ctrl cmd 0xa06f0111 (not in allowlist / oversize)
nvkvm: DENY ctrl cmd 0xa06f0111 (not in allowlist / oversize)
nvkvm: DENY ctrl cmd 0xa06f0111 (not in allowlist / oversize)
nvkvm: DENY ctrl cmd 0xa06f0111 (not in allowlist / oversize)
nvkvm: DENY ctrl cmd 0xa06f0111 (not in allowlist / oversize)
nvkvm: DENY ctrl cmd 0xa06f0111 (not in allowlist / oversize)
nvkvm: DENY ctrl cmd 0xa06f0111 (not in allowlist / oversize)
nvkvm: DENY ctrl cmd 0xa06f0111 (not in allowlist / oversize)
nvkvm: DENY ctrl cmd 0xa06f0111 (not in allowlist / oversize)
nvkvm: DENY ctrl cmd 0xa06f0111 (not in allowlist / oversize)
nvkvm: DENY ctrl cmd 0xa06f0111 (not in allowlist / oversize)
nvkvm: DENY ctrl cmd 0xa06f0111 (not in allowlist / oversize)
nvkvm: DENY ctrl cmd 0xa06f0111 (not in allowlist / oversize)
nvkvm: DENY ctrl cmd 0xa06f0111 (not in allowlist / oversize)
nvkvm: DENY ctrl cmd 0xa06f0111 (not in allowlist / oversize)
nvkvm: DENY ctrl cmd 0xa06f0111 (not in allowlist / oversize)
nvkvm: DENY ctrl cmd 0xa06f0111 (not in allowlist / oversize)
nvkvm: DENY ctrl cmd 0xa06f0111 (not in allowlist / oversize)
nvkvm: DENY ctrl cmd 0xa06f0111 (not in allowlist / oversize)
nvkvm: DENY ctrl cmd 0xa06f0111 (not in allowlist / oversize)
nvkvm: DENY ctrl cmd 0xa06f0111 (not in allowlist / oversize)
nvkvm: DENY ctrl cmd 0xa06f0111 (not in allowlist / oversize)
nvkvm: DENY ctrl cmd 0xa06f0111 (not in allowlist / oversize)
nvkvm: DENY ctrl cmd 0xa06f0111 (not in allowlist / oversize)
nvkvm: DENY ctrl cmd 0xa06f0111 (not in allowlist / oversize)
nvkvm: DENY ctrl cmd 0xa06f0111 (not in allowlist / oversize)
nvkvm: DENY ctrl cmd 0xa06f0111 (not in allowlist / oversize)
nvkvm: DENY ctrl cmd 0xa06f0111 (not in allowlist / oversize)
nvkvm: DENY ctrl cmd 0xa06f0111 (not in allowlist / oversize)
nvkvm: DENY ctrl cmd 0xa06f0111 (not in allowlist / oversize)
nvkvm: DENY ctrl cmd 0xa06f0111 (not in allowlist / oversize)
nvkvm: DENY ctrl cmd 0xa06f0111 (not in allowlist / oversize)
nvkvm: DENY ctrl cmd 0xa06f0111 (not in allowlist / oversize)
nvkvm: DENY ctrl cmd 0xa06f0111 (not in allowlist / oversize)
nvkvm disp stats: 58.8 frames/s dropped=0 failed=0 present_mean=0.59ms (total consumed=8150 dropped=0 failed=1)
nvkvm: DENY ctrl cmd 0xa06f0111 (not in allowlist / oversize)
nvkvm: DENY ctrl cmd 0xa06f0111 (not in allowlist / oversize)
nvkvm: DENY ctrl cmd 0xa06f0111 (not in allowlist / oversize)
nvkvm: DENY ctrl cmd 0xa06f0111 (not in allowlist / oversize)
nvkvm: DENY ctrl cmd 0xa06f0111 (not in allowlist / oversize)
nvkvm: DENY ctrl cmd 0xa06f0111 (not in allowlist / oversize)
nvkvm: DENY ctrl cmd 0xa06f0111 (not in allowlist / oversize)
nvkvm: DENY ctrl cmd 0xa06f0111 (not in allowlist / oversize)
nvkvm: DENY ctrl cmd 0xa06f0111 (not in allowlist / oversize)
nvkvm: DENY ctrl cmd 0xa06f0111 (not in allowlist / oversize)
nvkvm: DENY ctrl cmd 0xa06f0111 (not in allowlist / oversize)
nvkvm: DENY ctrl cmd 0xa06f0111 (not in allowlist / oversize)
nvkvm: DENY ctrl cmd 0xa06f0111 (not in allowlist / oversize)
nvkvm: DENY ctrl cmd 0xa06f0111 (not in allowlist / oversize)
nvkvm: DENY ctrl cmd 0xa06f0111 (not in allowlist / oversize)
nvkvm: DENY ctrl cmd 0xa06f0111 (not in allowlist / oversize)
nvkvm: DENY ctrl cmd 0xa06f0111 (not in allowlist / oversize)
nvkvm: DENY ctrl cmd 0xa06f0111 (not in allowlist / oversize)
nvkvm: DENY ctrl cmd 0xa06f0111 (not in allowlist / oversize)
nvkvm: DENY ctrl cmd 0xa06f0111 (not in allowlist / oversize)
nvkvm: DENY ctrl cmd 0xa06f0111 (not in allowlist / oversize)
nvkvm: DENY ctrl cmd 0xa06f0111 (not in allowlist / oversize)
nvkvm: DENY ctrl cmd 0xa06f0111 (not in allowlist / oversize)
nvkvm: DENY ctrl cmd 0xa06f0111 (not in allowlist / oversize)
nvkvm: DENY ctrl cmd 0xa06f0111 (not in allowlist / oversize)
nvkvm: DENY ctrl cmd 0xa06f0111 (not in allowlist / oversize)
nvkvm: DENY ctrl cmd 0xa06f0111 (not in allowlist / oversize)
nvkvm: DENY ctrl cmd 0xa06f0111 (not in allowlist / oversize)
nvkvm: DENY ctrl cmd 0xa06f0111 (not in allowlist / oversize)
nvkvm: DENY ctrl cmd 0xa06f0111 (not in allowlist / oversize)
nvkvm: DENY ctrl cmd 0xa06f0111 (not in allowlist / oversize)
nvkvm: DENY ctrl cmd 0xa06f0111 (not in allowlist / oversize)
nvkvm: DENY ctrl cmd 0xa06f0111 (not in allowlist / oversize)
nvkvm: DENY ctrl cmd 0xa06f0111 (not in allowlist / oversize)
nvkvm: DENY ctrl cmd 0xa06f0111 (not in allowlist / oversize)
nvkvm: DENY ctrl cmd 0xa06f0111 (not in allowlist / oversize)
nvkvm: DENY ctrl cmd 0xa06f0111 (not in allowlist / oversize)
nvkvm: DENY ctrl cmd 0xa06f0111 (not in allowlist / oversize)
nvkvm: DENY ctrl cmd 0xa06f0111 (not in allowlist / oversize)
nvkvm: DENY ctrl cmd 0xa06f0111 (not in allowlist / oversize)
nvkvm: DENY ctrl cmd 0xa06f0111 (not in allowlist / oversize)
nvkvm: DENY ctrl cmd 0xa06f0111 (not in allowlist / oversize)
nvkvm: DENY ctrl cmd 0xa06f0111 (not in allowlist / oversize)
nvkvm: DENY ctrl cmd 0xa06f0111 (not in allowlist / oversize)
nvkvm: DENY ctrl cmd 0xa06f0111 (not in allowlist / oversize)
nvkvm: DENY ctrl cmd 0xa06f0111 (not in allowlist / oversize)
nvkvm: DENY ctrl cmd 0xa06f0111 (not in allowlist / oversize)
nvkvm: DENY ctrl cmd 0xa06f0111 (not in allowlist / oversize)
nvkvm: DENY ctrl cmd 0xa06f0111 (not in allowlist / oversize)
nvkvm: DENY ctrl cmd 0xa06f0111 (not in allowlist / oversize)
nvkvm: DENY ctrl cmd 0xa06f0111 (not in allowlist / oversize)
nvkvm: DENY ctrl cmd 0xa06f0111 (not in allowlist / oversize)
nvkvm: DENY ctrl cmd 0xa06f0111 (not in allowlist / oversize)
nvkvm: DENY ctrl cmd 0xa06f0111 (not in allowlist / oversize)
nvkvm: DENY ctrl cmd 0xa06f0111 (not in allowlist / oversize)
nvkvm: DENY ctrl cmd 0xa06f0111 (not in allowlist / oversize)
nvkvm: DENY ctrl cmd 0xa06f0111 (not in allowlist / oversize)
nvkvm: DENY ctrl cmd 0xa06f0111 (not in allowlist / oversize)
nvkvm: DENY ctrl cmd 0xa06f0111 (not in allowlist / oversize)
nvkvm: DENY ctrl cmd 0xa06f0111 (not in allowlist / oversize)
nvkvm disp stats: 59.9 frames/s dropped=0 failed=0 present_mean=0.56ms (total consumed=8210 dropped=0 failed=1)
nvkvm: DENY ctrl cmd 0xa06f0111 (not in allowlist / oversize)
nvkvm: DENY ctrl cmd 0xa06f0111 (not in allowlist / oversize)
nvkvm: DENY ctrl cmd 0xa06f0111 (not in allowlist / oversize)
nvkvm: DENY ctrl cmd 0xa06f0111 (not in allowlist / oversize)
nvkvm: DENY ctrl cmd 0xa06f0111 (not in allowlist / oversize)
nvkvm: DENY ctrl cmd 0xa06f0111 (not in allowlist / oversize)
nvkvm: DENY ctrl cmd 0xa06f0111 (not in allowlist / oversize)
nvkvm: DENY ctrl cmd 0xa06f0111 (not in allowlist / oversize)
nvkvm: DENY ctrl cmd 0xa06f0111 (not in allowlist / oversize)
nvkvm: DENY ctrl cmd 0xa06f0111 (not in allowlist / oversize)
nvkvm: DENY ctrl cmd 0xa06f0111 (not in allowlist / oversize)
nvkvm: DENY ctrl cmd 0xa06f0111 (not in allowlist / oversize)
nvkvm: DENY ctrl cmd 0xa06f0111 (not in allowlist / oversize)
nvkvm: DENY ctrl cmd 0xa06f0111 (not in allowlist / oversize)
nvkvm: DENY ctrl cmd 0xa06f0111 (not in allowlist / oversize)
nvkvm: DENY ctrl cmd 0xa06f0111 (not in allowlist / oversize)
nvkvm: DENY ctrl cmd 0xa06f0111 (not in allowlist / oversize)
nvkvm: DENY ctrl cmd 0xa06f0111 (not in allowlist / oversize)
nvkvm: DENY ctrl cmd 0xa06f0111 (not in allowlist / oversize)
nvkvm: DENY ctrl cmd 0xa06f0111 (not in allowlist / oversize)
nvkvm: DENY ctrl cmd 0xa06f0111 (not in allowlist / oversize)
nvkvm: DENY ctrl cmd 0xa06f0111 (not in allowlist / oversize)
nvkvm: DENY ctrl cmd 0xa06f0111 (not in allowlist / oversize)
nvkvm: DENY ctrl cmd 0xa06f0111 (not in allowlist / oversize)
nvkvm: DENY ctrl cmd 0xa06f0111 (not in allowlist / oversize)
nvkvm: DENY ctrl cmd 0xa06f0111 (not in allowlist / oversize)
nvkvm: DENY ctrl cmd 0xa06f0111 (not in allowlist / oversize)
nvkvm: DENY ctrl cmd 0xa06f0111 (not in allowlist / oversize)
nvkvm: DENY ctrl cmd 0xa06f0111 (not in allowlist / oversize)
nvkvm: DENY ctrl cmd 0xa06f0111 (not in allowlist / oversize)
nvkvm: DENY ctrl cmd 0xa06f0111 (not in allowlist / oversize)
nvkvm: DENY ctrl cmd 0xa06f0111 (not in allowlist / oversize)
nvkvm: DENY ctrl cmd 0xa06f0111 (not in allowlist / oversize)
nvkvm: DENY ctrl cmd 0xa06f0111 (not in allowlist / oversize)
nvkvm: DENY ctrl cmd 0xa06f0111 (not in allowlist / oversize)
nvkvm: DENY ctrl cmd 0xa06f0111 (not in allowlist / oversize)
nvkvm: DENY ctrl cmd 0xa06f0111 (not in allowlist / oversize)
nvkvm: DENY ctrl cmd 0xa06f0111 (not in allowlist / oversize)
nvkvm: DENY ctrl cmd 0xa06f0111 (not in allowlist / oversize)
nvkvm: DENY ctrl cmd 0xa06f0111 (not in allowlist / oversize)
nvkvm: DENY ctrl cmd 0xa06f0111 (not in allowlist / oversize)
nvkvm: DENY ctrl cmd 0xa06f0111 (not in allowlist / oversize)
nvkvm: DENY ctrl cmd 0xa06f0111 (not in allowlist / oversize)
nvkvm: DENY ctrl cmd 0xa06f0111 (not in allowlist / oversize)
nvkvm: DENY ctrl cmd 0xa06f0111 (not in allowlist / oversize)
nvkvm: DENY ctrl cmd 0xa06f0111 (not in allowlist / oversize)
nvkvm: DENY ctrl cmd 0xa06f0111 (not in allowlist / oversize)
nvkvm: DENY ctrl cmd 0xa06f0111 (not in allowlist / oversize)
nvkvm: DENY ctrl cmd 0xa06f0111 (not in allowlist / oversize)
nvkvm: DENY ctrl cmd 0xa06f0111 (not in allowlist / oversize)
nvkvm: DENY ctrl cmd 0xa06f0111 (not in allowlist / oversize)
nvkvm: DENY ctrl cmd 0xa06f0111 (not in allowlist / oversize)
nvkvm: DENY ctrl cmd 0xa06f0111 (not in allowlist / oversize)
nvkvm: DENY ctrl cmd 0xa06f0111 (not in allowlist / oversize)
nvkvm: DENY ctrl cmd 0xa06f0111 (not in allowlist / oversize)
nvkvm: DENY ctrl cmd 0xa06f0111 (not in allowlist / oversize)
nvkvm: DENY ctrl cmd 0xa06f0111 (not in allowlist / oversize)
nvkvm: DENY ctrl cmd 0xa06f0111 (not in allowlist / oversize)
nvkvm: DENY ctrl cmd 0xa06f0111 (not in allowlist / oversize)
nvkvm: DENY ctrl cmd 0xa06f0111 (not in allowlist / oversize)
nvkvm disp stats: 59.2 frames/s dropped=0 failed=0 present_mean=0.53ms (total consumed=8270 dropped=0 failed=1)
nvkvm: DENY ctrl cmd 0xa06f0111 (not in allowlist / oversize)
nvkvm: DENY ctrl cmd 0xa06f0111 (not in allowlist / oversize)
nvkvm: DENY ctrl cmd 0xa06f0111 (not in allowlist / oversize)
nvkvm: DENY ctrl cmd 0xa06f0111 (not in allowlist / oversize)
nvkvm: DENY ctrl cmd 0xa06f0111 (not in allowlist / oversize)
nvkvm: DENY ctrl cmd 0xa06f0111 (not in allowlist / oversize)
nvkvm: DENY ctrl cmd 0xa06f0111 (not in allowlist / oversize)
nvkvm: DENY ctrl cmd 0xa06f0111 (not in allowlist / oversize)
nvkvm: DENY ctrl cmd 0xa06f0111 (not in allowlist / oversize)
nvkvm: DENY ctrl cmd 0xa06f0111 (not in allowlist / oversize)
nvkvm: DENY ctrl cmd 0xa06f0111 (not in allowlist / oversize)
nvkvm: DENY ctrl cmd 0xa06f0111 (not in allowlist / oversize)
nvkvm: DENY ctrl cmd 0xa06f0111 (not in allowlist / oversize)
nvkvm: DENY ctrl cmd 0xa06f0111 (not in allowlist / oversize)
nvkvm: DENY ctrl cmd 0xa06f0111 (not in allowlist / oversize)
nvkvm: DENY ctrl cmd 0xa06f0111 (not in allowlist / oversize)
nvkvm: DENY ctrl cmd 0xa06f0111 (not in allowlist / oversize)
nvkvm: DENY ctrl cmd 0xa06f0111 (not in allowlist / oversize)
nvkvm: DENY ctrl cmd 0xa06f0111 (not in allowlist / oversize)
nvkvm: DENY ctrl cmd 0xa06f0111 (not in allowlist / oversize)
nvkvm: DENY ctrl cmd 0xa06f0111 (not in allowlist / oversize)
nvkvm: DENY ctrl cmd 0xa06f0111 (not in allowlist / oversize)
nvkvm: DENY ctrl cmd 0xa06f0111 (not in allowlist / oversize)
nvkvm: DENY ctrl cmd 0xa06f0111 (not in allowlist / oversize)
nvkvm: DENY ctrl cmd 0xa06f0111 (not in allowlist / oversize)
nvkvm: DENY ctrl cmd 0xa06f0111 (not in allowlist / oversize)
nvkvm: DENY ctrl cmd 0xa06f0111 (not in allowlist / oversize)
nvkvm: DENY ctrl cmd 0xa06f0111 (not in allowlist / oversize)
nvkvm: DENY ctrl cmd 0xa06f0111 (not in allowlist / oversize)
nvkvm: DENY ctrl cmd 0xa06f0111 (not in allowlist / oversize)
nvkvm: DENY ctrl cmd 0xa06f0111 (not in allowlist / oversize)
nvkvm: DENY ctrl cmd 0xa06f0111 (not in allowlist / oversize)
nvkvm: DENY ctrl cmd 0xa06f0111 (not in allowlist / oversize)
nvkvm: DENY ctrl cmd 0xa06f0111 (not in allowlist / oversize)
nvkvm: DENY ctrl cmd 0xa06f0111 (not in allowlist / oversize)
nvkvm: DENY ctrl cmd 0xa06f0111 (not in allowlist / oversize)
nvkvm: DENY ctrl cmd 0xa06f0111 (not in allowlist / oversize)
nvkvm: DENY ctrl cmd 0xa06f0111 (not in allowlist / oversize)
nvkvm: DENY ctrl cmd 0xa06f0111 (not in allowlist / oversize)
nvkvm: DENY ctrl cmd 0xa06f0111 (not in allowlist / oversize)
nvkvm: DENY ctrl cmd 0xa06f0111 (not in allowlist / oversize)
nvkvm: DENY ctrl cmd 0xa06f0111 (not in allowlist / oversize)
nvkvm: DENY ctrl cmd 0xa06f0111 (not in allowlist / oversize)
nvkvm: DENY ctrl cmd 0xa06f0111 (not in allowlist / oversize)
nvkvm: DENY ctrl cmd 0xa06f0111 (not in allowlist / oversize)
nvkvm: DENY ctrl cmd 0xa06f0111 (not in allowlist / oversize)
nvkvm: DENY ctrl cmd 0xa06f0111 (not in allowlist / oversize)
nvkvm: DENY ctrl cmd 0xa06f0111 (not in allowlist / oversize)
nvkvm: DENY ctrl cmd 0xa06f0111 (not in allowlist / oversize)
nvkvm: DENY ctrl cmd 0xa06f0111 (not in allowlist / oversize)
nvkvm: DENY ctrl cmd 0xa06f0111 (not in allowlist / oversize)
nvkvm: DENY ctrl cmd 0xa06f0111 (not in allowlist / oversize)
nvkvm: DENY ctrl cmd 0xa06f0111 (not in allowlist / oversize)
nvkvm: DENY ctrl cmd 0xa06f0111 (not in allowlist / oversize)
nvkvm: DENY ctrl cmd 0xa06f0111 (not in allowlist / oversize)
nvkvm: DENY ctrl cmd 0xa06f0111 (not in allowlist / oversize)
nvkvm: DENY ctrl cmd 0xa06f0111 (not in allowlist / oversize)
nvkvm: DENY ctrl cmd 0xa06f0111 (not in allowlist / oversize)
nvkvm: DENY ctrl cmd 0xa06f0111 (not in allowlist / oversize)
nvkvm: DENY ctrl cmd 0xa06f0111 (not in allowlist / oversize)
nvkvm disp stats: 59.8 frames/s dropped=0 failed=0 present_mean=0.50ms (total consumed=8330 dropped=0 failed=1)
nvkvm: DENY ctrl cmd 0xa06f0111 (not in allowlist / oversize)
nvkvm: DENY ctrl cmd 0xa06f0111 (not in allowlist / oversize)
nvkvm: DENY ctrl cmd 0xa06f0111 (not in allowlist / oversize)
nvkvm: DENY ctrl cmd 0xa06f0111 (not in allowlist / oversize)
nvkvm: DENY ctrl cmd 0xa06f0111 (not in allowlist / oversize)
nvkvm: DENY ctrl cmd 0xa06f0111 (not in allowlist / oversize)
nvkvm: DENY ctrl cmd 0xa06f0111 (not in allowlist / oversize)
nvkvm: DENY ctrl cmd 0xa06f0111 (not in allowlist / oversize)
nvkvm: DENY ctrl cmd 0xa06f0111 (not in allowlist / oversize)
nvkvm: DENY ctrl cmd 0xa06f0111 (not in allowlist / oversize)
nvkvm: DENY ctrl cmd 0xa06f0111 (not in allowlist / oversize)
nvkvm: DENY ctrl cmd 0xa06f0111 (not in allowlist / oversize)
nvkvm: DENY ctrl cmd 0xa06f0111 (not in allowlist / oversize)
nvkvm: DENY ctrl cmd 0xa06f0111 (not in allowlist / oversize)
nvkvm: DENY ctrl cmd 0xa06f0111 (not in allowlist / oversize)
nvkvm: DENY ctrl cmd 0xa06f0111 (not in allowlist / oversize)
nvkvm: DENY ctrl cmd 0xa06f0111 (not in allowlist / oversize)
nvkvm: DENY ctrl cmd 0xa06f0111 (not in allowlist / oversize)
nvkvm: DENY ctrl cmd 0xa06f0111 (not in allowlist / oversize)
nvkvm: DENY ctrl cmd 0xa06f0111 (not in allowlist / oversize)
nvkvm: DENY ctrl cmd 0xa06f0111 (not in allowlist / oversize)
nvkvm: DENY ctrl cmd 0xa06f0111 (not in allowlist / oversize)
nvkvm: DENY ctrl cmd 0xa06f0111 (not in allowlist / oversize)
nvkvm: DENY ctrl cmd 0xa06f0111 (not in allowlist / oversize)
nvkvm: DENY ctrl cmd 0xa06f0111 (not in allowlist / oversize)
nvkvm: DENY ctrl cmd 0xa06f0111 (not in allowlist / oversize)
nvkvm: DENY ctrl cmd 0xa06f0111 (not in allowlist / oversize)
nvkvm: DENY ctrl cmd 0xa06f0111 (not in allowlist / oversize)
nvkvm: DENY ctrl cmd 0xa06f0111 (not in allowlist / oversize)
nvkvm: DENY ctrl cmd 0xa06f0111 (not in allowlist / oversize)
nvkvm: DENY ctrl cmd 0xa06f0111 (not in allowlist / oversize)
nvkvm: DENY ctrl cmd 0xa06f0111 (not in allowlist / oversize)
nvkvm: DENY ctrl cmd 0xa06f0111 (not in allowlist / oversize)
nvkvm: DENY ctrl cmd 0xa06f0111 (not in allowlist / oversize)
nvkvm: DENY ctrl cmd 0xa06f0111 (not in allowlist / oversize)
nvkvm: DENY ctrl cmd 0xa06f0111 (not in allowlist / oversize)
nvkvm: DENY ctrl cmd 0xa06f0111 (not in allowlist / oversize)
nvkvm: DENY ctrl cmd 0xa06f0111 (not in allowlist / oversize)
nvkvm: DENY ctrl cmd 0xa06f0111 (not in allowlist / oversize)
nvkvm: DENY ctrl cmd 0xa06f0111 (not in allowlist / oversize)
nvkvm: DENY ctrl cmd 0xa06f0111 (not in allowlist / oversize)
nvkvm: DENY ctrl cmd 0xa06f0111 (not in allowlist / oversize)
nvkvm: DENY ctrl cmd 0xa06f0111 (not in allowlist / oversize)
nvkvm: DENY ctrl cmd 0xa06f0111 (not in allowlist / oversize)
nvkvm: DENY ctrl cmd 0xa06f0111 (not in allowlist / oversize)
nvkvm: DENY ctrl cmd 0xa06f0111 (not in allowlist / oversize)
nvkvm: DENY ctrl cmd 0xa06f0111 (not in allowlist / oversize)
nvkvm: DENY ctrl cmd 0xa06f0111 (not in allowlist / oversize)
nvkvm: DENY ctrl cmd 0xa06f0111 (not in allowlist / oversize)
nvkvm: DENY ctrl cmd 0xa06f0111 (not in allowlist / oversize)
nvkvm: DENY ctrl cmd 0xa06f0111 (not in allowlist / oversize)
nvkvm: DENY ctrl cmd 0xa06f0111 (not in allowlist / oversize)
nvkvm: DENY ctrl cmd 0xa06f0111 (not in allowlist / oversize)
nvkvm: DENY ctrl cmd 0xa06f0111 (not in allowlist / oversize)
nvkvm: DENY ctrl cmd 0xa06f0111 (not in allowlist / oversize)
nvkvm: DENY ctrl cmd 0xa06f0111 (not in allowlist / oversize)
nvkvm: DENY ctrl cmd 0xa06f0111 (not in allowlist / oversize)
nvkvm: DENY ctrl cmd 0xa06f0111 (not in allowlist / oversize)
nvkvm: DENY ctrl cmd 0xa06f0111 (not in allowlist / oversize)
nvkvm disp stats: 58.3 frames/s dropped=0 failed=0 present_mean=0.53ms (total consumed=8389 dropped=0 failed=1)
nvkvm: DENY ctrl cmd 0xa06f0111 (not in allowlist / oversize)
nvkvm: DENY ctrl cmd 0xa06f0111 (not in allowlist / oversize)
nvkvm: DENY ctrl cmd 0xa06f0111 (not in allowlist / oversize)
nvkvm: DENY ctrl cmd 0xa06f0111 (not in allowlist / oversize)
nvkvm: DENY ctrl cmd 0xa06f0111 (not in allowlist / oversize)
nvkvm: DENY ctrl cmd 0xa06f0111 (not in allowlist / oversize)
nvkvm: DENY ctrl cmd 0xa06f0111 (not in allowlist / oversize)
nvkvm: DENY ctrl cmd 0xa06f0111 (not in allowlist / oversize)
nvkvm: DENY ctrl cmd 0xa06f0111 (not in allowlist / oversize)
nvkvm: DENY ctrl cmd 0xa06f0111 (not in allowlist / oversize)
nvkvm: DENY ctrl cmd 0xa06f0111 (not in allowlist / oversize)
nvkvm: DENY ctrl cmd 0xa06f0111 (not in allowlist / oversize)
nvkvm: DENY ctrl cmd 0xa06f0111 (not in allowlist / oversize)
nvkvm: DENY ctrl cmd 0xa06f0111 (not in allowlist / oversize)
nvkvm: DENY ctrl cmd 0xa06f0111 (not in allowlist / oversize)
nvkvm: DENY ctrl cmd 0xa06f0111 (not in allowlist / oversize)
nvkvm: DENY ctrl cmd 0xa06f0111 (not in allowlist / oversize)
nvkvm: DENY ctrl cmd 0xa06f0111 (not in allowlist / oversize)
nvkvm: DENY ctrl cmd 0xa06f0111 (not in allowlist / oversize)
nvkvm: DENY ctrl cmd 0xa06f0111 (not in allowlist / oversize)
nvkvm: DENY ctrl cmd 0xa06f0111 (not in allowlist / oversize)
nvkvm: DENY ctrl cmd 0xa06f0111 (not in allowlist / oversize)
nvkvm: DENY ctrl cmd 0xa06f0111 (not in allowlist / oversize)
nvkvm: DENY ctrl cmd 0xa06f0111 (not in allowlist / oversize)
nvkvm: DENY ctrl cmd 0xa06f0111 (not in allowlist / oversize)
nvkvm: DENY ctrl cmd 0xa06f0111 (not in allowlist / oversize)
nvkvm: DENY ctrl cmd 0xa06f0111 (not in allowlist / oversize)
nvkvm: DENY ctrl cmd 0xa06f0111 (not in allowlist / oversize)
nvkvm: DENY ctrl cmd 0xa06f0111 (not in allowlist / oversize)
nvkvm: DENY ctrl cmd 0xa06f0111 (not in allowlist / oversize)
nvkvm: DENY ctrl cmd 0xa06f0111 (not in allowlist / oversize)
nvkvm: DENY ctrl cmd 0xa06f0111 (not in allowlist / oversize)
nvkvm: DENY ctrl cmd 0xa06f0111 (not in allowlist / oversize)
nvkvm: DENY ctrl cmd 0xa06f0111 (not in allowlist / oversize)
nvkvm: DENY ctrl cmd 0xa06f0111 (not in allowlist / oversize)
nvkvm: DENY ctrl cmd 0xa06f0111 (not in allowlist / oversize)
nvkvm: DENY ctrl cmd 0xa06f0111 (not in allowlist / oversize)
nvkvm: DENY ctrl cmd 0xa06f0111 (not in allowlist / oversize)
nvkvm: DENY ctrl cmd 0xa06f0111 (not in allowlist / oversize)
nvkvm: DENY ctrl cmd 0xa06f0111 (not in allowlist / oversize)
nvkvm: DENY ctrl cmd 0xa06f0111 (not in allowlist / oversize)
nvkvm: DENY ctrl cmd 0xa06f0111 (not in allowlist / oversize)
nvkvm: DENY ctrl cmd 0xa06f0111 (not in allowlist / oversize)
nvkvm: DENY ctrl cmd 0xa06f0111 (not in allowlist / oversize)
nvkvm: DENY ctrl cmd 0xa06f0111 (not in allowlist / oversize)
nvkvm: DENY ctrl cmd 0xa06f0111 (not in allowlist / oversize)
nvkvm: DENY ctrl cmd 0xa06f0111 (not in allowlist / oversize)
nvkvm: DENY ctrl cmd 0xa06f0111 (not in allowlist / oversize)
nvkvm: DENY ctrl cmd 0xa06f0111 (not in allowlist / oversize)
nvkvm: DENY ctrl cmd 0xa06f0111 (not in allowlist / oversize)
nvkvm: DENY ctrl cmd 0xa06f0111 (not in allowlist / oversize)
nvkvm: DENY ctrl cmd 0xa06f0111 (not in allowlist / oversize)
nvkvm: DENY ctrl cmd 0xa06f0111 (not in allowlist / oversize)
nvkvm: DENY ctrl cmd 0xa06f0111 (not in allowlist / oversize)
nvkvm: DENY ctrl cmd 0xa06f0111 (not in allowlist / oversize)
nvkvm: DENY ctrl cmd 0xa06f0111 (not in allowlist / oversize)
nvkvm: DENY ctrl cmd 0xa06f0111 (not in allowlist / oversize)
nvkvm: DENY ctrl cmd 0xa06f0111 (not in allowlist / oversize)
nvkvm: DENY ctrl cmd 0xa06f0111 (not in allowlist / oversize)
nvkvm: DENY ctrl cmd 0xa06f0111 (not in allowlist / oversize)
nvkvm disp stats: 59.9 frames/s dropped=0 failed=0 present_mean=0.56ms (total consumed=8449 dropped=0 failed=1)
nvkvm: DENY ctrl cmd 0xa06f0111 (not in allowlist / oversize)
nvkvm: DENY ctrl cmd 0xa06f0111 (not in allowlist / oversize)
nvkvm: DENY ctrl cmd 0xa06f0111 (not in allowlist / oversize)
nvkvm: DENY ctrl cmd 0xa06f0111 (not in allowlist / oversize)
nvkvm: DENY ctrl cmd 0xa06f0111 (not in allowlist / oversize)
nvkvm: DENY ctrl cmd 0xa06f0111 (not in allowlist / oversize)
nvkvm: DENY ctrl cmd 0xa06f0111 (not in allowlist / oversize)
nvkvm: DENY ctrl cmd 0xa06f0111 (not in allowlist / oversize)
nvkvm: DENY ctrl cmd 0xa06f0111 (not in allowlist / oversize)
nvkvm: DENY ctrl cmd 0xa06f0111 (not in allowlist / oversize)
nvkvm: DENY ctrl cmd 0xa06f0111 (not in allowlist / oversize)
nvkvm: DENY ctrl cmd 0xa06f0111 (not in allowlist / oversize)
nvkvm: DENY ctrl cmd 0xa06f0111 (not in allowlist / oversize)
nvkvm: DENY ctrl cmd 0xa06f0111 (not in allowlist / oversize)
nvkvm: DENY ctrl cmd 0xa06f0111 (not in allowlist / oversize)
nvkvm: DENY ctrl cmd 0xa06f0111 (not in allowlist / oversize)
nvkvm: DENY ctrl cmd 0xa06f0111 (not in allowlist / oversize)
nvkvm: DENY ctrl cmd 0xa06f0111 (not in allowlist / oversize)
nvkvm: DENY ctrl cmd 0xa06f0111 (not in allowlist / oversize)
nvkvm: DENY ctrl cmd 0xa06f0111 (not in allowlist / oversize)
nvkvm: DENY ctrl cmd 0xa06f0111 (not in allowlist / oversize)
nvkvm: DENY ctrl cmd 0xa06f0111 (not in allowlist / oversize)
nvkvm: DENY ctrl cmd 0xa06f0111 (not in allowlist / oversize)
nvkvm: DENY ctrl cmd 0xa06f0111 (not in allowlist / oversize)
nvkvm: DENY ctrl cmd 0xa06f0111 (not in allowlist / oversize)
nvkvm: DENY ctrl cmd 0xa06f0111 (not in allowlist / oversize)
nvkvm: DENY ctrl cmd 0xa06f0111 (not in allowlist / oversize)
nvkvm: DENY ctrl cmd 0xa06f0111 (not in allowlist / oversize)
nvkvm: DENY ctrl cmd 0xa06f0111 (not in allowlist / oversize)
nvkvm: DENY ctrl cmd 0xa06f0111 (not in allowlist / oversize)
nvkvm: DENY ctrl cmd 0xa06f0111 (not in allowlist / oversize)
nvkvm: DENY ctrl cmd 0xa06f0111 (not in allowlist / oversize)
nvkvm: DENY ctrl cmd 0xa06f0111 (not in allowlist / oversize)
nvkvm: DENY ctrl cmd 0xa06f0111 (not in allowlist / oversize)
nvkvm: DENY ctrl cmd 0xa06f0111 (not in allowlist / oversize)
nvkvm: DENY ctrl cmd 0xa06f0111 (not in allowlist / oversize)
nvkvm: DENY ctrl cmd 0xa06f0111 (not in allowlist / oversize)
nvkvm: DENY ctrl cmd 0xa06f0111 (not in allowlist / oversize)
nvkvm: DENY ctrl cmd 0xa06f0111 (not in allowlist / oversize)
nvkvm: DENY ctrl cmd 0xa06f0111 (not in allowlist / oversize)
nvkvm: DENY ctrl cmd 0xa06f0111 (not in allowlist / oversize)
nvkvm: DENY ctrl cmd 0xa06f0111 (not in allowlist / oversize)
nvkvm: DENY ctrl cmd 0xa06f0111 (not in allowlist / oversize)
nvkvm: DENY ctrl cmd 0xa06f0111 (not in allowlist / oversize)
nvkvm: DENY ctrl cmd 0xa06f0111 (not in allowlist / oversize)
nvkvm: DENY ctrl cmd 0xa06f0111 (not in allowlist / oversize)
nvkvm: DENY ctrl cmd 0xa06f0111 (not in allowlist / oversize)
nvkvm: DENY ctrl cmd 0xa06f0111 (not in allowlist / oversize)
nvkvm: DENY ctrl cmd 0xa06f0111 (not in allowlist / oversize)
nvkvm: DENY ctrl cmd 0xa06f0111 (not in allowlist / oversize)
nvkvm: DENY ctrl cmd 0xa06f0111 (not in allowlist / oversize)
nvkvm: DENY ctrl cmd 0xa06f0111 (not in allowlist / oversize)
nvkvm: DENY ctrl cmd 0xa06f0111 (not in allowlist / oversize)
nvkvm: DENY ctrl cmd 0xa06f0111 (not in allowlist / oversize)
nvkvm: DENY ctrl cmd 0xa06f0111 (not in allowlist / oversize)
nvkvm: DENY ctrl cmd 0xa06f0111 (not in allowlist / oversize)
nvkvm: DENY ctrl cmd 0xa06f0111 (not in allowlist / oversize)
nvkvm: DENY ctrl cmd 0xa06f0111 (not in allowlist / oversize)
nvkvm: DENY ctrl cmd 0xa06f0111 (not in allowlist / oversize)
nvkvm: DENY ctrl cmd 0xa06f0111 (not in allowlist / oversize)
nvkvm disp stats: 60.0 frames/s dropped=0 failed=0 present_mean=0.53ms (total consumed=8509 dropped=0 failed=1)
nvkvm: DENY ctrl cmd 0xa06f0111 (not in allowlist / oversize)
nvkvm: DENY ctrl cmd 0xa06f0111 (not in allowlist / oversize)
nvkvm: DENY ctrl cmd 0xa06f0111 (not in allowlist / oversize)
nvkvm: DENY ctrl cmd 0xa06f0111 (not in allowlist / oversize)
nvkvm: DENY ctrl cmd 0xa06f0111 (not in allowlist / oversize)
nvkvm: DENY ctrl cmd 0xa06f0111 (not in allowlist / oversize)
nvkvm: DENY ctrl cmd 0xa06f0111 (not in allowlist / oversize)
nvkvm: DENY ctrl cmd 0xa06f0111 (not in allowlist / oversize)
nvkvm: DENY ctrl cmd 0xa06f0111 (not in allowlist / oversize)
nvkvm: DENY ctrl cmd 0xa06f0111 (not in allowlist / oversize)
nvkvm: DENY ctrl cmd 0xa06f0111 (not in allowlist / oversize)
nvkvm: DENY ctrl cmd 0xa06f0111 (not in allowlist / oversize)
nvkvm: DENY ctrl cmd 0xa06f0111 (not in allowlist / oversize)
nvkvm: DENY ctrl cmd 0xa06f0111 (not in allowlist / oversize)
nvkvm: DENY ctrl cmd 0xa06f0111 (not in allowlist / oversize)
nvkvm: DENY ctrl cmd 0xa06f0111 (not in allowlist / oversize)
nvkvm: DENY ctrl cmd 0xa06f0111 (not in allowlist / oversize)
nvkvm: DENY ctrl cmd 0xa06f0111 (not in allowlist / oversize)
nvkvm: DENY ctrl cmd 0xa06f0111 (not in allowlist / oversize)
nvkvm: DENY ctrl cmd 0xa06f0111 (not in allowlist / oversize)
nvkvm: DENY ctrl cmd 0xa06f0111 (not in allowlist / oversize)
nvkvm: DENY ctrl cmd 0xa06f0111 (not in allowlist / oversize)
nvkvm: DENY ctrl cmd 0xa06f0111 (not in allowlist / oversize)
nvkvm: DENY ctrl cmd 0xa06f0111 (not in allowlist / oversize)
nvkvm: DENY ctrl cmd 0xa06f0111 (not in allowlist / oversize)
nvkvm: DENY ctrl cmd 0xa06f0111 (not in allowlist / oversize)
nvkvm: DENY ctrl cmd 0xa06f0111 (not in allowlist / oversize)
nvkvm: DENY ctrl cmd 0xa06f0111 (not in allowlist / oversize)
nvkvm: DENY ctrl cmd 0xa06f0111 (not in allowlist / oversize)
nvkvm: DENY ctrl cmd 0xa06f0111 (not in allowlist / oversize)
nvkvm: DENY ctrl cmd 0xa06f0111 (not in allowlist / oversize)
nvkvm: DENY ctrl cmd 0xa06f0111 (not in allowlist / oversize)
nvkvm: DENY ctrl cmd 0xa06f0111 (not in allowlist / oversize)
nvkvm: DENY ctrl cmd 0xa06f0111 (not in allowlist / oversize)
nvkvm: DENY ctrl cmd 0xa06f0111 (not in allowlist / oversize)
nvkvm: DENY ctrl cmd 0xa06f0111 (not in allowlist / oversize)
nvkvm: DENY ctrl cmd 0xa06f0111 (not in allowlist / oversize)
nvkvm: DENY ctrl cmd 0xa06f0111 (not in allowlist / oversize)
nvkvm: DENY ctrl cmd 0xa06f0111 (not in allowlist / oversize)
nvkvm: DENY ctrl cmd 0xa06f0111 (not in allowlist / oversize)
nvkvm: DENY ctrl cmd 0xa06f0111 (not in allowlist / oversize)
nvkvm: DENY ctrl cmd 0xa06f0111 (not in allowlist / oversize)
nvkvm: DENY ctrl cmd 0xa06f0111 (not in allowlist / oversize)
nvkvm: DENY ctrl cmd 0xa06f0111 (not in allowlist / oversize)
nvkvm: DENY ctrl cmd 0xa06f0111 (not in allowlist / oversize)
nvkvm: DENY ctrl cmd 0xa06f0111 (not in allowlist / oversize)
nvkvm: DENY ctrl cmd 0xa06f0111 (not in allowlist / oversize)
nvkvm: DENY ctrl cmd 0xa06f0111 (not in allowlist / oversize)
nvkvm: DENY ctrl cmd 0xa06f0111 (not in allowlist / oversize)
nvkvm: DENY ctrl cmd 0xa06f0111 (not in allowlist / oversize)
nvkvm: DENY ctrl cmd 0xa06f0111 (not in allowlist / oversize)
nvkvm: DENY ctrl cmd 0xa06f0111 (not in allowlist / oversize)
nvkvm: DENY ctrl cmd 0xa06f0111 (not in allowlist / oversize)
nvkvm: DENY ctrl cmd 0xa06f0111 (not in allowlist / oversize)
nvkvm: DENY ctrl cmd 0xa06f0111 (not in allowlist / oversize)
nvkvm: DENY ctrl cmd 0xa06f0111 (not in allowlist / oversize)
nvkvm: DENY ctrl cmd 0xa06f0111 (not in allowlist / oversize)
nvkvm: DENY ctrl cmd 0xa06f0111 (not in allowlist / oversize)
nvkvm: DENY ctrl cmd 0xa06f0111 (not in allowlist / oversize)
nvkvm disp stats: 58.1 frames/s dropped=0 failed=0 present_mean=0.51ms (total consumed=8568 dropped=0 failed=1)
nvkvm: DENY ctrl cmd 0xa06f0111 (not in allowlist / oversize)
nvkvm: DENY ctrl cmd 0xa06f0111 (not in allowlist / oversize)
nvkvm: DENY ctrl cmd 0xa06f0111 (not in allowlist / oversize)
nvkvm: DENY ctrl cmd 0xa06f0111 (not in allowlist / oversize)
nvkvm: DENY ctrl cmd 0xa06f0111 (not in allowlist / oversize)
nvkvm: DENY ctrl cmd 0xa06f0111 (not in allowlist / oversize)
nvkvm: DENY ctrl cmd 0xa06f0111 (not in allowlist / oversize)
nvkvm: DENY ctrl cmd 0xa06f0111 (not in allowlist / oversize)
nvkvm: DENY ctrl cmd 0xa06f0111 (not in allowlist / oversize)
nvkvm: DENY ctrl cmd 0xa06f0111 (not in allowlist / oversize)
nvkvm: DENY ctrl cmd 0xa06f0111 (not in allowlist / oversize)
nvkvm: DENY ctrl cmd 0xa06f0111 (not in allowlist / oversize)
nvkvm: DENY ctrl cmd 0xa06f0111 (not in allowlist / oversize)
nvkvm: DENY ctrl cmd 0xa06f0111 (not in allowlist / oversize)
nvkvm: DENY ctrl cmd 0xa06f0111 (not in allowlist / oversize)
nvkvm: DENY ctrl cmd 0xa06f0111 (not in allowlist / oversize)
nvkvm: DENY ctrl cmd 0xa06f0111 (not in allowlist / oversize)
nvkvm: DENY ctrl cmd 0xa06f0111 (not in allowlist / oversize)
nvkvm: DENY ctrl cmd 0xa06f0111 (not in allowlist / oversize)
nvkvm: DENY ctrl cmd 0xa06f0111 (not in allowlist / oversize)
nvkvm: DENY ctrl cmd 0xa06f0111 (not in allowlist / oversize)
nvkvm: DENY ctrl cmd 0xa06f0111 (not in allowlist / oversize)
nvkvm: DENY ctrl cmd 0xa06f0111 (not in allowlist / oversize)
nvkvm: DENY ctrl cmd 0xa06f0111 (not in allowlist / oversize)
nvkvm: DENY ctrl cmd 0xa06f0111 (not in allowlist / oversize)
nvkvm: DENY ctrl cmd 0xa06f0111 (not in allowlist / oversize)
nvkvm: DENY ctrl cmd 0xa06f0111 (not in allowlist / oversize)
nvkvm: DENY ctrl cmd 0xa06f0111 (not in allowlist / oversize)
nvkvm: DENY ctrl cmd 0xa06f0111 (not in allowlist / oversize)
nvkvm: DENY ctrl cmd 0xa06f0111 (not in allowlist / oversize)
nvkvm: DENY ctrl cmd 0xa06f0111 (not in allowlist / oversize)
nvkvm: DENY ctrl cmd 0xa06f0111 (not in allowlist / oversize)
nvkvm: DENY ctrl cmd 0xa06f0111 (not in allowlist / oversize)
nvkvm: DENY ctrl cmd 0xa06f0111 (not in allowlist / oversize)
nvkvm: DENY ctrl cmd 0xa06f0111 (not in allowlist / oversize)
nvkvm: DENY ctrl cmd 0xa06f0111 (not in allowlist / oversize)
nvkvm: DENY ctrl cmd 0xa06f0111 (not in allowlist / oversize)
nvkvm: DENY ctrl cmd 0xa06f0111 (not in allowlist / oversize)
nvkvm: DENY ctrl cmd 0xa06f0111 (not in allowlist / oversize)
nvkvm: DENY ctrl cmd 0xa06f0111 (not in allowlist / oversize)
nvkvm: DENY ctrl cmd 0xa06f0111 (not in allowlist / oversize)
nvkvm: DENY ctrl cmd 0xa06f0111 (not in allowlist / oversize)
nvkvm: DENY ctrl cmd 0xa06f0111 (not in allowlist / oversize)
nvkvm: DENY ctrl cmd 0xa06f0111 (not in allowlist / oversize)
nvkvm: DENY ctrl cmd 0xa06f0111 (not in allowlist / oversize)
nvkvm: DENY ctrl cmd 0xa06f0111 (not in allowlist / oversize)
nvkvm: DENY ctrl cmd 0xa06f0111 (not in allowlist / oversize)
nvkvm: DENY ctrl cmd 0xa06f0111 (not in allowlist / oversize)
nvkvm: DENY ctrl cmd 0xa06f0111 (not in allowlist / oversize)
nvkvm: DENY ctrl cmd 0xa06f0111 (not in allowlist / oversize)
nvkvm: DENY ctrl cmd 0xa06f0111 (not in allowlist / oversize)
nvkvm: DENY ctrl cmd 0xa06f0111 (not in allowlist / oversize)
nvkvm: DENY ctrl cmd 0xa06f0111 (not in allowlist / oversize)
nvkvm: DENY ctrl cmd 0xa06f0111 (not in allowlist / oversize)
nvkvm: DENY ctrl cmd 0xa06f0111 (not in allowlist / oversize)
nvkvm: DENY ctrl cmd 0xa06f0111 (not in allowlist / oversize)
nvkvm: DENY ctrl cmd 0xa06f0111 (not in allowlist / oversize)
nvkvm: DENY ctrl cmd 0xa06f0111 (not in allowlist / oversize)
nvkvm: DENY ctrl cmd 0xa06f0111 (not in allowlist / oversize)
nvkvm: DENY ctrl cmd 0xa06f0111 (not in allowlist / oversize)
nvkvm disp stats: 59.9 frames/s dropped=0 failed=0 present_mean=0.55ms (total consumed=8628 dropped=0 failed=1)
nvkvm: DENY ctrl cmd 0xa06f0111 (not in allowlist / oversize)
nvkvm: DENY ctrl cmd 0xa06f0111 (not in allowlist / oversize)
nvkvm: DENY ctrl cmd 0xa06f0111 (not in allowlist / oversize)
nvkvm: DENY ctrl cmd 0xa06f0111 (not in allowlist / oversize)
nvkvm: DENY ctrl cmd 0xa06f0111 (not in allowlist / oversize)
nvkvm: DENY ctrl cmd 0xa06f0111 (not in allowlist / oversize)
nvkvm: DENY ctrl cmd 0xa06f0111 (not in allowlist / oversize)
nvkvm: DENY ctrl cmd 0xa06f0111 (not in allowlist / oversize)
nvkvm: DENY ctrl cmd 0xa06f0111 (not in allowlist / oversize)
nvkvm: DENY ctrl cmd 0xa06f0111 (not in allowlist / oversize)
nvkvm: DENY ctrl cmd 0xa06f0111 (not in allowlist / oversize)
nvkvm: DENY ctrl cmd 0xa06f0111 (not in allowlist / oversize)
nvkvm: DENY ctrl cmd 0xa06f0111 (not in allowlist / oversize)
nvkvm: DENY ctrl cmd 0xa06f0111 (not in allowlist / oversize)
nvkvm: DENY ctrl cmd 0xa06f0111 (not in allowlist / oversize)
nvkvm: DENY ctrl cmd 0xa06f0111 (not in allowlist / oversize)
nvkvm: DENY ctrl cmd 0xa06f0111 (not in allowlist / oversize)
nvkvm: DENY ctrl cmd 0xa06f0111 (not in allowlist / oversize)
nvkvm: DENY ctrl cmd 0xa06f0111 (not in allowlist / oversize)
nvkvm: DENY ctrl cmd 0xa06f0111 (not in allowlist / oversize)
nvkvm: DENY ctrl cmd 0xa06f0111 (not in allowlist / oversize)
nvkvm: DENY ctrl cmd 0xa06f0111 (not in allowlist / oversize)
nvkvm: DENY ctrl cmd 0xa06f0111 (not in allowlist / oversize)
nvkvm: DENY ctrl cmd 0xa06f0111 (not in allowlist / oversize)
nvkvm: DENY ctrl cmd 0xa06f0111 (not in allowlist / oversize)
nvkvm: DENY ctrl cmd 0xa06f0111 (not in allowlist / oversize)
nvkvm: DENY ctrl cmd 0xa06f0111 (not in allowlist / oversize)
nvkvm: DENY ctrl cmd 0xa06f0111 (not in allowlist / oversize)
nvkvm: DENY ctrl cmd 0xa06f0111 (not in allowlist / oversize)
nvkvm: DENY ctrl cmd 0xa06f0111 (not in allowlist / oversize)
nvkvm: DENY ctrl cmd 0xa06f0111 (not in allowlist / oversize)
nvkvm: DENY ctrl cmd 0xa06f0111 (not in allowlist / oversize)
nvkvm: DENY ctrl cmd 0xa06f0111 (not in allowlist / oversize)
nvkvm: DENY ctrl cmd 0xa06f0111 (not in allowlist / oversize)
nvkvm: DENY ctrl cmd 0xa06f0111 (not in allowlist / oversize)
nvkvm: DENY ctrl cmd 0xa06f0111 (not in allowlist / oversize)
nvkvm: DENY ctrl cmd 0xa06f0111 (not in allowlist / oversize)
nvkvm: DENY ctrl cmd 0xa06f0111 (not in allowlist / oversize)
nvkvm: DENY ctrl cmd 0xa06f0111 (not in allowlist / oversize)
nvkvm: DENY ctrl cmd 0xa06f0111 (not in allowlist / oversize)
nvkvm: DENY ctrl cmd 0xa06f0111 (not in allowlist / oversize)
nvkvm: DENY ctrl cmd 0xa06f0111 (not in allowlist / oversize)
nvkvm: DENY ctrl cmd 0xa06f0111 (not in allowlist / oversize)
nvkvm: DENY ctrl cmd 0xa06f0111 (not in allowlist / oversize)
nvkvm: DENY ctrl cmd 0xa06f0111 (not in allowlist / oversize)
nvkvm: DENY ctrl cmd 0xa06f0111 (not in allowlist / oversize)
nvkvm: DENY ctrl cmd 0xa06f0111 (not in allowlist / oversize)
nvkvm: DENY ctrl cmd 0xa06f0111 (not in allowlist / oversize)
nvkvm: DENY ctrl cmd 0xa06f0111 (not in allowlist / oversize)
nvkvm: DENY ctrl cmd 0xa06f0111 (not in allowlist / oversize)
nvkvm: DENY ctrl cmd 0xa06f0111 (not in allowlist / oversize)
nvkvm: DENY ctrl cmd 0xa06f0111 (not in allowlist / oversize)
nvkvm: DENY ctrl cmd 0xa06f0111 (not in allowlist / oversize)
nvkvm: DENY ctrl cmd 0xa06f0111 (not in allowlist / oversize)
nvkvm: DENY ctrl cmd 0xa06f0111 (not in allowlist / oversize)
nvkvm: DENY ctrl cmd 0xa06f0111 (not in allowlist / oversize)
nvkvm: DENY ctrl cmd 0xa06f0111 (not in allowlist / oversize)
nvkvm: DENY ctrl cmd 0xa06f0111 (not in allowlist / oversize)
nvkvm: DENY ctrl cmd 0xa06f0111 (not in allowlist / oversize)
nvkvm: DENY ctrl cmd 0xa06f0111 (not in allowlist / oversize)
nvkvm disp stats: 59.1 frames/s dropped=0 failed=0 present_mean=0.60ms (total consumed=8688 dropped=0 failed=1)
nvkvm: DENY ctrl cmd 0xa06f0111 (not in allowlist / oversize)
nvkvm: DENY ctrl cmd 0xa06f0111 (not in allowlist / oversize)
nvkvm: DENY ctrl cmd 0xa06f0111 (not in allowlist / oversize)
nvkvm: DENY ctrl cmd 0xa06f0111 (not in allowlist / oversize)
nvkvm: DENY ctrl cmd 0xa06f0111 (not in allowlist / oversize)
nvkvm: DENY ctrl cmd 0xa06f0111 (not in allowlist / oversize)
nvkvm: DENY ctrl cmd 0xa06f0111 (not in allowlist / oversize)
nvkvm: DENY ctrl cmd 0xa06f0111 (not in allowlist / oversize)
nvkvm: DENY ctrl cmd 0xa06f0111 (not in allowlist / oversize)
nvkvm: DENY ctrl cmd 0xa06f0111 (not in allowlist / oversize)
nvkvm: DENY ctrl cmd 0xa06f0111 (not in allowlist / oversize)
nvkvm: DENY ctrl cmd 0xa06f0111 (not in allowlist / oversize)
nvkvm: DENY ctrl cmd 0xa06f0111 (not in allowlist / oversize)
nvkvm: DENY ctrl cmd 0xa06f0111 (not in allowlist / oversize)
nvkvm: DENY ctrl cmd 0xa06f0111 (not in allowlist / oversize)
nvkvm: DENY ctrl cmd 0xa06f0111 (not in allowlist / oversize)
nvkvm: DENY ctrl cmd 0xa06f0111 (not in allowlist / oversize)
nvkvm: DENY ctrl cmd 0xa06f0111 (not in allowlist / oversize)
nvkvm: DENY ctrl cmd 0xa06f0111 (not in allowlist / oversize)
nvkvm: DENY ctrl cmd 0xa06f0111 (not in allowlist / oversize)
nvkvm: DENY ctrl cmd 0xa06f0111 (not in allowlist / oversize)
nvkvm: DENY ctrl cmd 0xa06f0111 (not in allowlist / oversize)
nvkvm: DENY ctrl cmd 0xa06f0111 (not in allowlist / oversize)
nvkvm: DENY ctrl cmd 0xa06f0111 (not in allowlist / oversize)
nvkvm: DENY ctrl cmd 0xa06f0111 (not in allowlist / oversize)
nvkvm: DENY ctrl cmd 0xa06f0111 (not in allowlist / oversize)
nvkvm: DENY ctrl cmd 0xa06f0111 (not in allowlist / oversize)
nvkvm: DENY ctrl cmd 0xa06f0111 (not in allowlist / oversize)
nvkvm: DENY ctrl cmd 0xa06f0111 (not in allowlist / oversize)
nvkvm: DENY ctrl cmd 0xa06f0111 (not in allowlist / oversize)
nvkvm: DENY ctrl cmd 0xa06f0111 (not in allowlist / oversize)
nvkvm: DENY ctrl cmd 0xa06f0111 (not in allowlist / oversize)
nvkvm: DENY ctrl cmd 0xa06f0111 (not in allowlist / oversize)
nvkvm: DENY ctrl cmd 0xa06f0111 (not in allowlist / oversize)
nvkvm: DENY ctrl cmd 0xa06f0111 (not in allowlist / oversize)
nvkvm: DENY ctrl cmd 0xa06f0111 (not in allowlist / oversize)
nvkvm: DENY ctrl cmd 0xa06f0111 (not in allowlist / oversize)
nvkvm: DENY ctrl cmd 0xa06f0111 (not in allowlist / oversize)
nvkvm: DENY ctrl cmd 0xa06f0111 (not in allowlist / oversize)
nvkvm: DENY ctrl cmd 0xa06f0111 (not in allowlist / oversize)
nvkvm: DENY ctrl cmd 0xa06f0111 (not in allowlist / oversize)
nvkvm: DENY ctrl cmd 0xa06f0111 (not in allowlist / oversize)
nvkvm: DENY ctrl cmd 0xa06f0111 (not in allowlist / oversize)
nvkvm: DENY ctrl cmd 0xa06f0111 (not in allowlist / oversize)
nvkvm: DENY ctrl cmd 0xa06f0111 (not in allowlist / oversize)
nvkvm: DENY ctrl cmd 0xa06f0111 (not in allowlist / oversize)
nvkvm: DENY ctrl cmd 0xa06f0111 (not in allowlist / oversize)
nvkvm: DENY ctrl cmd 0xa06f0111 (not in allowlist / oversize)
nvkvm: DENY ctrl cmd 0xa06f0111 (not in allowlist / oversize)
nvkvm: DENY ctrl cmd 0xa06f0111 (not in allowlist / oversize)
nvkvm: DENY ctrl cmd 0xa06f0111 (not in allowlist / oversize)
nvkvm: DENY ctrl cmd 0xa06f0111 (not in allowlist / oversize)
nvkvm: DENY ctrl cmd 0xa06f0111 (not in allowlist / oversize)
nvkvm: DENY ctrl cmd 0xa06f0111 (not in allowlist / oversize)
nvkvm: DENY ctrl cmd 0xa06f0111 (not in allowlist / oversize)
nvkvm: DENY ctrl cmd 0xa06f0111 (not in allowlist / oversize)
nvkvm: DENY ctrl cmd 0xa06f0111 (not in allowlist / oversize)
nvkvm: DENY ctrl cmd 0xa06f0111 (not in allowlist / oversize)
nvkvm: DENY ctrl cmd 0xa06f0111 (not in allowlist / oversize)
nvkvm: DENY ctrl cmd 0xa06f0111 (not in allowlist / oversize)
nvkvm disp stats: 59.1 frames/s dropped=0 failed=0 present_mean=0.53ms (total consumed=8748 dropped=0 failed=1)
nvkvm: DENY ctrl cmd 0xa06f0111 (not in allowlist / oversize)
nvkvm: DENY ctrl cmd 0xa06f0111 (not in allowlist / oversize)
nvkvm: DENY ctrl cmd 0xa06f0111 (not in allowlist / oversize)
nvkvm: DENY ctrl cmd 0xa06f0111 (not in allowlist / oversize)
nvkvm: DENY ctrl cmd 0xa06f0111 (not in allowlist / oversize)
nvkvm: DENY ctrl cmd 0xa06f0111 (not in allowlist / oversize)
nvkvm: DENY ctrl cmd 0xa06f0111 (not in allowlist / oversize)
nvkvm: DENY ctrl cmd 0xa06f0111 (not in allowlist / oversize)
nvkvm: DENY ctrl cmd 0xa06f0111 (not in allowlist / oversize)
nvkvm: DENY ctrl cmd 0xa06f0111 (not in allowlist / oversize)
nvkvm: DENY ctrl cmd 0xa06f0111 (not in allowlist / oversize)
nvkvm: DENY ctrl cmd 0xa06f0111 (not in allowlist / oversize)
nvkvm: DENY ctrl cmd 0xa06f0111 (not in allowlist / oversize)
nvkvm: DENY ctrl cmd 0xa06f0111 (not in allowlist / oversize)
nvkvm: DENY ctrl cmd 0xa06f0111 (not in allowlist / oversize)
nvkvm: DENY ctrl cmd 0xa06f0111 (not in allowlist / oversize)
nvkvm: DENY ctrl cmd 0xa06f0111 (not in allowlist / oversize)
nvkvm: DENY ctrl cmd 0xa06f0111 (not in allowlist / oversize)
nvkvm: DENY ctrl cmd 0xa06f0111 (not in allowlist / oversize)
nvkvm: DENY ctrl cmd 0xa06f0111 (not in allowlist / oversize)
nvkvm: DENY ctrl cmd 0xa06f0111 (not in allowlist / oversize)
nvkvm: DENY ctrl cmd 0xa06f0111 (not in allowlist / oversize)
nvkvm: DENY ctrl cmd 0xa06f0111 (not in allowlist / oversize)
nvkvm: DENY ctrl cmd 0xa06f0111 (not in allowlist / oversize)
nvkvm: DENY ctrl cmd 0xa06f0111 (not in allowlist / oversize)
nvkvm: DENY ctrl cmd 0xa06f0111 (not in allowlist / oversize)
nvkvm: DENY ctrl cmd 0xa06f0111 (not in allowlist / oversize)
nvkvm: DENY ctrl cmd 0xa06f0111 (not in allowlist / oversize)
nvkvm: DENY ctrl cmd 0xa06f0111 (not in allowlist / oversize)
nvkvm: DENY ctrl cmd 0xa06f0111 (not in allowlist / oversize)
nvkvm: DENY ctrl cmd 0xa06f0111 (not in allowlist / oversize)
nvkvm: DENY ctrl cmd 0xa06f0111 (not in allowlist / oversize)
nvkvm: DENY ctrl cmd 0xa06f0111 (not in allowlist / oversize)
nvkvm: DENY ctrl cmd 0xa06f0111 (not in allowlist / oversize)
nvkvm: DENY ctrl cmd 0xa06f0111 (not in allowlist / oversize)
nvkvm: DENY ctrl cmd 0xa06f0111 (not in allowlist / oversize)
nvkvm: DENY ctrl cmd 0xa06f0111 (not in allowlist / oversize)
nvkvm: DENY ctrl cmd 0xa06f0111 (not in allowlist / oversize)
nvkvm: DENY ctrl cmd 0xa06f0111 (not in allowlist / oversize)
nvkvm: DENY ctrl cmd 0xa06f0111 (not in allowlist / oversize)
nvkvm: DENY ctrl cmd 0xa06f0111 (not in allowlist / oversize)
nvkvm: DENY ctrl cmd 0xa06f0111 (not in allowlist / oversize)
nvkvm: DENY ctrl cmd 0xa06f0111 (not in allowlist / oversize)
nvkvm: DENY ctrl cmd 0xa06f0111 (not in allowlist / oversize)
nvkvm: DENY ctrl cmd 0xa06f0111 (not in allowlist / oversize)
nvkvm: DENY ctrl cmd 0xa06f0111 (not in allowlist / oversize)
nvkvm: DENY ctrl cmd 0xa06f0111 (not in allowlist / oversize)
nvkvm: DENY ctrl cmd 0xa06f0111 (not in allowlist / oversize)
nvkvm: DENY ctrl cmd 0xa06f0111 (not in allowlist / oversize)
nvkvm: DENY ctrl cmd 0xa06f0111 (not in allowlist / oversize)
nvkvm: DENY ctrl cmd 0xa06f0111 (not in allowlist / oversize)
nvkvm: DENY ctrl cmd 0xa06f0111 (not in allowlist / oversize)
nvkvm: DENY ctrl cmd 0xa06f0111 (not in allowlist / oversize)
nvkvm: DENY ctrl cmd 0xa06f0111 (not in allowlist / oversize)
nvkvm: DENY ctrl cmd 0xa06f0111 (not in allowlist / oversize)
nvkvm: DENY ctrl cmd 0xa06f0111 (not in allowlist / oversize)
nvkvm: DENY ctrl cmd 0xa06f0111 (not in allowlist / oversize)
nvkvm: DENY ctrl cmd 0xa06f0111 (not in allowlist / oversize)
nvkvm: DENY ctrl cmd 0xa06f0111 (not in allowlist / oversize)
nvkvm disp stats: 58.9 frames/s dropped=0 failed=0 present_mean=0.54ms (total consumed=8807 dropped=0 failed=1)
nvkvm: DENY ctrl cmd 0xa06f0111 (not in allowlist / oversize)
nvkvm: DENY ctrl cmd 0xa06f0111 (not in allowlist / oversize)
nvkvm: DENY ctrl cmd 0xa06f0111 (not in allowlist / oversize)
nvkvm: DENY ctrl cmd 0xa06f0111 (not in allowlist / oversize)
nvkvm: DENY ctrl cmd 0xa06f0111 (not in allowlist / oversize)
nvkvm: DENY ctrl cmd 0xa06f0111 (not in allowlist / oversize)
nvkvm: DENY ctrl cmd 0xa06f0111 (not in allowlist / oversize)
nvkvm: DENY ctrl cmd 0xa06f0111 (not in allowlist / oversize)
nvkvm: DENY ctrl cmd 0xa06f0111 (not in allowlist / oversize)
nvkvm: DENY ctrl cmd 0xa06f0111 (not in allowlist / oversize)
nvkvm: DENY ctrl cmd 0xa06f0111 (not in allowlist / oversize)
nvkvm: DENY ctrl cmd 0xa06f0111 (not in allowlist / oversize)
nvkvm: DENY ctrl cmd 0xa06f0111 (not in allowlist / oversize)
nvkvm: DENY ctrl cmd 0xa06f0111 (not in allowlist / oversize)
nvkvm: DENY ctrl cmd 0xa06f0111 (not in allowlist / oversize)
nvkvm: DENY ctrl cmd 0xa06f0111 (not in allowlist / oversize)
nvkvm: DENY ctrl cmd 0xa06f0111 (not in allowlist / oversize)
nvkvm: DENY ctrl cmd 0xa06f0111 (not in allowlist / oversize)
nvkvm: DENY ctrl cmd 0xa06f0111 (not in allowlist / oversize)
nvkvm: DENY ctrl cmd 0xa06f0111 (not in allowlist / oversize)
nvkvm: DENY ctrl cmd 0xa06f0111 (not in allowlist / oversize)
nvkvm: DENY ctrl cmd 0xa06f0111 (not in allowlist / oversize)
nvkvm: DENY ctrl cmd 0xa06f0111 (not in allowlist / oversize)
nvkvm: DENY ctrl cmd 0xa06f0111 (not in allowlist / oversize)
nvkvm: DENY ctrl cmd 0xa06f0111 (not in allowlist / oversize)
nvkvm: DENY ctrl cmd 0xa06f0111 (not in allowlist / oversize)
nvkvm: DENY ctrl cmd 0xa06f0111 (not in allowlist / oversize)
nvkvm: DENY ctrl cmd 0xa06f0111 (not in allowlist / oversize)
nvkvm: DENY ctrl cmd 0xa06f0111 (not in allowlist / oversize)
nvkvm: DENY ctrl cmd 0xa06f0111 (not in allowlist / oversize)
nvkvm: DENY ctrl cmd 0xa06f0111 (not in allowlist / oversize)
nvkvm: DENY ctrl cmd 0xa06f0111 (not in allowlist / oversize)
nvkvm: DENY ctrl cmd 0xa06f0111 (not in allowlist / oversize)
nvkvm: DENY ctrl cmd 0xa06f0111 (not in allowlist / oversize)
nvkvm: DENY ctrl cmd 0xa06f0111 (not in allowlist / oversize)
nvkvm: DENY ctrl cmd 0xa06f0111 (not in allowlist / oversize)
nvkvm: DENY ctrl cmd 0xa06f0111 (not in allowlist / oversize)
nvkvm: DENY ctrl cmd 0xa06f0111 (not in allowlist / oversize)
nvkvm: DENY ctrl cmd 0xa06f0111 (not in allowlist / oversize)
nvkvm: DENY ctrl cmd 0xa06f0111 (not in allowlist / oversize)
nvkvm: DENY ctrl cmd 0xa06f0111 (not in allowlist / oversize)
nvkvm: DENY ctrl cmd 0xa06f0111 (not in allowlist / oversize)
nvkvm: DENY ctrl cmd 0xa06f0111 (not in allowlist / oversize)
nvkvm: DENY ctrl cmd 0xa06f0111 (not in allowlist / oversize)
nvkvm: DENY ctrl cmd 0xa06f0111 (not in allowlist / oversize)
nvkvm: DENY ctrl cmd 0xa06f0111 (not in allowlist / oversize)
nvkvm: DENY ctrl cmd 0xa06f0111 (not in allowlist / oversize)
nvkvm: DENY ctrl cmd 0xa06f0111 (not in allowlist / oversize)
nvkvm: DENY ctrl cmd 0xa06f0111 (not in allowlist / oversize)
nvkvm: DENY ctrl cmd 0xa06f0111 (not in allowlist / oversize)
nvkvm: DENY ctrl cmd 0xa06f0111 (not in allowlist / oversize)
nvkvm: DENY ctrl cmd 0xa06f0111 (not in allowlist / oversize)
nvkvm: DENY ctrl cmd 0xa06f0111 (not in allowlist / oversize)
nvkvm: DENY ctrl cmd 0xa06f0111 (not in allowlist / oversize)
nvkvm: DENY ctrl cmd 0xa06f0111 (not in allowlist / oversize)
nvkvm: DENY ctrl cmd 0xa06f0111 (not in allowlist / oversize)
nvkvm: DENY ctrl cmd 0xa06f0111 (not in allowlist / oversize)
nvkvm: DENY ctrl cmd 0xa06f0111 (not in allowlist / oversize)
nvkvm: DENY ctrl cmd 0xa06f0111 (not in allowlist / oversize)
nvkvm: DENY ctrl cmd 0xa06f0111 (not in allowlist / oversize)
nvkvm disp stats: 59.9 frames/s dropped=0 failed=0 present_mean=0.56ms (total consumed=8867 dropped=0 failed=1)
nvkvm: DENY ctrl cmd 0xa06f0111 (not in allowlist / oversize)
nvkvm: DENY ctrl cmd 0xa06f0111 (not in allowlist / oversize)
nvkvm: DENY ctrl cmd 0xa06f0111 (not in allowlist / oversize)
nvkvm: DENY ctrl cmd 0xa06f0111 (not in allowlist / oversize)
nvkvm: DENY ctrl cmd 0xa06f0111 (not in allowlist / oversize)
nvkvm: DENY ctrl cmd 0xa06f0111 (not in allowlist / oversize)
nvkvm: DENY ctrl cmd 0xa06f0111 (not in allowlist / oversize)
nvkvm: DENY ctrl cmd 0xa06f0111 (not in allowlist / oversize)
nvkvm: DENY ctrl cmd 0xa06f0111 (not in allowlist / oversize)
nvkvm: DENY ctrl cmd 0xa06f0111 (not in allowlist / oversize)
nvkvm: DENY ctrl cmd 0xa06f0111 (not in allowlist / oversize)
nvkvm: DENY ctrl cmd 0xa06f0111 (not in allowlist / oversize)
nvkvm: DENY ctrl cmd 0xa06f0111 (not in allowlist / oversize)
nvkvm: DENY ctrl cmd 0xa06f0111 (not in allowlist / oversize)
nvkvm: DENY ctrl cmd 0xa06f0111 (not in allowlist / oversize)
nvkvm: DENY ctrl cmd 0xa06f0111 (not in allowlist / oversize)
nvkvm: DENY ctrl cmd 0xa06f0111 (not in allowlist / oversize)
nvkvm: DENY ctrl cmd 0xa06f0111 (not in allowlist / oversize)
nvkvm: DENY ctrl cmd 0xa06f0111 (not in allowlist / oversize)
nvkvm: DENY ctrl cmd 0xa06f0111 (not in allowlist / oversize)
nvkvm: DENY ctrl cmd 0xa06f0111 (not in allowlist / oversize)
nvkvm: DENY ctrl cmd 0xa06f0111 (not in allowlist / oversize)
nvkvm: DENY ctrl cmd 0xa06f0111 (not in allowlist / oversize)
nvkvm: DENY ctrl cmd 0xa06f0111 (not in allowlist / oversize)
nvkvm: DENY ctrl cmd 0xa06f0111 (not in allowlist / oversize)
nvkvm: DENY ctrl cmd 0xa06f0111 (not in allowlist / oversize)
nvkvm: DENY ctrl cmd 0xa06f0111 (not in allowlist / oversize)
nvkvm: DENY ctrl cmd 0xa06f0111 (not in allowlist / oversize)
nvkvm: DENY ctrl cmd 0xa06f0111 (not in allowlist / oversize)
nvkvm: DENY ctrl cmd 0xa06f0111 (not in allowlist / oversize)
nvkvm: DENY ctrl cmd 0xa06f0111 (not in allowlist / oversize)
nvkvm: DENY ctrl cmd 0xa06f0111 (not in allowlist / oversize)
nvkvm: DENY ctrl cmd 0xa06f0111 (not in allowlist / oversize)
nvkvm: DENY ctrl cmd 0xa06f0111 (not in allowlist / oversize)
nvkvm: DENY ctrl cmd 0xa06f0111 (not in allowlist / oversize)
nvkvm: DENY ctrl cmd 0xa06f0111 (not in allowlist / oversize)
nvkvm: DENY ctrl cmd 0xa06f0111 (not in allowlist / oversize)
nvkvm: DENY ctrl cmd 0xa06f0111 (not in allowlist / oversize)
nvkvm: DENY ctrl cmd 0xa06f0111 (not in allowlist / oversize)
nvkvm: DENY ctrl cmd 0xa06f0111 (not in allowlist / oversize)
nvkvm: DENY ctrl cmd 0xa06f0111 (not in allowlist / oversize)
nvkvm: DENY ctrl cmd 0xa06f0111 (not in allowlist / oversize)
nvkvm: DENY ctrl cmd 0xa06f0111 (not in allowlist / oversize)
nvkvm: DENY ctrl cmd 0xa06f0111 (not in allowlist / oversize)
nvkvm: DENY ctrl cmd 0xa06f0111 (not in allowlist / oversize)
nvkvm: DENY ctrl cmd 0xa06f0111 (not in allowlist / oversize)
nvkvm: DENY ctrl cmd 0xa06f0111 (not in allowlist / oversize)
nvkvm: DENY ctrl cmd 0xa06f0111 (not in allowlist / oversize)
nvkvm: DENY ctrl cmd 0xa06f0111 (not in allowlist / oversize)
nvkvm: DENY ctrl cmd 0xa06f0111 (not in allowlist / oversize)
nvkvm: DENY ctrl cmd 0xa06f0111 (not in allowlist / oversize)
nvkvm: DENY ctrl cmd 0xa06f0111 (not in allowlist / oversize)
nvkvm: DENY ctrl cmd 0xa06f0111 (not in allowlist / oversize)
nvkvm: DENY ctrl cmd 0xa06f0111 (not in allowlist / oversize)
nvkvm: DENY ctrl cmd 0xa06f0111 (not in allowlist / oversize)
nvkvm: DENY ctrl cmd 0xa06f0111 (not in allowlist / oversize)
nvkvm: DENY ctrl cmd 0xa06f0111 (not in allowlist / oversize)
nvkvm: DENY ctrl cmd 0xa06f0111 (not in allowlist / oversize)
nvkvm: DENY ctrl cmd 0xa06f0111 (not in allowlist / oversize)
nvkvm: DENY ctrl cmd 0xa06f0111 (not in allowlist / oversize)
nvkvm disp stats: 59.1 frames/s dropped=0 failed=0 present_mean=0.58ms (total consumed=8927 dropped=0 failed=1)
nvkvm: DENY ctrl cmd 0xa06f0111 (not in allowlist / oversize)
nvkvm: DENY ctrl cmd 0xa06f0111 (not in allowlist / oversize)
nvkvm: DENY ctrl cmd 0xa06f0111 (not in allowlist / oversize)
nvkvm: DENY ctrl cmd 0xa06f0111 (not in allowlist / oversize)
nvkvm: DENY ctrl cmd 0xa06f0111 (not in allowlist / oversize)
nvkvm: DENY ctrl cmd 0xa06f0111 (not in allowlist / oversize)
nvkvm: DENY ctrl cmd 0xa06f0111 (not in allowlist / oversize)
nvkvm: DENY ctrl cmd 0xa06f0111 (not in allowlist / oversize)
nvkvm: DENY ctrl cmd 0xa06f0111 (not in allowlist / oversize)
nvkvm: DENY ctrl cmd 0xa06f0111 (not in allowlist / oversize)
nvkvm: DENY ctrl cmd 0xa06f0111 (not in allowlist / oversize)
nvkvm: DENY ctrl cmd 0xa06f0111 (not in allowlist / oversize)
nvkvm: DENY ctrl cmd 0xa06f0111 (not in allowlist / oversize)
nvkvm: DENY ctrl cmd 0xa06f0111 (not in allowlist / oversize)
nvkvm: DENY ctrl cmd 0xa06f0111 (not in allowlist / oversize)
nvkvm: DENY ctrl cmd 0xa06f0111 (not in allowlist / oversize)
nvkvm: DENY ctrl cmd 0xa06f0111 (not in allowlist / oversize)
nvkvm: DENY ctrl cmd 0xa06f0111 (not in allowlist / oversize)
nvkvm: DENY ctrl cmd 0xa06f0111 (not in allowlist / oversize)
nvkvm: DENY ctrl cmd 0xa06f0111 (not in allowlist / oversize)
nvkvm: DENY ctrl cmd 0xa06f0111 (not in allowlist / oversize)
nvkvm: DENY ctrl cmd 0xa06f0111 (not in allowlist / oversize)
nvkvm: DENY ctrl cmd 0xa06f0111 (not in allowlist / oversize)
nvkvm: DENY ctrl cmd 0xa06f0111 (not in allowlist / oversize)
nvkvm: DENY ctrl cmd 0xa06f0111 (not in allowlist / oversize)
nvkvm: DENY ctrl cmd 0xa06f0111 (not in allowlist / oversize)
nvkvm: DENY ctrl cmd 0xa06f0111 (not in allowlist / oversize)
nvkvm: DENY ctrl cmd 0xa06f0111 (not in allowlist / oversize)
nvkvm: DENY ctrl cmd 0xa06f0111 (not in allowlist / oversize)
nvkvm: DENY ctrl cmd 0xa06f0111 (not in allowlist / oversize)
nvkvm: DENY ctrl cmd 0xa06f0111 (not in allowlist / oversize)
nvkvm: DENY ctrl cmd 0xa06f0111 (not in allowlist / oversize)
nvkvm: DENY ctrl cmd 0xa06f0111 (not in allowlist / oversize)
nvkvm: DENY ctrl cmd 0xa06f0111 (not in allowlist / oversize)
nvkvm: DENY ctrl cmd 0xa06f0111 (not in allowlist / oversize)
nvkvm: DENY ctrl cmd 0xa06f0111 (not in allowlist / oversize)
nvkvm: DENY ctrl cmd 0xa06f0111 (not in allowlist / oversize)
nvkvm: DENY ctrl cmd 0xa06f0111 (not in allowlist / oversize)
nvkvm: DENY ctrl cmd 0xa06f0111 (not in allowlist / oversize)
nvkvm: DENY ctrl cmd 0xa06f0111 (not in allowlist / oversize)
nvkvm: DENY ctrl cmd 0xa06f0111 (not in allowlist / oversize)
nvkvm: DENY ctrl cmd 0xa06f0111 (not in allowlist / oversize)
nvkvm: DENY ctrl cmd 0xa06f0111 (not in allowlist / oversize)
nvkvm: DENY ctrl cmd 0xa06f0111 (not in allowlist / oversize)
nvkvm: DENY ctrl cmd 0xa06f0111 (not in allowlist / oversize)
nvkvm: DENY ctrl cmd 0xa06f0111 (not in allowlist / oversize)
nvkvm: DENY ctrl cmd 0xa06f0111 (not in allowlist / oversize)
nvkvm: DENY ctrl cmd 0xa06f0111 (not in allowlist / oversize)
nvkvm: DENY ctrl cmd 0xa06f0111 (not in allowlist / oversize)
nvkvm: DENY ctrl cmd 0xa06f0111 (not in allowlist / oversize)
nvkvm: DENY ctrl cmd 0xa06f0111 (not in allowlist / oversize)
nvkvm: DENY ctrl cmd 0xa06f0111 (not in allowlist / oversize)
nvkvm: DENY ctrl cmd 0xa06f0111 (not in allowlist / oversize)
nvkvm: DENY ctrl cmd 0xa06f0111 (not in allowlist / oversize)
nvkvm: DENY ctrl cmd 0xa06f0111 (not in allowlist / oversize)
nvkvm: DENY ctrl cmd 0xa06f0111 (not in allowlist / oversize)
nvkvm: DENY ctrl cmd 0xa06f0111 (not in allowlist / oversize)
nvkvm: DENY ctrl cmd 0xa06f0111 (not in allowlist / oversize)
nvkvm: DENY ctrl cmd 0xa06f0111 (not in allowlist / oversize)
nvkvm: DENY ctrl cmd 0xa06f0111 (not in allowlist / oversize)
nvkvm: DENY ctrl cmd 0xa06f0111 (not in allowlist / oversize)
nvkvm disp stats: 60.0 frames/s dropped=0 failed=0 present_mean=0.65ms (total consumed=8988 dropped=0 failed=1)
nvkvm: DENY ctrl cmd 0xa06f0111 (not in allowlist / oversize)
nvkvm: DENY ctrl cmd 0xa06f0111 (not in allowlist / oversize)
nvkvm: DENY ctrl cmd 0xa06f0111 (not in allowlist / oversize)
nvkvm: DENY ctrl cmd 0xa06f0111 (not in allowlist / oversize)
nvkvm: DENY ctrl cmd 0xa06f0111 (not in allowlist / oversize)
nvkvm: DENY ctrl cmd 0xa06f0111 (not in allowlist / oversize)
nvkvm: DENY ctrl cmd 0xa06f0111 (not in allowlist / oversize)
nvkvm: DENY ctrl cmd 0xa06f0111 (not in allowlist / oversize)
nvkvm: DENY ctrl cmd 0xa06f0111 (not in allowlist / oversize)
nvkvm: DENY ctrl cmd 0xa06f0111 (not in allowlist / oversize)
nvkvm: DENY ctrl cmd 0xa06f0111 (not in allowlist / oversize)
nvkvm: DENY ctrl cmd 0xa06f0111 (not in allowlist / oversize)
nvkvm: DENY ctrl cmd 0xa06f0111 (not in allowlist / oversize)
nvkvm: DENY ctrl cmd 0xa06f0111 (not in allowlist / oversize)
nvkvm: DENY ctrl cmd 0xa06f0111 (not in allowlist / oversize)
nvkvm: DENY ctrl cmd 0xa06f0111 (not in allowlist / oversize)
nvkvm: DENY ctrl cmd 0xa06f0111 (not in allowlist / oversize)
nvkvm: DENY ctrl cmd 0xa06f0111 (not in allowlist / oversize)
nvkvm: DENY ctrl cmd 0xa06f0111 (not in allowlist / oversize)
nvkvm: DENY ctrl cmd 0xa06f0111 (not in allowlist / oversize)
nvkvm: DENY ctrl cmd 0xa06f0111 (not in allowlist / oversize)
nvkvm: DENY ctrl cmd 0xa06f0111 (not in allowlist / oversize)
nvkvm: DENY ctrl cmd 0xa06f0111 (not in allowlist / oversize)
nvkvm: DENY ctrl cmd 0xa06f0111 (not in allowlist / oversize)
nvkvm: DENY ctrl cmd 0xa06f0111 (not in allowlist / oversize)
nvkvm: DENY ctrl cmd 0xa06f0111 (not in allowlist / oversize)
nvkvm: DENY ctrl cmd 0xa06f0111 (not in allowlist / oversize)
nvkvm: DENY ctrl cmd 0xa06f0111 (not in allowlist / oversize)
nvkvm: DENY ctrl cmd 0xa06f0111 (not in allowlist / oversize)
nvkvm: DENY ctrl cmd 0xa06f0111 (not in allowlist / oversize)
nvkvm: DENY ctrl cmd 0xa06f0111 (not in allowlist / oversize)
nvkvm: DENY ctrl cmd 0xa06f0111 (not in allowlist / oversize)
nvkvm: DENY ctrl cmd 0xa06f0111 (not in allowlist / oversize)
nvkvm: DENY ctrl cmd 0xa06f0111 (not in allowlist / oversize)
nvkvm: DENY ctrl cmd 0xa06f0111 (not in allowlist / oversize)
nvkvm: DENY ctrl cmd 0xa06f0111 (not in allowlist / oversize)
nvkvm: DENY ctrl cmd 0xa06f0111 (not in allowlist / oversize)
nvkvm: DENY ctrl cmd 0xa06f0111 (not in allowlist / oversize)
nvkvm: DENY ctrl cmd 0xa06f0111 (not in allowlist / oversize)
nvkvm: DENY ctrl cmd 0xa06f0111 (not in allowlist / oversize)
nvkvm: DENY ctrl cmd 0xa06f0111 (not in allowlist / oversize)
nvkvm: DENY ctrl cmd 0xa06f0111 (not in allowlist / oversize)
nvkvm: DENY ctrl cmd 0xa06f0111 (not in allowlist / oversize)
nvkvm: DENY ctrl cmd 0xa06f0111 (not in allowlist / oversize)
nvkvm: DENY ctrl cmd 0xa06f0111 (not in allowlist / oversize)
nvkvm: DENY ctrl cmd 0xa06f0111 (not in allowlist / oversize)
nvkvm: DENY ctrl cmd 0xa06f0111 (not in allowlist / oversize)
nvkvm: DENY ctrl cmd 0xa06f0111 (not in allowlist / oversize)
nvkvm: DENY ctrl cmd 0xa06f0111 (not in allowlist / oversize)
nvkvm: DENY ctrl cmd 0xa06f0111 (not in allowlist / oversize)
nvkvm: DENY ctrl cmd 0xa06f0111 (not in allowlist / oversize)
nvkvm: DENY ctrl cmd 0xa06f0111 (not in allowlist / oversize)
nvkvm: DENY ctrl cmd 0xa06f0111 (not in allowlist / oversize)
nvkvm: DENY ctrl cmd 0xa06f0111 (not in allowlist / oversize)
nvkvm: DENY ctrl cmd 0xa06f0111 (not in allowlist / oversize)
nvkvm: DENY ctrl cmd 0xa06f0111 (not in allowlist / oversize)
nvkvm: DENY ctrl cmd 0xa06f0111 (not in allowlist / oversize)
nvkvm: DENY ctrl cmd 0xa06f0111 (not in allowlist / oversize)
nvkvm: DENY ctrl cmd 0xa06f0111 (not in allowlist / oversize)
nvkvm: DENY ctrl cmd 0xa06f0111 (not in allowlist / oversize)
nvkvm disp stats: 59.9 frames/s dropped=0 failed=0 present_mean=0.53ms (total consumed=9048 dropped=0 failed=1)
nvkvm: DENY ctrl cmd 0xa06f0111 (not in allowlist / oversize)
nvkvm: DENY ctrl cmd 0xa06f0111 (not in allowlist / oversize)
nvkvm: DENY ctrl cmd 0xa06f0111 (not in allowlist / oversize)
nvkvm: DENY ctrl cmd 0xa06f0111 (not in allowlist / oversize)
nvkvm: DENY ctrl cmd 0xa06f0111 (not in allowlist / oversize)
nvkvm: DENY ctrl cmd 0xa06f0111 (not in allowlist / oversize)
nvkvm: DENY ctrl cmd 0xa06f0111 (not in allowlist / oversize)
nvkvm: DENY ctrl cmd 0xa06f0111 (not in allowlist / oversize)
nvkvm: DENY ctrl cmd 0xa06f0111 (not in allowlist / oversize)
nvkvm: DENY ctrl cmd 0xa06f0111 (not in allowlist / oversize)
nvkvm: DENY ctrl cmd 0xa06f0111 (not in allowlist / oversize)
nvkvm: DENY ctrl cmd 0xa06f0111 (not in allowlist / oversize)
nvkvm: DENY ctrl cmd 0xa06f0111 (not in allowlist / oversize)
nvkvm: DENY ctrl cmd 0xa06f0111 (not in allowlist / oversize)
nvkvm: DENY ctrl cmd 0xa06f0111 (not in allowlist / oversize)
nvkvm: DENY ctrl cmd 0xa06f0111 (not in allowlist / oversize)
nvkvm: DENY ctrl cmd 0xa06f0111 (not in allowlist / oversize)
nvkvm: DENY ctrl cmd 0xa06f0111 (not in allowlist / oversize)
nvkvm: DENY ctrl cmd 0xa06f0111 (not in allowlist / oversize)
nvkvm: DENY ctrl cmd 0xa06f0111 (not in allowlist / oversize)
nvkvm: DENY ctrl cmd 0xa06f0111 (not in allowlist / oversize)
nvkvm: DENY ctrl cmd 0xa06f0111 (not in allowlist / oversize)
nvkvm: DENY ctrl cmd 0xa06f0111 (not in allowlist / oversize)
nvkvm: DENY ctrl cmd 0xa06f0111 (not in allowlist / oversize)
nvkvm: DENY ctrl cmd 0xa06f0111 (not in allowlist / oversize)
nvkvm: DENY ctrl cmd 0xa06f0111 (not in allowlist / oversize)
nvkvm: DENY ctrl cmd 0xa06f0111 (not in allowlist / oversize)
nvkvm: DENY ctrl cmd 0xa06f0111 (not in allowlist / oversize)
nvkvm: DENY ctrl cmd 0xa06f0111 (not in allowlist / oversize)
nvkvm: DENY ctrl cmd 0xa06f0111 (not in allowlist / oversize)
nvkvm: DENY ctrl cmd 0xa06f0111 (not in allowlist / oversize)
nvkvm: DENY ctrl cmd 0xa06f0111 (not in allowlist / oversize)
nvkvm: DENY ctrl cmd 0xa06f0111 (not in allowlist / oversize)
nvkvm: DENY ctrl cmd 0xa06f0111 (not in allowlist / oversize)
nvkvm: DENY ctrl cmd 0xa06f0111 (not in allowlist / oversize)
nvkvm: DENY ctrl cmd 0xa06f0111 (not in allowlist / oversize)
nvkvm: DENY ctrl cmd 0xa06f0111 (not in allowlist / oversize)
nvkvm: DENY ctrl cmd 0xa06f0111 (not in allowlist / oversize)
nvkvm: DENY ctrl cmd 0xa06f0111 (not in allowlist / oversize)
nvkvm: DENY ctrl cmd 0xa06f0111 (not in allowlist / oversize)
nvkvm: DENY ctrl cmd 0xa06f0111 (not in allowlist / oversize)
nvkvm: DENY ctrl cmd 0xa06f0111 (not in allowlist / oversize)
nvkvm: DENY ctrl cmd 0xa06f0111 (not in allowlist / oversize)
nvkvm: DENY ctrl cmd 0xa06f0111 (not in allowlist / oversize)
nvkvm: DENY ctrl cmd 0xa06f0111 (not in allowlist / oversize)
nvkvm: DENY ctrl cmd 0xa06f0111 (not in allowlist / oversize)
nvkvm: DENY ctrl cmd 0xa06f0111 (not in allowlist / oversize)
nvkvm: DENY ctrl cmd 0xa06f0111 (not in allowlist / oversize)
nvkvm: DENY ctrl cmd 0xa06f0111 (not in allowlist / oversize)
nvkvm: DENY ctrl cmd 0xa06f0111 (not in allowlist / oversize)
nvkvm: DENY ctrl cmd 0xa06f0111 (not in allowlist / oversize)
nvkvm: DENY ctrl cmd 0xa06f0111 (not in allowlist / oversize)
nvkvm: DENY ctrl cmd 0xa06f0111 (not in allowlist / oversize)
nvkvm: DENY ctrl cmd 0xa06f0111 (not in allowlist / oversize)
nvkvm: DENY ctrl cmd 0xa06f0111 (not in allowlist / oversize)
nvkvm: DENY ctrl cmd 0xa06f0111 (not in allowlist / oversize)
nvkvm: DENY ctrl cmd 0xa06f0111 (not in allowlist / oversize)
nvkvm: DENY ctrl cmd 0xa06f0111 (not in allowlist / oversize)
nvkvm: DENY ctrl cmd 0xa06f0111 (not in allowlist / oversize)
nvkvm: DENY ctrl cmd 0xa06f0111 (not in allowlist / oversize)
nvkvm disp stats: 60.0 frames/s dropped=0 failed=0 present_mean=0.63ms (total consumed=9108 dropped=0 failed=1)
nvkvm: DENY ctrl cmd 0xa06f0111 (not in allowlist / oversize)
nvkvm: DENY ctrl cmd 0xa06f0111 (not in allowlist / oversize)
nvkvm: DENY ctrl cmd 0xa06f0111 (not in allowlist / oversize)
nvkvm: DENY ctrl cmd 0xa06f0111 (not in allowlist / oversize)
nvkvm: DENY ctrl cmd 0xa06f0111 (not in allowlist / oversize)
nvkvm: DENY ctrl cmd 0xa06f0111 (not in allowlist / oversize)
nvkvm: DENY ctrl cmd 0xa06f0111 (not in allowlist / oversize)
nvkvm: DENY ctrl cmd 0xa06f0111 (not in allowlist / oversize)
nvkvm: DENY ctrl cmd 0xa06f0111 (not in allowlist / oversize)
nvkvm: DENY ctrl cmd 0xa06f0111 (not in allowlist / oversize)
nvkvm: DENY ctrl cmd 0xa06f0111 (not in allowlist / oversize)
nvkvm: DENY ctrl cmd 0xa06f0111 (not in allowlist / oversize)
nvkvm: DENY ctrl cmd 0xa06f0111 (not in allowlist / oversize)
nvkvm: DENY ctrl cmd 0xa06f0111 (not in allowlist / oversize)
nvkvm: DENY ctrl cmd 0xa06f0111 (not in allowlist / oversize)
nvkvm: DENY ctrl cmd 0xa06f0111 (not in allowlist / oversize)
nvkvm: DENY ctrl cmd 0xa06f0111 (not in allowlist / oversize)
nvkvm: DENY ctrl cmd 0xa06f0111 (not in allowlist / oversize)
nvkvm: DENY ctrl cmd 0xa06f0111 (not in allowlist / oversize)
nvkvm: DENY ctrl cmd 0xa06f0111 (not in allowlist / oversize)
nvkvm: DENY ctrl cmd 0xa06f0111 (not in allowlist / oversize)
nvkvm: DENY ctrl cmd 0xa06f0111 (not in allowlist / oversize)
nvkvm: DENY ctrl cmd 0xa06f0111 (not in allowlist / oversize)
nvkvm: DENY ctrl cmd 0xa06f0111 (not in allowlist / oversize)
nvkvm: DENY ctrl cmd 0xa06f0111 (not in allowlist / oversize)
nvkvm: DENY ctrl cmd 0xa06f0111 (not in allowlist / oversize)
nvkvm: DENY ctrl cmd 0xa06f0111 (not in allowlist / oversize)
nvkvm: DENY ctrl cmd 0xa06f0111 (not in allowlist / oversize)
nvkvm: DENY ctrl cmd 0xa06f0111 (not in allowlist / oversize)
nvkvm: DENY ctrl cmd 0xa06f0111 (not in allowlist / oversize)
nvkvm: DENY ctrl cmd 0xa06f0111 (not in allowlist / oversize)
nvkvm: DENY ctrl cmd 0xa06f0111 (not in allowlist / oversize)
nvkvm: DENY ctrl cmd 0xa06f0111 (not in allowlist / oversize)
nvkvm: DENY ctrl cmd 0xa06f0111 (not in allowlist / oversize)
nvkvm: DENY ctrl cmd 0xa06f0111 (not in allowlist / oversize)
nvkvm: DENY ctrl cmd 0xa06f0111 (not in allowlist / oversize)
nvkvm: DENY ctrl cmd 0xa06f0111 (not in allowlist / oversize)
nvkvm: DENY ctrl cmd 0xa06f0111 (not in allowlist / oversize)
nvkvm: DENY ctrl cmd 0xa06f0111 (not in allowlist / oversize)
nvkvm: DENY ctrl cmd 0xa06f0111 (not in allowlist / oversize)
nvkvm: DENY ctrl cmd 0xa06f0111 (not in allowlist / oversize)
nvkvm: DENY ctrl cmd 0xa06f0111 (not in allowlist / oversize)
